N,T1,T2,alt,dp1,dp1_dot,dp2,dp2_dot,dy1,dy1_dot,dy2,dy2_dot,fault,iters,lands,margin,outcome,p,phi,pos_err,psi,q,r,rate_deg,regime,sample,section,structure,theta,tilt_deg,u,v,v_horiz,v_vert,w,wall,x_E,y_E
64,7125.649504764204,6963.632096006506,1108.1217068247497,0.9427895620465279,0.0027614962309598923,1.307058504782617,-0.886413624510169,-1.4767299704253674,2.163023041561246,1.0213054083287716,-0.9647910688072443,chugging,51,True,0.6009009303745106,land,0.7090636510401964,0.5846735537052155,0.0012171364527944664,-10.461560636758804,-2.1113319508731365,-0.3149701002985239,0.056324058261046674,approach,0,2.3,additive,-0.41836999356746674,0.07610279992821045,-8.150382321327925,2.856412036344409,0.0011091869389972388,1.802702791123532,12.860783864744008,25.018221855163574,-106.97843208909035,58.35238629952073
54,6214.4124176185,5554.029768788721,861.8320903740823,-0.2400746801868081,-0.23476293683052063,-0.4411317855119705,1.0031248088926077,0.7235417738556862,-2.6241787802428007,-0.666746947914362,1.9913019631057978,chugging,55,True,0.6020090703682599,land,-0.9499618615955114,-0.6414377242326736,0.0007515165997051934,2.9919951036572456,1.1206124480813742,1.847838643938303,0.0462985101154373,approach,1,2.3,additive,7.106673836708069,0.0474871346685908,-13.720513042062521,-2.7262569591403008,0.0007629856213589343,1.8060272111047797,3.671756642870605,21.224295139312744,332.9017444513738,-47.0265869051218
70,6550.754741944303,6302.821493247606,1248.5290432348847,0.5612527616322041,2.576894609257579,-1.2962474869564176,-2.387236498296261,1.2591139767318964,-1.0003954153507948,0.002819996327161789,0.44364222697913647,chugging,78,True,0.6013115780799166,land,-2.1032006051391363,6.56068354845047,1.0216988845496246e-05,8.346214732155204,1.8761801719665527,0.9652323201298714,0.03509186508110003,approach,2,2.3,additive,2.17937433719635,0.005712539710387069,-2.5771918706595898,-1.4332938473671675,0.0003302450531194607,1.8039347342397498,9.209183184430003,28.4576678276062,108.15148781985044,195.76595816761255
60,5639.363487125934,5832.9963982885065,1002.7572756633162,-1.2647007973864675,-2.4353580325841904,0.4299999587237835,2.5023370049893856,-0.47810730524361134,0.5874027628451586,-1.3124121017754078,-2.606096176430583,chugging,180,True,0.6009007198799315,land,2.6122110206633806,-6.7424409836530685,0.0010852942688427103,-0.9325394500046968,-0.8856437858194113,-2.497001526877284,0.054491489930852996,approach,3,2.3,additive,-5.3662078231573105,0.07008251655345593,-18.061749394983053,1.5777921862900257,0.0010782643052639374,1.8027021596397947,24.2576090618968,44.14171004295349,-331.34961081668735,-185.9157015569508
55,6414.247398746602,6048.427136065346,869.0436162985861,-0.716677101328969,-2.170508014038205,-0.9399118954315782,-0.28885116800665855,-0.10503369849175215,1.016823934391141,1.209449389949441,-0.2997507154941559,chugging,195,True,0.6009991302221367,land,-0.6755174361169338,5.702700659632683,0.0024108107903127738,12.310242326930165,2.813845982775092,-2.2321047205477953,0.02978399723446858,approach,4,2.3,additive,0.05911850929260254,0.13408504569628765,-16.069465782493353,0.592265035957098,0.0013763198348665728,1.80299739066641,15.740647399798036,34.051069259643555,-261.3517780788243,336.05329394340515
65,5504.675123611937,6518.266350341,1114.8497086949646,1.4197546290233731,2.0274958312511444,0.30584245920181274,0.07743430137634277,0.8823776403442025,-0.5826933514326811,-0.10507353208959103,2.650482852011919,chugging,66,True,0.6016139180526774,land,0.9868197105824947,-5.509709924459457,0.0022054818751679477,-4.8933187779039145,-0.3233414255082607,0.6704901270568371,0.03760056618697606,approach,5,2.3,additive,-7.497907027602196,0.1231946133464481,-0.8191303722560406,-0.15570870600640774,0.0013286660723280767,1.8048417541580322,0.6865120492875576,22.921758890151978,3.290720656514168,-345.93697218224406
59,6790.889788479096,5740.09069318709,978.2080754637718,-0.7821924593299627,-1.159341724589467,0.9507475895807147,-1.7896711695939302,0.34588984306901693,-2.191902397200465,0.5646758917719126,1.290323294699192,chugging,74,True,0.6009793184947052,land,2.13703578338027,3.663115456700325,0.001708289365098763,-13.99708153679967,-2.6740006115287542,2.891801878809929,0.022288694099168962,approach,6,2.3,additive,-2.288380965590477,0.09759296672355734,-10.400297548621893,-3.8488030433654785,0.001069636582944072,1.8029379554841156,12.19014881644398,22.821511030197144,259.8332107998431,109.8177625797689
69,5881.507530707534,7149.707132719539,1224.4709815829992,0.07838323060423136,1.3927972465753555,-0.3169982470571995,1.5766493696719408,-1.1042057918384671,2.5835803169757128,-1.1240856405347586,-1.753556001931429,chugging,82,True,0.6017250825954633,land,-2.5758252404630184,-3.595116078853607,0.0010999615062688177,6.531678009778261,0.18331293761730194,-1.3305542226880789,0.023490637673227135,approach,7,2.3,additive,5.224729776382446,0.0643671225513322,-5.220944117754698,4.309468260034919,0.0007893613011755317,1.8051752477863898,21.384885511361063,31.82973027229309,-4.515703581273556,-121.13150525838137
57,5413.990390855825,5916.079359979497,926.8433034420013,-0.9589655203744769,-1.769091658294201,-0.8421681504696608,-0.6612352095544338,1.3485152358189225,-1.197337618097663,0.22505742218345404,2.2536497991532087,chugging,61,True,0.6013544007424086,land,2.9777407497167587,4.160844773054123,0.0006139266670366158,13.12828017398715,0.5192089509218931,-0.5137421172112226,0.0034137328290760947,approach,8,2.3,additive,1.7504269629716873,0.03631336893385371,-1.5060621686279774,-3.351640561595559,0.0004263049482919079,1.804063202227226,21.916710818186402,22.47439455986023,-70.46698788180947,239.12678519263864
67,6266.77546798953,6385.903555195388,1180.094988271594,0.2561596166342497,1.5323323365300894,0.16337494645267725,0.4490431845188141,-0.5705297542735934,0.015462348237633705,-1.4644765863195062,-0.702721981331706,chugging,113,True,0.6009422184052308,land,-1.7288929000496864,-4.096518889069557,0.0012867487253999086,-5.717736762017012,-2.341034520417452,2.022621788084507,0.02486477301030654,approach,9,2.3,additive,-6.688709914684296,0.07741846465178316,-16.605029348284006,3.4802697598934174,0.000967936967034182,1.8028266552156924,6.862581428140402,34.64576077461243,195.22760435938835,-227.19232700765133
64,7125.649504764204,6963.632096006506,1108.1217068247497,0.9427895620465279,0.0027614962309598923,1.307058504782617,-0.886413624510169,-1.4767299704253674,2.163023041561246,1.0213054083287716,-0.9647910688072443,dead_time,88,True,0.6009111548406886,land,0.7090636510401964,0.5846735537052155,0.00014945150631435794,-10.461560636758804,-2.1113319508731365,-0.3149701002985239,0.0025415364151714264,approach,0,2.6,structural,-0.41836999356746674,0.007833300920032366,-8.150382321327925,2.856412036344409,7.102312598451759e-05,1.8027334645220658,12.860783864744008,28.75310516357422,-106.97843208909035,58.35238629952073
54,6214.4124176185,5554.029768788721,861.8320903740823,-0.2400746801868081,-0.23476293683052063,-0.4411317855119705,1.0031248088926077,0.7235417738556862,-2.6241787802428007,-0.666746947914362,1.9913019631057978,dead_time,70,True,0.6009245018836863,land,-0.9499618615955114,-0.6414377242326736,0.00020695804906873077,2.9919951036572456,1.1206124480813742,1.847838643938303,0.008559860752239015,approach,1,2.6,structural,7.106673836708069,0.011196072563463779,-13.720513042062521,-2.7262569591403008,0.0001067200021449798,1.802773505651059,3.671756642870605,20.71363115310669,332.9017444513738,-47.0265869051218
70,6550.754741944303,6302.821493247606,1248.5290432348847,0.5612527616322041,2.576894609257579,-1.2962474869564176,-2.387236498296261,1.2591139767318964,-1.0003954153507948,0.002819996327161789,0.44364222697913647,dead_time,74,True,0.6009159480529626,land,-2.1032006051391363,6.56068354845047,0.00014769782355976896,8.346214732155204,1.8761801719665527,0.9652323201298714,0.0024944036250396356,approach,2,2.6,structural,2.17937433719635,0.007741880278196865,-2.5771918706595898,-1.4332938473671675,7.019110634735912e-05,1.8027478441588876,9.209183184430003,30.760053873062134,108.15148781985044,195.76595816761255
60,5639.363487125934,5832.9963982885065,1002.7572756633162,-1.2647007973864675,-2.4353580325841904,0.4299999587237835,2.5023370049893856,-0.47810730524361134,0.5874027628451586,-1.3124121017754078,-2.606096176430583,dead_time,107,True,0.6009081029619501,land,2.6122110206633806,-6.7424409836530685,0.00011811463228477212,-0.9325394500046968,-0.8856437858194113,-2.497001526877284,0.0031591579352178495,approach,3,2.6,structural,-5.3662078231573105,0.006191288644114378,-18.061749394983053,1.5777921862900257,5.6257529775157425e-05,1.8027243088858502,24.2576090618968,35.97277617454529,-331.34961081668735,-185.9157015569508
55,6414.247398746602,6048.427136065346,869.0436162985861,-0.716677101328969,-2.170508014038205,-0.9399118954315782,-0.28885116800665855,-0.10503369849175215,1.016823934391141,1.209449389949441,-0.2997507154941559,dead_time,132,True,0.6009063034923764,land,-0.6755174361169338,5.702700659632683,0.00020847542387144135,12.310242326930165,2.813845982775092,-2.2321047205477953,0.006064412775849913,approach,4,2.6,structural,0.05911850929260254,0.010943745697798912,-16.069465782493353,0.592265035957098,0.0001013037965368094,1.802718910477129,15.740647399798036,30.471009969711304,-261.3517780788243,336.05329394340515
65,5504.675123611937,6518.266350341,1114.8497086949646,1.4197546290233731,2.0274958312511444,0.30584245920181274,0.07743430137634277,0.8823776403442025,-0.5826933514326811,-0.10507353208959103,2.650482852011919,dead_time,64,True,0.6009139809836846,land,0.9868197105824947,-5.509709924459457,0.0001754644763869714,-4.8933187779039145,-0.3233414255082607,0.6704901270568371,0.0030510039383460407,approach,5,2.6,structural,-7.497907027602196,0.009204103470269084,-0.8191303722560406,-0.15570870600640774,8.375027084685904e-05,1.8027419429510538,0.6865120492875576,26.67262053489685,3.290720656514168,-345.93697218224406
59,6790.889788479096,5740.09069318709,978.2080754637718,-0.7821924593299627,-1.159341724589467,0.9507475895807147,-1.7896711695939302,0.34588984306901693,-2.191902397200465,0.5646758917719126,1.290323294699192,dead_time,78,True,0.6009208116893163,land,2.13703578338027,3.663115456700325,0.00017061640375005691,-13.99708153679967,-2.6740006115287542,2.891801878809929,0.002702643423151479,approach,6,2.6,structural,-2.288380965590477,0.008958409453445976,-10.400297548621893,-3.8488030433654785,8.185439117637495e-05,1.802762435067949,12.19014881644398,25.87768054008484,259.8332107998431,109.8177625797689
69,5881.507530707534,7149.707132719539,1224.4709815829992,0.07838323060423136,1.3927972465753555,-0.3169982470571995,1.5766493696719408,-1.1042057918384671,2.5835803169757128,-1.1240856405347586,-1.753556001931429,dead_time,87,True,0.6009094142716019,land,-2.5758252404630184,-3.595116078853607,0.0002106431897102781,6.531678009778261,0.18331293761730194,-1.3305542226880789,0.003290724531014822,approach,7,2.6,structural,5.224729776382446,0.011040035264381564,-5.220944117754698,4.309468260034919,0.00010009318589510636,1.8027282428148057,21.384885511361063,33.77641725540161,-4.515703581273556,-121.13150525838137
57,5413.990390855825,5916.079359979497,926.8433034420013,-0.9589655203744769,-1.769091658294201,-0.8421681504696608,-0.6612352095544338,1.3485152358189225,-1.197337618097663,0.22505742218345404,2.2536497991532087,dead_time,45,True,0.6009232474719454,land,2.9777407497167587,4.160844773054123,4.314254344220985e-06,13.12828017398715,0.5192089509218931,-0.5137421172112226,0.0002910585275580262,approach,8,2.6,structural,1.7504269629716873,0.00022683563757222542,-1.5060621686279774,-3.351640561595559,2.0654373778409764e-06,1.802769742415836,21.916710818186402,21.102561235427856,-70.46698788180947,239.12678519263864
75,6266.77546798953,6385.903555195388,1180.094988271594,0.2561596166342497,1.5323323365300894,0.16337494645267725,0.4490431845188141,-0.5705297542735934,0.015462348237633705,-1.4644765863195062,-0.702721981331706,dead_time,127,True,0.600912861089861,land,-1.7288929000496864,-4.096518889069557,0.0001516003088068159,-5.717736762017012,-2.341034520417452,2.022621788084507,0.002488841951817989,approach,9,2.6,structural,-6.688709914684296,0.007945109778683257,-16.605029348284006,3.4802697598934174,7.200349812768594e-05,1.8027385832695828,6.862581428140402,34.81522035598755,195.22760435938835,-227.19232700765133
64,7125.649504764204,6963.632096006506,1108.1217068247497,0.9427895620465279,0.0027614962309598923,1.307058504782617,-0.886413624510169,-1.4767299704253674,2.163023041561246,1.0213054083287716,-0.9647910688072443,engine_out,275,False,inf,no_recovery,0.7090636510401964,0.5846735537052155,nan,-10.461560636758804,-2.1113319508731365,-0.3149701002985239,nan,approach,0,2.1 / 3.1,structural,-0.41836999356746674,nan,-8.150382321327925,2.856412036344409,nan,nan,12.860783864744008,69.75586104393005,-106.97843208909035,58.35238629952073
54,6214.4124176185,5554.029768788721,861.8320903740823,-0.2400746801868081,-0.23476293683052063,-0.4411317855119705,1.0031248088926077,0.7235417738556862,-2.6241787802428007,-0.666746947914362,1.9913019631057978,engine_out,309,False,inf,no_recovery,-0.9499618615955114,-0.6414377242326736,nan,2.9919951036572456,1.1206124480813742,1.847838643938303,nan,approach,1,2.1 / 3.1,structural,7.106673836708069,nan,-13.720513042062521,-2.7262569591403008,nan,nan,3.671756642870605,61.22798275947571,332.9017444513738,-47.0265869051218
70,6550.754741944303,6302.821493247606,1248.5290432348847,0.5612527616322041,2.576894609257579,-1.2962474869564176,-2.387236498296261,1.2591139767318964,-1.0003954153507948,0.002819996327161789,0.44364222697913647,engine_out,350,False,inf,no_recovery,-2.1032006051391363,6.56068354845047,nan,8.346214732155204,1.8761801719665527,0.9652323201298714,nan,approach,2,2.1 / 3.1,structural,2.17937433719635,nan,-2.5771918706595898,-1.4332938473671675,nan,nan,9.209183184430003,90.31087183952332,108.15148781985044,195.76595816761255
60,5639.363487125934,5832.9963982885065,1002.7572756633162,-1.2647007973864675,-2.4353580325841904,0.4299999587237835,2.5023370049893856,-0.47810730524361134,0.5874027628451586,-1.3124121017754078,-2.606096176430583,engine_out,350,False,inf,no_recovery,2.6122110206633806,-6.7424409836530685,nan,-0.9325394500046968,-0.8856437858194113,-2.497001526877284,nan,approach,3,2.1 / 3.1,structural,-5.3662078231573105,nan,-18.061749394983053,1.5777921862900257,nan,nan,24.2576090618968,80.5719690322876,-331.34961081668735,-185.9157015569508
55,6414.247398746602,6048.427136065346,869.0436162985861,-0.716677101328969,-2.170508014038205,-0.9399118954315782,-0.28885116800665855,-0.10503369849175215,1.016823934391141,1.209449389949441,-0.2997507154941559,engine_out,350,False,inf,no_recovery,-0.6755174361169338,5.702700659632683,nan,12.310242326930165,2.813845982775092,-2.2321047205477953,nan,approach,4,2.1 / 3.1,structural,0.05911850929260254,nan,-16.069465782493353,0.592265035957098,nan,nan,15.740647399798036,70.1042115688324,-261.3517780788243,336.05329394340515
65,5504.675123611937,6518.266350341,1114.8497086949646,1.4197546290233731,2.0274958312511444,0.30584245920181274,0.07743430137634277,0.8823776403442025,-0.5826933514326811,-0.10507353208959103,2.650482852011919,engine_out,350,False,inf,no_recovery,0.9868197105824947,-5.509709924459457,nan,-4.8933187779039145,-0.3233414255082607,0.6704901270568371,nan,approach,5,2.1 / 3.1,structural,-7.497907027602196,nan,-0.8191303722560406,-0.15570870600640774,nan,nan,0.6865120492875576,86.5918779373169,3.290720656514168,-345.93697218224406
59,6790.889788479096,5740.09069318709,978.2080754637718,-0.7821924593299627,-1.159341724589467,0.9507475895807147,-1.7896711695939302,0.34588984306901693,-2.191902397200465,0.5646758917719126,1.290323294699192,engine_out,350,False,inf,no_recovery,2.13703578338027,3.663115456700325,nan,-13.99708153679967,-2.6740006115287542,2.891801878809929,nan,approach,6,2.1 / 3.1,structural,-2.288380965590477,nan,-10.400297548621893,-3.8488030433654785,nan,nan,12.19014881644398,78.33658862113953,259.8332107998431,109.8177625797689
69,5881.507530707534,7149.707132719539,1224.4709815829992,0.07838323060423136,1.3927972465753555,-0.3169982470571995,1.5766493696719408,-1.1042057918384671,2.5835803169757128,-1.1240856405347586,-1.753556001931429,engine_out,350,False,inf,no_recovery,-2.5758252404630184,-3.595116078853607,nan,6.531678009778261,0.18331293761730194,-1.3305542226880789,nan,approach,7,2.1 / 3.1,structural,5.224729776382446,nan,-5.220944117754698,4.309468260034919,nan,nan,21.384885511361063,100.02916407585144,-4.515703581273556,-121.13150525838137
57,5413.990390855825,5916.079359979497,926.8433034420013,-0.9589655203744769,-1.769091658294201,-0.8421681504696608,-0.6612352095544338,1.3485152358189225,-1.197337618097663,0.22505742218345404,2.2536497991532087,engine_out,325,False,inf,no_recovery,2.9777407497167587,4.160844773054123,nan,13.12828017398715,0.5192089509218931,-0.5137421172112226,nan,approach,8,2.1 / 3.1,structural,1.7504269629716873,nan,-1.5060621686279774,-3.351640561595559,nan,nan,21.916710818186402,65.65834593772888,-70.46698788180947,239.12678519263864
67,6266.77546798953,6385.903555195388,1180.094988271594,0.2561596166342497,1.5323323365300894,0.16337494645267725,0.4490431845188141,-0.5705297542735934,0.015462348237633705,-1.4644765863195062,-0.702721981331706,engine_out,350,False,inf,no_recovery,-1.7288929000496864,-4.096518889069557,nan,-5.717736762017012,-2.341034520417452,2.022621788084507,nan,approach,9,2.1 / 3.1,structural,-6.688709914684296,nan,-16.605029348284006,3.4802697598934174,nan,nan,6.862581428140402,105.39923477172852,195.22760435938835,-227.19232700765133
64,7125.649504764204,6963.632096006506,1108.1217068247497,0.9427895620465279,0.0027614962309598923,1.307058504782617,-0.886413624510169,-1.4767299704253674,2.163023041561246,1.0213054083287716,-0.9647910688072443,erosion_drift,106,True,0.6028280064629217,land,0.7090636510401964,0.5846735537052155,0.008568597612420127,-10.461560636758804,-2.1113319508731365,-0.3149701002985239,0.3535555121561276,approach,0,2.10,time-varying multiplicative,-0.41836999356746674,0.41050988376996417,-8.150382321327925,2.856412036344409,0.0031271405890862572,1.808484019388765,12.860783864744008,28.056832551956177,-106.97843208909035,58.35238629952073
54,6214.4124176185,5554.029768788721,861.8320903740823,-0.2400746801868081,-0.23476293683052063,-0.4411317855119705,1.0031248088926077,0.7235417738556862,-2.6241787802428007,-0.666746947914362,1.9913019631057978,erosion_drift,74,True,0.6022646931507154,land,-0.9499618615955114,-0.6414377242326736,0.007235379734320723,2.9919951036572456,1.1206124480813742,1.847838643938303,0.20422356108235076,approach,1,2.10,time-varying multiplicative,7.106673836708069,0.37141019686998306,-13.720513042062521,-2.7262569591403008,0.00335451783174688,1.8067940794521462,3.671756642870605,18.855541706085205,332.9017444513738,-47.0265869051218
70,6550.754741944303,6302.821493247606,1248.5290432348847,0.5612527616322041,2.576894609257579,-1.2962474869564176,-2.387236498296261,1.2591139767318964,-1.0003954153507948,0.002819996327161789,0.44364222697913647,erosion_drift,100,True,0.8671526830002847,land,-2.1032006051391363,6.56068354845047,0.0037405976456155615,8.346214732155204,1.8761801719665527,0.9652323201298714,4.3357634150014235,approach,2,2.10,time-varying multiplicative,2.17937433719635,2.385668909371266,-2.5771918706595898,-1.4332938473671675,0.08151509737640347,1.849399148266733,9.209183184430003,30.73722815513611,108.15148781985044,195.76595816761255
60,5639.363487125934,5832.9963982885065,1002.7572756633162,-1.2647007973864675,-2.4353580325841904,0.4299999587237835,2.5023370049893856,-0.47810730524361134,0.5874027628451586,-1.3124121017754078,-2.606096176430583,erosion_drift,80,True,0.6025830000115271,land,2.6122110206633806,-6.7424409836530685,0.00806131977555474,-0.9325394500046968,-0.8856437858194113,-2.497001526877284,0.2764897776105635,approach,3,2.10,time-varying multiplicative,-5.3662078231573105,0.40300241119178803,-18.061749394983053,1.5777921862900257,0.0034306835252739492,1.8077490000345813,24.2576090618968,23.771623849868774,-331.34961081668735,-185.9157015569508
55,6414.247398746602,6048.427136065346,869.0436162985861,-0.716677101328969,-2.170508014038205,-0.9399118954315782,-0.28885116800665855,-0.10503369849175215,1.016823934391141,1.209449389949441,-0.2997507154941559,erosion_drift,113,True,0.6022581141775669,land,-0.6755174361169338,5.702700659632683,0.0072911095853665855,12.310242326930165,2.813845982775092,-2.2321047205477953,0.21211945267154092,approach,4,2.10,time-varying multiplicative,0.05911850929260254,0.3729145689675339,-16.069465782493353,0.592265035957098,0.0033279168054361195,1.8067743425327008,15.740647399798036,22.783295392990112,-261.3517780788243,336.05329394340515
65,5504.675123611937,6518.266350341,1114.8497086949646,1.4197546290233731,2.0274958312511444,0.30584245920181274,0.07743430137634277,0.8823776403442025,-0.5826933514326811,-0.10507353208959103,2.650482852011919,erosion_drift,174,True,0.603662764912518,land,0.9868197105824947,-5.509709924459457,0.009978495421352603,-4.8933187779039145,-0.3233414255082607,0.6704901270568371,0.571590500862495,approach,5,2.10,time-varying multiplicative,-7.497907027602196,0.453251830955323,-0.8191303722560406,-0.15570870600640774,0.0030274391478375792,1.8109882947375542,0.6865120492875576,36.52028679847717,3.290720656514168,-345.93697218224406
59,6790.889788479096,5740.09069318709,978.2080754637718,-0.7821924593299627,-1.159341724589467,0.9507475895807147,-1.7896711695939302,0.34588984306901693,-2.191902397200465,0.5646758917719126,1.290323294699192,erosion_drift,69,True,0.6025136379030882,land,2.13703578338027,3.663115456700325,0.007897027550783874,-13.99708153679967,-2.6740006115287542,2.891801878809929,0.2613028081824016,approach,6,2.10,time-varying multiplicative,-2.288380965590477,0.3972044795549017,-10.400297548621893,-3.8488030433654785,0.0034270536655258803,1.8075409137092646,12.19014881644398,20.300508499145508,259.8332107998431,109.8177625797689
69,5881.507530707534,7149.707132719539,1224.4709815829992,0.07838323060423136,1.3927972465753555,-0.3169982470571995,1.5766493696719408,-1.1042057918384671,2.5835803169757128,-1.1240856405347586,-1.753556001931429,erosion_drift,99,True,0.6473958513968634,land,-2.5758252404630184,-3.595116078853607,0.00472219871096987,6.531678009778261,0.18331293761730194,-1.3305542226880789,3.2369792569843168,approach,7,2.10,time-varying multiplicative,5.224729776382446,1.5948470857688544,-5.220944117754698,4.309468260034919,0.05652725684994571,1.8352339884710946,21.384885511361063,32.497225284576416,-4.515703581273556,-121.13150525838137
57,5413.990390855825,5916.079359979497,926.8433034420013,-0.9589655203744769,-1.769091658294201,-0.8421681504696608,-0.6612352095544338,1.3485152358189225,-1.197337618097663,0.22505742218345404,2.2536497991532087,erosion_drift,93,True,0.6023905146016796,land,2.9777407497167587,4.160844773054123,0.007609118039552501,13.12828017398715,0.5192089509218931,-0.5137421172112226,0.23524343592825564,approach,8,2.10,time-varying multiplicative,1.7504269629716873,0.38656806102340974,-1.5060621686279774,-3.351640561595559,0.0034057086701478143,1.8071715438050386,21.916710818186402,23.7761709690094,-70.46698788180947,239.12678519263864
67,6266.77546798953,6385.903555195388,1180.094988271594,0.2561596166342497,1.5323323365300894,0.16337494645267725,0.4490431845188141,-0.5705297542735934,0.015462348237633705,-1.4644765863195062,-0.702721981331706,erosion_drift,201,True,0.607405174153335,land,-1.7288929000496864,-4.096518889069557,0.00828572106105238,-5.717736762017012,-2.341034520417452,2.022621788084507,1.7334635272168968,approach,9,2.10,time-varying multiplicative,-6.688709914684296,0.24531122245054132,-16.605029348284006,3.4802697598934174,0.016940765092966815,1.822215522460005,6.862581428140402,44.746622800827026,195.22760435938835,-227.19232700765133
64,7125.649504764204,6963.632096006506,1108.1217068247497,0.9427895620465279,0.0027614962309598923,1.307058504782617,-0.886413624510169,-1.4767299704253674,2.163023041561246,1.0213054083287716,-0.9647910688072443,gimbal_seized,93,True,0.6009111217782435,land,0.7090636510401964,0.5846735537052155,0.002595971684881192,-10.461560636758804,-2.1113319508731365,-0.3149701002985239,0.5009662192662928,approach,0,1.7,structural,-0.41836999356746674,0.36514119746872997,-8.150382321327925,2.856412036344409,0.010057260215716322,1.8027333653347304,12.860783864744008,53.18409204483032,-106.97843208909035,58.35238629952073
54,6214.4124176185,5554.029768788721,861.8320903740823,-0.2400746801868081,-0.23476293683052063,-0.4411317855119705,1.0031248088926077,0.7235417738556862,-2.6241787802428007,-0.666746947914362,1.9913019631057978,gimbal_seized,60,True,0.6009181224763921,land,-0.9499618615955114,-0.6414377242326736,0.0004928409491276912,2.9919951036572456,1.1206124480813742,1.847838643938303,0.22315601280598346,approach,1,1.7,structural,7.106673836708069,0.15148431996925957,-13.720513042062521,-2.7262569591403008,0.004334155968949363,1.8027543674291764,3.671756642870605,32.52200150489807,332.9017444513738,-47.0265869051218
70,6550.754741944303,6302.821493247606,1248.5290432348847,0.5612527616322041,2.576894609257579,-1.2962474869564176,-2.387236498296261,1.2591139767318964,-1.0003954153507948,0.002819996327161789,0.44364222697913647,gimbal_seized,85,True,0.6009126743670127,land,-2.1032006051391363,6.56068354845047,0.002947118932525922,8.346214732155204,1.8761801719665527,0.9652323201298714,0.46002219189902016,approach,2,1.7,structural,2.17937433719635,0.34690731987297846,-2.5771918706595898,-1.4332938473671675,0.009296544231972952,1.802738023101038,9.209183184430003,57.976073265075684,108.15148781985044,195.76595816761255
60,5639.363487125934,5832.9963982885065,1002.7572756633162,-1.2647007973864675,-2.4353580325841904,0.4299999587237835,2.5023370049893856,-0.47810730524361134,0.5874027628451586,-1.3124121017754078,-2.606096176430583,gimbal_seized,92,True,0.6009060530419542,land,2.6122110206633806,-6.7424409836530685,0.000544395817754692,-0.9325394500046968,-0.8856437858194113,-2.497001526877284,0.1610174775066098,approach,3,1.7,structural,-5.3662078231573105,0.11672322608280915,-18.061749394983053,1.5777921862900257,0.0032823609889121945,1.8027181591258625,24.2576090618968,51.26782202720642,-331.34961081668735,-185.9157015569508
55,6414.247398746602,6048.427136065346,869.0436162985861,-0.716677101328969,-2.170508014038205,-0.9399118954315782,-0.28885116800665855,-0.10503369849175215,1.016823934391141,1.209449389949441,-0.2997507154941559,gimbal_seized,129,True,0.6009137705697926,land,-0.6755174361169338,5.702700659632683,0.0008524349801225795,12.310242326930165,2.813845982775092,-2.2321047205477953,0.31403794258642714,approach,4,1.7,structural,0.05911850929260254,0.24375881143225386,-16.069465782493353,0.592265035957098,0.006883167329361753,1.8027413117093776,15.740647399798036,59.12430286407471,-261.3517780788243,336.05329394340515
65,5504.675123611937,6518.266350341,1114.8497086949646,1.4197546290233731,2.0274958312511444,0.30584245920181274,0.07743430137634277,0.8823776403442025,-0.5826933514326811,-0.10507353208959103,2.650482852011919,gimbal_seized,90,True,0.6009177426462168,land,0.9868197105824947,-5.509709924459457,0.0004767191728501516,-4.8933187779039145,-0.3233414255082607,0.6704901270568371,0.11644734101788225,approach,5,1.7,structural,-7.497907027602196,0.08258975400164435,-0.8191303722560406,-0.15570870600640774,0.0023461273774099773,1.8027532279386504,0.6865120492875576,52.1121346950531,3.290720656514168,-345.93697218224406
59,6790.889788479096,5740.09069318709,978.2080754637718,-0.7821924593299627,-1.159341724589467,0.9507475895807147,-1.7896711695939302,0.34588984306901693,-2.191902397200465,0.5646758917719126,1.290323294699192,gimbal_seized,68,True,0.6009194158688839,land,2.13703578338027,3.663115456700325,0.0015651798380326067,-13.99708153679967,-2.6740006115287542,2.891801878809929,0.32775050762466834,approach,6,1.7,structural,-2.288380965590477,0.24452352290875282,-10.400297548621893,-3.8488030433654785,0.0067675246662715835,1.8027582476066515,12.19014881644398,42.8798725605011,259.8332107998431,109.8177625797689
69,5881.507530707534,7149.707132719539,1224.4709815829992,0.07838323060423136,1.3927972465753555,-0.3169982470571995,1.5766493696719408,-1.1042057918384671,2.5835803169757128,-1.1240856405347586,-1.753556001931429,gimbal_seized,66,True,0.6009146771129511,land,-2.5758252404630184,-3.595116078853607,0.0006469193392506658,6.531678009778261,0.18331293761730194,-1.3305542226880789,0.11949954157113106,approach,7,1.7,structural,5.224729776382446,0.0905533907013235,-5.220944117754698,4.309468260034919,0.0024588184644027816,1.8027440313388532,21.384885511361063,44.055469274520874,-4.515703581273556,-121.13150525838137
57,5413.990390855825,5916.079359979497,926.8433034420013,-0.9589655203744769,-1.769091658294201,-0.8421681504696608,-0.6612352095544338,1.3485152358189225,-1.197337618097663,0.22505742218345404,2.2536497991532087,gimbal_seized,56,True,0.6009146487356689,land,2.9777407497167587,4.160844773054123,0.001650182568724993,13.12828017398715,0.5192089509218931,-0.5137421172112226,0.29961184655368056,approach,8,1.7,structural,1.7504269629716873,0.2249588915305594,-1.5060621686279774,-3.351640561595559,0.006131043317886459,1.8027439462070067,21.916710818186402,32.52337384223938,-70.46698788180947,239.12678519263864
67,6266.77546798953,6385.903555195388,1180.094988271594,0.2561596166342497,1.5323323365300894,0.16337494645267725,0.4490431845188141,-0.5705297542735934,0.015462348237633705,-1.4644765863195062,-0.702721981331706,gimbal_seized,106,True,0.600925369170784,land,-1.7288929000496864,-4.096518889069557,0.0006582141458961426,-5.717736762017012,-2.341034520417452,2.022621788084507,0.0291380033392818,approach,9,1.7,structural,-6.688709914684296,0.041799772969543854,-16.605029348284006,3.4802697598934174,0.0007403426032876174,1.8027761075123518,6.862581428140402,55.820629835128784,195.22760435938835,-227.19232700765133
64,7125.649504764204,6963.632096006506,1108.1217068247497,0.9427895620465279,0.0027614962309598923,1.307058504782617,-0.886413624510169,-1.4767299704253674,2.163023041561246,1.0213054083287716,-0.9647910688072443,gimbal_slow,49,True,0.6009107444901755,land,0.7090636510401964,0.5846735537052155,5.9905779663958764e-05,-10.461560636758804,-2.1113319508731365,-0.3149701002985239,0.0009697392479128301,approach,0,2.5,multiplicative,-0.41836999356746674,0.0031591136928053867,-8.150382321327925,2.856412036344409,2.936362703431126e-05,1.8027322334705262,12.860783864744008,30.298720121383667,-106.97843208909035,58.35238629952073
54,6214.4124176185,5554.029768788721,861.8320903740823,-0.2400746801868081,-0.23476293683052063,-0.4411317855119705,1.0031248088926077,0.7235417738556862,-2.6241787802428007,-0.666746947914362,1.9913019631057978,gimbal_slow,70,True,0.6009148072101063,land,-0.9499618615955114,-0.6414377242326736,0.000244767187279227,2.9919951036572456,1.1206124480813742,1.847838643938303,0.005007996404807118,approach,1,2.5,multiplicative,7.106673836708069,0.012825717601221911,-13.720513042062521,-2.7262569591403008,0.00011754246161870353,1.8027444216303188,3.671756642870605,28.019278049468994,332.9017444513738,-47.0265869051218
70,6550.754741944303,6302.821493247606,1248.5290432348847,0.5612527616322041,2.576894609257579,-1.2962474869564176,-2.387236498296261,1.2591139767318964,-1.0003954153507948,0.002819996327161789,0.44364222697913647,gimbal_slow,87,True,0.6009252107345532,land,-2.1032006051391363,6.56068354845047,0.00020613743742085283,8.346214732155204,1.8761801719665527,0.9652323201298714,0.0033573202414985646,approach,2,2.5,multiplicative,2.17937433719635,0.010782825358139372,-2.5771918706595898,-1.4332938473671675,9.724930353265302e-05,1.8027756322036594,9.209183184430003,40.56521272659302,108.15148781985044,195.76595816761255
60,5639.363487125934,5832.9963982885065,1002.7572756633162,-1.2647007973864675,-2.4353580325841904,0.4299999587237835,2.5023370049893856,-0.47810730524361134,0.5874027628451586,-1.3124121017754078,-2.606096176430583,gimbal_slow,161,True,0.6009049766463934,land,2.6122110206633806,-6.7424409836530685,8.997376143703184e-05,-0.9325394500046968,-0.8856437858194113,-2.497001526877284,0.0020507494262752904,approach,3,2.5,multiplicative,-5.3662078231573105,0.004754924727849531,-18.061749394983053,1.5777921862900257,4.518559903105348e-05,1.8027149299391803,24.2576090618968,56.388744592666626,-331.34961081668735,-185.9157015569508
55,6414.247398746602,6048.427136065346,869.0436162985861,-0.716677101328969,-2.170508014038205,-0.9399118954315782,-0.28885116800665855,-0.10503369849175215,1.016823934391141,1.209449389949441,-0.2997507154941559,gimbal_slow,82,True,0.600905105231958,land,-0.6755174361169338,5.702700659632683,0.0004038086338568387,12.310242326930165,2.813845982775092,-2.2321047205477953,0.007415981160364402,approach,4,2.5,multiplicative,0.05911850929260254,0.021114939822297178,-16.069465782493353,0.592265035957098,0.00019230625534439312,1.8027153156958737,15.740647399798036,31.04708433151245,-261.3517780788243,336.05329394340515
65,5504.675123611937,6518.266350341,1114.8497086949646,1.4197546290233731,2.0274958312511444,0.30584245920181274,0.07743430137634277,0.8823776403442025,-0.5826933514326811,-0.10507353208959103,2.650482852011919,gimbal_slow,64,True,0.6009246826730337,land,0.9868197105824947,-5.509709924459457,0.0004854746941775388,-4.8933187779039145,-0.3233414255082607,0.6704901270568371,0.009172482621376819,approach,5,2.5,multiplicative,-7.497907027602196,0.025621998306480105,-0.8191303722560406,-0.15570870600640774,0.00023876292885710676,1.802774048019101,0.6865120492875576,33.51568555831909,3.290720656514168,-345.93697218224406
59,6790.889788479096,5740.09069318709,978.2080754637718,-0.7821924593299627,-1.159341724589467,0.9507475895807147,-1.7896711695939302,0.34588984306901693,-2.191902397200465,0.5646758917719126,1.290323294699192,gimbal_slow,57,True,0.6009253213764855,land,2.13703578338027,3.663115456700325,0.0004868813815146324,-13.99708153679967,-2.6740006115287542,2.891801878809929,0.008011463855207993,approach,6,2.5,multiplicative,-2.288380965590477,0.025480331000427993,-10.400297548621893,-3.8488030433654785,0.0002305713520086836,1.8027759641294565,12.19014881644398,30.97290349006653,259.8332107998431,109.8177625797689
69,5881.507530707534,7149.707132719539,1224.4709815829992,0.07838323060423136,1.3927972465753555,-0.3169982470571995,1.5766493696719408,-1.1042057918384671,2.5835803169757128,-1.1240856405347586,-1.753556001931429,gimbal_slow,73,True,0.6009166931834677,land,-2.5758252404630184,-3.595116078853607,1.8964438304745207e-05,6.531678009778261,0.18331293761730194,-1.3305542226880789,0.0004738861923301545,approach,7,2.5,multiplicative,5.224729776382446,0.0009940956616015688,-5.220944117754698,4.309468260034919,8.898262134927651e-06,1.8027500795504032,21.384885511361063,39.128265619277954,-4.515703581273556,-121.13150525838137
57,5413.990390855825,5916.079359979497,926.8433034420013,-0.9589655203744769,-1.769091658294201,-0.8421681504696608,-0.6612352095544338,1.3485152358189225,-1.197337618097663,0.22505742218345404,2.2536497991532087,gimbal_slow,44,True,0.6009148939065653,land,2.9777407497167587,4.160844773054123,6.41691165105373e-05,13.12828017398715,0.5192089509218931,-0.5137421172112226,0.001175483095182778,approach,8,2.5,multiplicative,1.7504269629716873,0.003365946445425047,-1.5060621686279774,-3.351640561595559,3.065083262830178e-05,1.802744681719696,21.916710818186402,27.23904252052307,-70.46698788180947,239.12678519263864
67,6266.77546798953,6385.903555195388,1180.094988271594,0.2561596166342497,1.5323323365300894,0.16337494645267725,0.4490431845188141,-0.5705297542735934,0.015462348237633705,-1.4644765863195062,-0.702721981331706,gimbal_slow,211,True,0.6009176470113117,land,-1.7288929000496864,-4.096518889069557,0.0003506450995294507,-5.717736762017012,-2.341034520417452,2.022621788084507,0.005851257025337502,approach,9,2.5,multiplicative,-6.688709914684296,0.01836129545563547,-16.605029348284006,3.4802697598934174,0.00016638219514077116,1.8027529410339351,6.862581428140402,66.58142590522766,195.22760435938835,-227.19232700765133
64,7125.649504764204,6963.632096006506,1108.1217068247497,0.9427895620465279,0.0027614962309598923,1.307058504782617,-0.886413624510169,-1.4767299704253674,2.163023041561246,1.0213054083287716,-0.9647910688072443,gimbal_underdamped,74,True,0.600918951558618,land,0.7090636510401964,0.5846735537052155,0.00012754809804817364,-10.461560636758804,-2.1113319508731365,-0.3149701002985239,0.002219443536970412,approach,0,2.3 / 2.8,multiplicative,-0.41836999356746674,0.006704506596565612,-8.150382321327925,2.856412036344409,6.159309520176554e-05,1.802756854675854,12.860783864744008,35.59435510635376,-106.97843208909035,58.35238629952073
54,6214.4124176185,5554.029768788721,861.8320903740823,-0.2400746801868081,-0.23476293683052063,-0.4411317855119705,1.0031248088926077,0.7235417738556862,-2.6241787802428007,-0.666746947914362,1.9913019631057978,gimbal_underdamped,83,True,0.6009052746610698,land,-0.9499618615955114,-0.6414377242326736,0.0004879883984215735,2.9919951036572456,1.1206124480813742,1.847838643938303,0.008646674082797644,approach,1,2.3 / 2.8,multiplicative,7.106673836708069,0.02558808248196758,-13.720513042062521,-2.7262569591403008,0.0002339416849353397,1.8027158239832095,3.671756642870605,31.151046752929688,332.9017444513738,-47.0265869051218
70,6550.754741944303,6302.821493247606,1248.5290432348847,0.5612527616322041,2.576894609257579,-1.2962474869564176,-2.387236498296261,1.2591139767318964,-1.0003954153507948,0.002819996327161789,0.44364222697913647,gimbal_underdamped,63,True,0.6009134473340055,land,-2.1032006051391363,6.56068354845047,0.00022895041790861782,8.346214732155204,1.8761801719665527,0.9652323201298714,0.0037100863989016943,approach,2,2.3 / 2.8,multiplicative,2.17937433719635,0.011993697790587128,-2.5771918706595898,-1.4332938473671675,0.0001088442339882587,1.8027403420020167,9.209183184430003,37.2142288684845,108.15148781985044,195.76595816761255
60,5639.363487125934,5832.9963982885065,1002.7572756633162,-1.2647007973864675,-2.4353580325841904,0.4299999587237835,2.5023370049893856,-0.47810730524361134,0.5874027628451586,-1.3124121017754078,-2.606096176430583,gimbal_underdamped,135,True,0.6009162312693542,land,2.6122110206633806,-6.7424409836530685,0.00016078009302768813,-0.9325394500046968,-0.8856437858194113,-2.497001526877284,0.0035425179836838174,approach,3,2.3 / 2.8,multiplicative,-5.3662078231573105,0.008583812835139185,-18.061749394983053,1.5777921862900257,8.443838150402795e-05,1.8027486938080626,24.2576090618968,50.65498113632202,-331.34961081668735,-185.9157015569508
55,6414.247398746602,6048.427136065346,869.0436162985861,-0.716677101328969,-2.170508014038205,-0.9399118954315782,-0.28885116800665855,-0.10503369849175215,1.016823934391141,1.209449389949441,-0.2997507154941559,gimbal_underdamped,105,True,0.6009040417531898,land,-0.6755174361169338,5.702700659632683,0.0003704017101386033,12.310242326930165,2.813845982775092,-2.2321047205477953,0.00614102174225942,approach,4,2.3 / 2.8,multiplicative,0.05911850929260254,0.019373461181412106,-16.069465782493353,0.592265035957098,0.00017353225468769076,1.8027121252595693,15.740647399798036,35.379236698150635,-261.3517780788243,336.05329394340515
65,5504.675123611937,6518.266350341,1114.8497086949646,1.4197546290233731,2.0274958312511444,0.30584245920181274,0.07743430137634277,0.8823776403442025,-0.5826933514326811,-0.10507353208959103,2.650482852011919,gimbal_underdamped,54,True,0.6009109146104529,land,0.9868197105824947,-5.509709924459457,0.00046026783765665133,-4.8933187779039145,-0.3233414255082607,0.6704901270568371,0.008477158712481347,approach,5,2.3 / 2.8,multiplicative,-7.497907027602196,0.024061496698954275,-0.8191303722560406,-0.15570870600640774,0.00021771106217712908,1.8027327438313587,0.6865120492875576,31.90610957145691,3.290720656514168,-345.93697218224406
59,6790.889788479096,5740.09069318709,978.2080754637718,-0.7821924593299627,-1.159341724589467,0.9507475895807147,-1.7896711695939302,0.34588984306901693,-2.191902397200465,0.5646758917719126,1.290323294699192,gimbal_underdamped,49,True,0.6009232283207877,land,2.13703578338027,3.663115456700325,0.0001922908548751351,-13.99708153679967,-2.6740006115287542,2.891801878809929,0.003600003866907411,approach,6,2.3 / 2.8,multiplicative,-2.288380965590477,0.010131101425916483,-10.400297548621893,-3.8488030433654785,9.400655816700221e-05,1.8027696849623631,12.19014881644398,28.443710803985596,259.8332107998431,109.8177625797689
69,5881.507530707534,7149.707132719539,1224.4709815829992,0.07838323060423136,1.3927972465753555,-0.3169982470571995,1.5766493696719408,-1.1042057918384671,2.5835803169757128,-1.1240856405347586,-1.753556001931429,gimbal_underdamped,77,True,0.6009123447071025,land,-2.5758252404630184,-3.595116078853607,1.8474601815936993e-05,6.531678009778261,0.18331293761730194,-1.3305542226880789,0.00030919702481991987,approach,7,2.3 / 2.8,multiplicative,5.224729776382446,0.00097743274486979,-5.220944117754698,4.309468260034919,9.201292076147667e-06,1.8027370341213076,21.384885511361063,40.814122915267944,-4.515703581273556,-121.13150525838137
57,5413.990390855825,5916.079359979497,926.8433034420013,-0.9589655203744769,-1.769091658294201,-0.8421681504696608,-0.6612352095544338,1.3485152358189225,-1.197337618097663,0.22505742218345404,2.2536497991532087,gimbal_underdamped,85,True,0.6009130131435546,land,2.9777407497167587,4.160844773054123,7.061726010332673e-05,13.12828017398715,0.5192089509218931,-0.5137421172112226,0.0012930406066720677,approach,8,2.3 / 2.8,multiplicative,1.7504269629716873,0.003727641481612935,-1.5060621686279774,-3.351640561595559,3.5184151075809876e-05,1.802739039430664,21.916710818186402,35.644015073776245,-70.46698788180947,239.12678519263864
67,6266.77546798953,6385.903555195388,1180.094988271594,0.2561596166342497,1.5323323365300894,0.16337494645267725,0.4490431845188141,-0.5705297542735934,0.015462348237633705,-1.4644765863195062,-0.702721981331706,gimbal_underdamped,126,True,0.6009100954691436,land,-1.7288929000496864,-4.096518889069557,0.000187975682622264,-5.717736762017012,-2.341034520417452,2.022621788084507,0.0030618021280860437,approach,9,2.3 / 2.8,multiplicative,-6.688709914684296,0.009842333272232861,-16.605029348284006,3.4802697598934174,8.891239889500793e-05,1.802730286407431,6.862581428140402,47.49589395523071,195.22760435938835,-227.19232700765133
64,7125.649504764204,6963.632096006506,1108.1217068247497,0.9427895620465279,0.0027614962309598923,1.307058504782617,-0.886413624510169,-1.4767299704253674,2.163023041561246,1.0213054083287716,-0.9647910688072443,healthy,54,True,0.6009201256133027,land,0.7090636510401964,0.5846735537052155,9.403376800374538e-05,-10.461560636758804,-2.1113319508731365,-0.3149701002985239,0.0018488223765987441,approach,0,—,none,-0.41836999356746674,0.004925693219993394,-8.150382321327925,2.856412036344409,4.459744399311916e-05,1.802760376839908,12.860783864744008,18.80357313156128,-106.97843208909035,58.35238629952073
54,6214.4124176185,5554.029768788721,861.8320903740823,-0.2400746801868081,-0.23476293683052063,-0.4411317855119705,1.0031248088926077,0.7235417738556862,-2.6241787802428007,-0.666746947914362,1.9913019631057978,healthy,45,True,0.6009251554955414,land,-0.9499618615955114,-0.6414377242326736,0.0004342544701116023,2.9919951036572456,1.1206124480813742,1.847838643938303,0.007033477342792675,approach,1,—,none,7.106673836708069,0.022739200566794675,-13.720513042062521,-2.7262569591403008,0.00020670950449394712,1.802775466486624,3.671756642870605,14.482720851898193,332.9017444513738,-47.0265869051218
70,6550.754741944303,6302.821493247606,1248.5290432348847,0.5612527616322041,2.576894609257579,-1.2962474869564176,-2.387236498296261,1.2591139767318964,-1.0003954153507948,0.002819996327161789,0.44364222697913647,healthy,93,True,0.600916992115603,land,-2.1032006051391363,6.56068354845047,0.0003121875652344065,8.346214732155204,1.8761801719665527,0.9652323201298714,0.004983540656630927,approach,2,—,none,2.17937433719635,0.0163522814823281,-2.5771918706595898,-1.4332938473671675,0.00014809264859699887,1.802750976346809,9.209183184430003,25.988080263137817,108.15148781985044,195.76595816761255
60,5639.363487125934,5832.9963982885065,1002.7572756633162,-1.2647007973864675,-2.4353580325841904,0.4299999587237835,2.5023370049893856,-0.47810730524361134,0.5874027628451586,-1.3124121017754078,-2.606096176430583,healthy,81,True,0.60090733090776,land,2.6122110206633806,-6.7424409836530685,0.0003155834058688355,-0.9325394500046968,-0.8856437858194113,-2.497001526877284,0.005566913438795836,approach,3,—,none,-5.3662078231573105,0.016525964236323323,-18.061749394983053,1.5777921862900257,0.00014968517309404852,1.80272199272328,24.2576090618968,22.73300528526306,-331.34961081668735,-185.9157015569508
55,6414.247398746602,6048.427136065346,869.0436162985861,-0.716677101328969,-2.170508014038205,-0.9399118954315782,-0.28885116800665855,-0.10503369849175215,1.016823934391141,1.209449389949441,-0.2997507154941559,healthy,133,True,0.600905388275344,land,-0.6755174361169338,5.702700659632683,0.0001506092340501591,12.310242326930165,2.813845982775092,-2.2321047205477953,0.006004497354858878,approach,4,—,none,0.05911850929260254,0.007982574591277224,-16.069465782493353,0.592265035957098,8.10680627481004e-05,1.802716164826032,15.740647399798036,23.712045431137085,-261.3517780788243,336.05329394340515
65,5504.675123611937,6518.266350341,1114.8497086949646,1.4197546290233731,2.0274958312511444,0.30584245920181274,0.07743430137634277,0.8823776403442025,-0.5826933514326811,-0.10507353208959103,2.650482852011919,healthy,71,True,0.6009137595309576,land,0.9868197105824947,-5.509709924459457,0.00015991870737325182,-4.8933187779039145,-0.3233414255082607,0.6704901270568371,0.0028836435871349483,approach,5,—,none,-7.497907027602196,0.00837894440569942,-0.8191303722560406,-0.15570870600640774,7.599275332877782e-05,1.802741278592873,0.6865120492875576,22.183899641036987,3.290720656514168,-345.93697218224406
59,6790.889788479096,5740.09069318709,978.2080754637718,-0.7821924593299627,-1.159341724589467,0.9507475895807147,-1.7896711695939302,0.34588984306901693,-2.191902397200465,0.5646758917719126,1.290323294699192,healthy,76,True,0.6009231161234617,land,2.13703578338027,3.663115456700325,0.00022151114612761912,-13.99708153679967,-2.6740006115287542,2.891801878809929,0.0035348245756541227,approach,6,—,none,-2.288380965590477,0.01160291968797835,-10.400297548621893,-3.8488030433654785,0.00010509407687587525,1.8027693483703853,12.19014881644398,22.444807767868042,259.8332107998431,109.8177625797689
69,5881.507530707534,7149.707132719539,1224.4709815829992,0.07838323060423136,1.3927972465753555,-0.3169982470571995,1.5766493696719408,-1.1042057918384671,2.5835803169757128,-1.1240856405347586,-1.753556001931429,healthy,57,True,0.6009260710131653,land,-2.5758252404630184,-3.595116078853607,7.658924296216992e-05,6.531678009778261,0.18331293761730194,-1.3305542226880789,0.0012125131839955281,approach,7,—,none,5.224729776382446,0.004012621051405471,-5.220944117754698,4.309468260034919,3.636332646124677e-05,1.802778213039496,21.384885511361063,27.04861283302307,-4.515703581273556,-121.13150525838137
57,5413.990390855825,5916.079359979497,926.8433034420013,-0.9589655203744769,-1.769091658294201,-0.8421681504696608,-0.6612352095544338,1.3485152358189225,-1.197337618097663,0.22505742218345404,2.2536497991532087,healthy,53,True,0.6009115751719214,land,2.9777407497167587,4.160844773054123,9.409168439764062e-06,13.12828017398715,0.5192089509218931,-0.5137421172112226,0.0003345800759873928,approach,8,—,none,1.7504269629716873,0.0004940776230076664,-1.5060621686279774,-3.351640561595559,4.481251103977495e-06,1.8027347255157642,21.916710818186402,19.912490129470825,-70.46698788180947,239.12678519263864
67,6266.77546798953,6385.903555195388,1180.094988271594,0.2561596166342497,1.5323323365300894,0.16337494645267725,0.4490431845188141,-0.5705297542735934,0.015462348237633705,-1.4644765863195062,-0.702721981331706,healthy,194,True,0.6009097268519974,land,-1.7288929000496864,-4.096518889069557,4.439819348595474e-05,-5.717736762017012,-2.341034520417452,2.022621788084507,0.0013635741598464713,approach,9,—,none,-6.688709914684296,0.0023248304930948917,-16.605029348284006,3.4802697598934174,2.1030962913602566e-05,1.8027291805559922,6.862581428140402,52.27732872962952,195.22760435938835,-227.19232700765133
64,7125.649504764204,6963.632096006506,1108.1217068247497,0.9427895620465279,0.0027614962309598923,1.307058504782617,-0.886413624510169,-1.4767299704253674,2.163023041561246,1.0213054083287716,-0.9647910688072443,mixture_ratio,126,True,0.6009158085899466,land,0.7090636510401964,0.5846735537052155,0.0006862290122903434,-10.461560636758804,-2.1113319508731365,-0.3149701002985239,0.01191993345717482,approach,0,2.4,multiplicative (coupled),-0.41836999356746674,0.036432481509312074,-8.150382321327925,2.856412036344409,0.00034503510893165704,1.80274742576984,12.860783864744008,35.86578845977783,-106.97843208909035,58.35238629952073
54,6214.4124176185,5554.029768788721,861.8320903740823,-0.2400746801868081,-0.23476293683052063,-0.4411317855119705,1.0031248088926077,0.7235417738556862,-2.6241787802428007,-0.666746947914362,1.9913019631057978,mixture_ratio,36,True,0.6009053990816675,land,-0.9499618615955114,-0.6414377242326736,0.0006396172333362852,2.9919951036572456,1.1206124480813742,1.847838643938303,0.01325743066334952,approach,1,2.4,multiplicative (coupled),7.106673836708069,0.03373903121791041,-13.720513042062521,-2.7262569591403008,0.000319138180645763,1.8027161972450025,3.671756642870605,18.667628049850464,332.9017444513738,-47.0265869051218
70,6550.754741944303,6302.821493247606,1248.5290432348847,0.5612527616322041,2.576894609257579,-1.2962474869564176,-2.387236498296261,1.2591139767318964,-1.0003954153507948,0.002819996327161789,0.44364222697913647,mixture_ratio,77,True,0.6009118430047368,land,-2.1032006051391363,6.56068354845047,0.0006229442619646667,8.346214732155204,1.8761801719665527,0.9652323201298714,0.010894975689043468,approach,2,2.4,multiplicative (coupled),2.17937433719635,0.03308459905671555,-2.5771918706595898,-1.4332938473671675,0.0003136897731824911,1.8027355290142102,9.209183184430003,26.466431379318237,108.15148781985044,195.76595816761255
60,5639.363487125934,5832.9963982885065,1002.7572756633162,-1.2647007973864675,-2.4353580325841904,0.4299999587237835,2.5023370049893856,-0.47810730524361134,0.5874027628451586,-1.3124121017754078,-2.606096176430583,mixture_ratio,72,True,0.600904954513902,land,2.6122110206633806,-6.7424409836530685,0.0010728574340018269,-0.9325394500046968,-0.8856437858194113,-2.497001526877284,0.018507930990110152,approach,3,2.4,multiplicative (coupled),-5.3662078231573105,0.057005943525062525,-18.061749394983053,1.5777921862900257,0.0005408029085839319,1.802714863541706,24.2576090618968,26.042351484298706,-331.34961081668735,-185.9157015569508
55,6414.247398746602,6048.427136065346,869.0436162985861,-0.716677101328969,-2.170508014038205,-0.9399118954315782,-0.28885116800665855,-0.10503369849175215,1.016823934391141,1.209449389949441,-0.2997507154941559,mixture_ratio,193,True,0.6009043318111696,land,-0.6755174361169338,5.702700659632683,0.0009889130830040508,12.310242326930165,2.813845982775092,-2.2321047205477953,0.018197107351260077,approach,4,2.4,multiplicative (coupled),0.05911850929260254,0.05253317333625428,-16.069465782493353,0.592265035957098,0.0005006017671945,1.8027129954335088,15.740647399798036,32.8337607383728,-261.3517780788243,336.05329394340515
65,5504.675123611937,6518.266350341,1114.8497086949646,1.4197546290233731,2.0274958312511444,0.30584245920181274,0.07743430137634277,0.8823776403442025,-0.5826933514326811,-0.10507353208959103,2.650482852011919,mixture_ratio,53,True,0.6009496151947978,land,0.9868197105824947,-5.509709924459457,0.00046194071939366306,-4.8933187779039145,-0.3233414255082607,0.6704901270568371,0.011057902805653391,approach,5,2.4,multiplicative (coupled),-7.497907027602196,0.0246597490804611,-0.8191303722560406,-0.15570870600640774,0.00023415960606034918,1.8028488455843936,0.6865120492875576,20.886146306991577,3.290720656514168,-345.93697218224406
59,6790.889788479096,5740.09069318709,978.2080754637718,-0.7821924593299627,-1.159341724589467,0.9507475895807147,-1.7896711695939302,0.34588984306901693,-2.191902397200465,0.5646758917719126,1.290323294699192,mixture_ratio,74,True,0.6009092449176417,land,2.13703578338027,3.663115456700325,0.00012341349759867497,-13.99708153679967,-2.6740006115287542,2.891801878809929,0.002421127616413907,approach,6,2.4,multiplicative (coupled),-2.288380965590477,0.006558878173639518,-10.400297548621893,-3.8488030433654785,6.252969244642391e-05,1.8027277347529254,12.19014881644398,20.680814504623413,259.8332107998431,109.8177625797689
69,5881.507530707534,7149.707132719539,1224.4709815829992,0.07838323060423136,1.3927972465753555,-0.3169982470571995,1.5766493696719408,-1.1042057918384671,2.5835803169757128,-1.1240856405347586,-1.753556001931429,mixture_ratio,49,True,0.6009196166569711,land,-2.5758252404630184,-3.595116078853607,1.0008838215904797e-05,6.531678009778261,0.18331293761730194,-1.3305542226880789,0.0001233476826292356,approach,7,2.4,multiplicative (coupled),5.224729776382446,0.0005260890780611066,-5.220944117754698,4.309468260034919,4.722821962717932e-06,1.8027588499709133,21.384885511361063,21.89104676246643,-4.515703581273556,-121.13150525838137
57,5413.990390855825,5916.079359979497,926.8433034420013,-0.9589655203744769,-1.769091658294201,-0.8421681504696608,-0.6612352095544338,1.3485152358189225,-1.197337618097663,0.22505742218345404,2.2536497991532087,mixture_ratio,68,True,0.6009050478528671,land,2.9777407497167587,4.160844773054123,0.0006267118155463939,13.12828017398715,0.5192089509218931,-0.5137421172112226,0.01080371669156701,approach,8,2.4,multiplicative (coupled),1.7504269629716873,0.03327294017162353,-1.5060621686279774,-3.351640561595559,0.00031511373003256056,1.8027151435586013,21.916710818186402,21.906306743621826,-70.46698788180947,239.12678519263864
67,6266.77546798953,6385.903555195388,1180.094988271594,0.2561596166342497,1.5323323365300894,0.16337494645267725,0.4490431845188141,-0.5705297542735934,0.015462348237633705,-1.4644765863195062,-0.702721981331706,mixture_ratio,82,True,0.6009270902017493,land,-1.7288929000496864,-4.096518889069557,1.6207242135833406e-05,-5.717736762017012,-2.341034520417452,2.022621788084507,0.003085464223186201,approach,9,2.4,multiplicative (coupled),-6.688709914684296,0.0009935676639473054,-16.605029348284006,3.4802697598934174,1.429052621610427e-05,1.8027812706052477,6.862581428140402,25.22224736213684,195.22760435938835,-227.19232700765133
64,7125.649504764204,6963.632096006506,1108.1217068247497,0.9427895620465279,0.0027614962309598923,1.307058504782617,-0.886413624510169,-1.4767299704253674,2.163023041561246,1.0213054083287716,-0.9647910688072443,slow_thrust,65,True,0.6009114167986326,land,0.7090636510401964,0.5846735537052155,0.0007823895592647529,-10.461560636758804,-2.1113319508731365,-0.3149701002985239,0.013825489612826163,approach,0,2.5,multiplicative,-0.41836999356746674,0.04152389169661135,-8.150382321327925,2.856412036344409,0.00039364163992401647,1.8027342503958979,12.860783864744008,32.61700749397278,-106.97843208909035,58.35238629952073
54,6214.4124176185,5554.029768788721,861.8320903740823,-0.2400746801868081,-0.23476293683052063,-0.4411317855119705,1.0031248088926077,0.7235417738556862,-2.6241787802428007,-0.666746947914362,1.9913019631057978,slow_thrust,58,True,0.6009068861212341,land,-0.9499618615955114,-0.6414377242326736,0.001846543384798446,2.9919951036572456,1.1206124480813742,1.847838643938303,0.03774317103539858,approach,1,2.5,multiplicative,7.106673836708069,0.10031792585491295,-13.720513042062521,-2.7262569591403008,0.0010002487211340826,1.8027206583637023,3.671756642870605,26.862280130386353,332.9017444513738,-47.0265869051218
70,6550.754741944303,6302.821493247606,1248.5290432348847,0.5612527616322041,2.576894609257579,-1.2962474869564176,-2.387236498296261,1.2591139767318964,-1.0003954153507948,0.002819996327161789,0.44364222697913647,slow_thrust,147,True,0.6009152544995908,land,-2.1032006051391363,6.56068354845047,0.0006008397187760742,8.346214732155204,1.8761801719665527,0.9652323201298714,0.010608196515353736,approach,2,2.5,multiplicative,2.17937433719635,0.03189517440163547,-2.5771918706595898,-1.4332938473671675,0.0003027578917676777,1.8027457634987725,9.209183184430003,53.37981367111206,108.15148781985044,195.76595816761255
60,5639.363487125934,5832.9963982885065,1002.7572756633162,-1.2647007973864675,-2.4353580325841904,0.4299999587237835,2.5023370049893856,-0.47810730524361134,0.5874027628451586,-1.3124121017754078,-2.606096176430583,slow_thrust,61,True,0.6009027821981527,land,2.6122110206633806,-6.7424409836530685,0.001400783753008255,-0.9325394500046968,-0.8856437858194113,-2.497001526877284,0.024540424982588422,approach,3,2.5,multiplicative,-5.3662078231573105,0.07457261215762225,-18.061749394983053,1.5777921862900257,0.0007117385293058898,1.8027083465944582,24.2576090618968,34.22940540313721,-331.34961081668735,-185.9157015569508
55,6414.247398746602,6048.427136065346,869.0436162985861,-0.716677101328969,-2.170508014038205,-0.9399118954315782,-0.28885116800665855,-0.10503369849175215,1.016823934391141,1.209449389949441,-0.2997507154941559,slow_thrust,192,True,0.6009031217292458,land,-0.6755174361169338,5.702700659632683,0.0008124185846322359,12.310242326930165,2.813845982775092,-2.2321047205477953,0.01618726796283012,approach,4,2.5,multiplicative,0.05911850929260254,0.04304714482595046,-16.069465782493353,0.592265035957098,0.0004101196662764984,1.8027093651877373,15.740647399798036,49.144986152648926,-261.3517780788243,336.05329394340515
65,5504.675123611937,6518.266350341,1114.8497086949646,1.4197546290233731,2.0274958312511444,0.30584245920181274,0.07743430137634277,0.8823776403442025,-0.5826933514326811,-0.10507353208959103,2.650482852011919,slow_thrust,79,True,0.6009014123832314,land,0.9868197105824947,-5.509709924459457,0.001429069339399834,-4.8933187779039145,-0.3233414255082607,0.6704901270568371,0.025190367814110947,approach,5,2.5,multiplicative,-7.497907027602196,0.07529880962418073,-0.8191303722560406,-0.15570870600640774,0.0006985018677361059,1.8027042371496942,0.6865120492875576,35.95449256896973,3.290720656514168,-345.93697218224406
59,6790.889788479096,5740.09069318709,978.2080754637718,-0.7821924593299627,-1.159341724589467,0.9507475895807147,-1.7896711695939302,0.34588984306901693,-2.191902397200465,0.5646758917719126,1.290323294699192,slow_thrust,70,True,0.6009135136429786,land,2.13703578338027,3.663115456700325,0.001045392071142235,-13.99708153679967,-2.6740006115287542,2.891801878809929,0.01833310465898201,approach,6,2.5,multiplicative,-2.288380965590477,0.055620724872003556,-10.400297548621893,-3.8488030433654785,0.0005316442337298916,1.8027405409289359,12.19014881644398,30.39775013923645,259.8332107998431,109.8177625797689
69,5881.507530707534,7149.707132719539,1224.4709815829992,0.07838323060423136,1.3927972465753555,-0.3169982470571995,1.5766493696719408,-1.1042057918384671,2.5835803169757128,-1.1240856405347586,-1.753556001931429,slow_thrust,80,True,0.6009043843733939,land,-2.5758252404630184,-3.595116078853607,0.0005787208490359025,6.531678009778261,0.18331293761730194,-1.3305542226880789,0.010139185116948344,approach,7,2.5,multiplicative,5.224729776382446,0.030737697348052057,-5.220944117754698,4.309468260034919,0.00029201891779205347,1.8027131531201817,21.384885511361063,42.18601846694946,-4.515703581273556,-121.13150525838137
57,5413.990390855825,5916.079359979497,926.8433034420013,-0.9589655203744769,-1.769091658294201,-0.8421681504696608,-0.6612352095544338,1.3485152358189225,-1.197337618097663,0.22505742218345404,2.2536497991532087,slow_thrust,54,True,0.6009144370756125,land,2.9777407497167587,4.160844773054123,0.000778768116337537,13.12828017398715,0.5192089509218931,-0.5137421172112226,0.013836968950695468,approach,8,2.5,multiplicative,1.7504269629716873,0.04133213579565436,-1.5060621686279774,-3.351640561595559,0.0003918387314357725,1.8027433112268376,21.916710818186402,28.51261305809021,-70.46698788180947,239.12678519263864
67,6266.77546798953,6385.903555195388,1180.094988271594,0.2561596166342497,1.5323323365300894,0.16337494645267725,0.4490431845188141,-0.5705297542735934,0.015462348237633705,-1.4644765863195062,-0.702721981331706,slow_thrust,209,True,0.6009099915099632,land,-1.7288929000496864,-4.096518889069557,0.0014457872668156406,-5.717736762017012,-2.341034520417452,2.022621788084507,0.02501890689698776,approach,9,2.5,multiplicative,-6.688709914684296,0.07692897000722092,-16.605029348284006,3.4802697598934174,0.0007307947540343866,1.8027299745298895,6.862581428140402,63.47111797332764,195.22760435938835,-227.19232700765133
64,7125.649504764204,6963.632096006506,1108.1217068247497,0.9427895620465279,0.0027614962309598923,1.307058504782617,-0.886413624510169,-1.4767299704253674,2.163023041561246,1.0213054083287716,-0.9647910688072443,thrust_excess,118,True,0.600934076778051,land,0.7090636510401964,0.5846735537052155,0.0009177087574476045,-10.461560636758804,-2.1113319508731365,-0.3149701002985239,0.014038988801973058,approach,0,2.2,multiplicative,-0.41836999356746674,0.04781262637014011,-8.150382321327925,2.856412036344409,0.0004247366932767042,1.802802230334153,12.860783864744008,41.332866191864014,-106.97843208909035,58.35238629952073
54,6214.4124176185,5554.029768788721,861.8320903740823,-0.2400746801868081,-0.23476293683052063,-0.4411317855119705,1.0031248088926077,0.7235417738556862,-2.6241787802428007,-0.666746947914362,1.9913019631057978,thrust_excess,90,True,0.600932103330882,land,-0.9499618615955114,-0.6414377242326736,0.0009429392891017967,2.9919951036572456,1.1206124480813742,1.847838643938303,0.014349543104154813,approach,1,2.2,multiplicative,7.106673836708069,0.04911632666172737,-13.720513042062521,-2.7262569591403008,0.0004378998283497695,1.8027963099926458,3.671756642870605,31.219125270843506,332.9017444513738,-47.0265869051218
70,6550.754741944303,6302.821493247606,1248.5290432348847,0.5612527616322041,2.576894609257579,-1.2962474869564176,-2.387236498296261,1.2591139767318964,-1.0003954153507948,0.002819996327161789,0.44364222697913647,thrust_excess,108,True,0.6009210873812031,land,-2.1032006051391363,6.56068354845047,0.0005257616614649671,8.346214732155204,1.8761801719665527,0.9652323201298714,0.007973462413480254,approach,2,2.2,multiplicative,2.17937433719635,0.027385552880279617,-2.5771918706595898,-1.4332938473671675,0.00024313757927271778,1.8027632621436094,9.209183184430003,42.28356099128723,108.15148781985044,195.76595816761255
60,5639.363487125934,5832.9963982885065,1002.7572756633162,-1.2647007973864675,-2.4353580325841904,0.4299999587237835,2.5023370049893856,-0.47810730524361134,0.5874027628451586,-1.3124121017754078,-2.606096176430583,thrust_excess,99,True,0.6009325076076134,land,2.6122110206633806,-6.7424409836530685,0.0009137018709822264,-0.9325394500046968,-0.8856437858194113,-2.497001526877284,0.013902368974271722,approach,3,2.2,multiplicative,-5.3662078231573105,0.047575582889526166,-18.061749394983053,1.5777921862900257,0.0004217688735588412,1.8027975228228403,24.2576090618968,38.69792151451111,-331.34961081668735,-185.9157015569508
55,6414.247398746602,6048.427136065346,869.0436162985861,-0.716677101328969,-2.170508014038205,-0.9399118954315782,-0.28885116800665855,-0.10503369849175215,1.016823934391141,1.209449389949441,-0.2997507154941559,thrust_excess,177,True,0.6009461375012558,land,-0.6755174361169338,5.702700659632683,0.0012667703987412956,12.310242326930165,2.813845982775092,-2.2321047205477953,0.019210444077768542,approach,4,2.2,multiplicative,0.05911850929260254,0.06603924047177641,-16.069465782493353,0.592265035957098,0.0005878228945038328,1.8028384125037673,15.740647399798036,43.15838050842285,-261.3517780788243,336.05329394340515
65,5504.675123611937,6518.266350341,1114.8497086949646,1.4197546290233731,2.0274958312511444,0.30584245920181274,0.07743430137634277,0.8823776403442025,-0.5826933514326811,-0.10507353208959103,2.650482852011919,thrust_excess,171,True,0.6009173403667677,land,0.9868197105824947,-5.509709924459457,0.0003865579325327287,-4.8933187779039145,-0.3233414255082607,0.6704901270568371,0.005980385611100827,approach,5,2.2,multiplicative,-7.497907027602196,0.020128798184348623,-0.8191303722560406,-0.15570870600640774,0.00017852090482418624,1.8027520211003032,0.6865120492875576,51.13483715057373,3.290720656514168,-345.93697218224406
59,6790.889788479096,5740.09069318709,978.2080754637718,-0.7821924593299627,-1.159341724589467,0.9507475895807147,-1.7896711695939302,0.34588984306901693,-2.191902397200465,0.5646758917719126,1.290323294699192,thrust_excess,54,True,0.6009316785335262,land,2.13703578338027,3.663115456700325,0.0009069233841204144,-13.99708153679967,-2.6740006115287542,2.891801878809929,0.013798277330867763,approach,6,2.2,multiplicative,-2.288380965590477,0.04725259757678484,-10.400297548621893,-3.8488030433654785,0.00041985252444603046,1.8027950356005789,12.19014881644398,26.30321168899536,259.8332107998431,109.8177625797689
69,5881.507530707534,7149.707132719539,1224.4709815829992,0.07838323060423136,1.3927972465753555,-0.3169982470571995,1.5766493696719408,-1.1042057918384671,2.5835803169757128,-1.1240856405347586,-1.753556001931429,thrust_excess,81,True,0.6009225685775381,land,-2.5758252404630184,-3.595116078853607,0.00043658010714241224,6.531678009778261,0.18331293761730194,-1.3305542226880789,0.006612572194499172,approach,7,2.2,multiplicative,5.224729776382446,0.02271135236146071,-5.220944117754698,4.309468260034919,0.00020085253802896405,1.8027677057326144,21.384885511361063,36.34859776496887,-4.515703581273556,-121.13150525838137
57,5413.990390855825,5916.079359979497,926.8433034420013,-0.9589655203744769,-1.769091658294201,-0.8421681504696608,-0.6612352095544338,1.3485152358189225,-1.197337618097663,0.22505742218345404,2.2536497991532087,thrust_excess,60,True,0.6009261106744461,land,2.9777407497167587,4.160844773054123,0.0007583020212226018,13.12828017398715,0.5192089509218931,-0.5137421172112226,0.011482840741250486,approach,8,2.2,multiplicative,1.7504269629716873,0.039509888645451345,-1.5060621686279774,-3.351640561595559,0.0003510601585887296,1.8027783320233384,21.916710818186402,26.17886209487915,-70.46698788180947,239.12678519263864
67,6266.77546798953,6385.903555195388,1180.094988271594,0.2561596166342497,1.5323323365300894,0.16337494645267725,0.4490431845188141,-0.5705297542735934,0.015462348237633705,-1.4644765863195062,-0.702721981331706,thrust_excess,107,True,0.6009252383416726,land,-1.7288929000496864,-4.096518889069557,0.0006413642400227728,-5.717736762017012,-2.341034520417452,2.022621788084507,0.009965844118933594,approach,9,2.2,multiplicative,-6.688709914684296,0.03338846615511936,-16.605029348284006,3.4802697598934174,0.00029592658252359453,1.8027757150250177,6.862581428140402,40.00230884552002,195.22760435938835,-227.19232700765133
64,7125.649504764204,6963.632096006506,1108.1217068247497,0.9427895620465279,0.0027614962309598923,1.307058504782617,-0.886413624510169,-1.4767299704253674,2.163023041561246,1.0213054083287716,-0.9647910688072443,thrust_loss_50,65,True,0.6009042864024033,land,0.7090636510401964,0.5846735537052155,0.0012292061457395385,-10.461560636758804,-2.1113319508731365,-0.3149701002985239,0.021136636544645038,approach,0,2.1,multiplicative,-0.41836999356746674,0.06570823396949252,-8.150382321327925,2.856412036344409,0.0006314634313716549,1.80271285920721,12.860783864744008,30.777610301971436,-106.97843208909035,58.35238629952073
54,6214.4124176185,5554.029768788721,861.8320903740823,-0.2400746801868081,-0.23476293683052063,-0.4411317855119705,1.0031248088926077,0.7235417738556862,-2.6241787802428007,-0.666746947914362,1.9913019631057978,thrust_loss_50,44,True,0.6009188208338602,land,-0.9499618615955114,-0.6414377242326736,0.0005675664573513462,2.9919951036572456,1.1206124480813742,1.847838643938303,0.021066473843194357,approach,1,2.1,multiplicative,7.106673836708069,0.03148342280671044,-13.720513042062521,-2.7262569591403008,0.0002754817918458505,1.8027564625015806,3.671756642870605,21.464771509170532,332.9017444513738,-47.0265869051218
70,6550.754741944303,6302.821493247606,1248.5290432348847,0.5612527616322041,2.576894609257579,-1.2962474869564176,-2.387236498296261,1.2591139767318964,-1.0003954153507948,0.002819996327161789,0.44364222697913647,thrust_loss_50,110,True,0.600910513784583,land,-2.1032006051391363,6.56068354845047,0.0011066446349757143,8.346214732155204,1.8761801719665527,0.9652323201298714,0.019064514913600093,approach,2,2.1,multiplicative,2.17937433719635,0.05914804375140479,-2.5771918706595898,-1.4332938473671675,0.0005680340454553834,1.8027315413537492,9.209183184430003,43.967684745788574,108.15148781985044,195.76595816761255
60,5639.363487125934,5832.9963982885065,1002.7572756633162,-1.2647007973864675,-2.4353580325841904,0.4299999587237835,2.5023370049893856,-0.47810730524361134,0.5874027628451586,-1.3124121017754078,-2.606096176430583,thrust_loss_50,69,True,0.6010207438905721,land,2.6122110206633806,-6.7424409836530685,0.0011734362102590293,-0.9325394500046968,-0.8856437858194113,-2.497001526877284,0.021583614704493232,approach,3,2.1,multiplicative,-5.3662078231573105,0.06292058419900888,-18.061749394983053,1.5777921862900257,0.0006124926242688808,1.8030622316717164,24.2576090618968,29.88347578048706,-331.34961081668735,-185.9157015569508
55,6414.247398746602,6048.427136065346,869.0436162985861,-0.716677101328969,-2.170508014038205,-0.9399118954315782,-0.28885116800665855,-0.10503369849175215,1.016823934391141,1.209449389949441,-0.2997507154941559,thrust_loss_50,111,True,0.6009080301917258,land,-0.6755174361169338,5.702700659632683,0.0015722500703179093,12.310242326930165,2.813845982775092,-2.2321047205477953,0.035682312059216285,approach,4,2.1,multiplicative,0.05911850929260254,0.0864438773887027,-16.069465782493353,0.592265035957098,0.0008334471078249878,1.8027240905751774,15.740647399798036,35.08967733383179,-261.3517780788243,336.05329394340515
65,5504.675123611937,6518.266350341,1114.8497086949646,1.4197546290233731,2.0274958312511444,0.30584245920181274,0.07743430137634277,0.8823776403442025,-0.5826933514326811,-0.10507353208959103,2.650482852011919,thrust_loss_50,53,True,0.6010129756836236,land,0.9868197105824947,-5.509709924459457,0.0013693130840533795,-4.8933187779039145,-0.3233414255082607,0.6704901270568371,0.029268788011133893,approach,5,2.1,multiplicative,-7.497907027602196,0.0731220911991192,-0.8191303722560406,-0.15570870600640774,0.0007480785456420274,1.8030389270508707,0.6865120492875576,29.047394037246704,3.290720656514168,-345.93697218224406
59,6790.889788479096,5740.09069318709,978.2080754637718,-0.7821924593299627,-1.159341724589467,0.9507475895807147,-1.7896711695939302,0.34588984306901693,-2.191902397200465,0.5646758917719126,1.290323294699192,thrust_loss_50,64,True,0.6009634737907915,land,2.13703578338027,3.663115456700325,0.0005916416394158352,-13.99708153679967,-2.6740006115287542,2.891801878809929,0.013021213108437044,approach,6,2.1,multiplicative,-2.288380965590477,0.03162156373633131,-10.400297548621893,-3.8488030433654785,0.00031276432884278584,1.8028904213723744,12.19014881644398,28.93949866294861,259.8332107998431,109.8177625797689
69,5881.507530707534,7149.707132719539,1224.4709815829992,0.07838323060423136,1.3927972465753555,-0.3169982470571995,1.5766493696719408,-1.1042057918384671,2.5835803169757128,-1.1240856405347586,-1.753556001931429,thrust_loss_50,94,True,0.6009183938998168,land,-2.5758252404630184,-3.595116078853607,5.2018600512625726e-05,6.531678009778261,0.18331293761730194,-1.3305542226880789,0.0008921255021499403,approach,7,2.1,multiplicative,5.224729776382446,0.0027775375380890313,-5.220944117754698,4.309468260034919,2.6569786151764187e-05,1.8027551816994505,21.384885511361063,40.223435401916504,-4.515703581273556,-121.13150525838137
57,5413.990390855825,5916.079359979497,926.8433034420013,-0.9589655203744769,-1.769091658294201,-0.8421681504696608,-0.6612352095544338,1.3485152358189225,-1.197337618097663,0.22505742218345404,2.2536497991532087,thrust_loss_50,81,True,0.6009069350082681,land,2.9777407497167587,4.160844773054123,0.0011548445929603364,13.12828017398715,0.5192089509218931,-0.5137421172112226,0.02003931137448903,approach,8,2.1,multiplicative,1.7504269629716873,0.06169030877669668,-1.5060621686279774,-3.351640561595559,0.0005918677831108275,1.8027208050248043,21.916710818186402,35.68673276901245,-70.46698788180947,239.12678519263864
67,6266.77546798953,6385.903555195388,1180.094988271594,0.2561596166342497,1.5323323365300894,0.16337494645267725,0.4490431845188141,-0.5705297542735934,0.015462348237633705,-1.4644765863195062,-0.702721981331706,thrust_loss_50,147,True,0.601055715450598,land,-1.7288929000496864,-4.096518889069557,0.0015174638966919069,-5.717736762017012,-2.341034520417452,2.022621788084507,0.027766936631714412,approach,9,2.1,multiplicative,-6.688709914684296,0.0814497661372337,-16.605029348284006,3.4802697598934174,0.000798597043002112,1.803167146351794,6.862581428140402,49.36217951774597,195.22760435938835,-227.19232700765133
64,7125.649504764204,6963.632096006506,1108.1217068247497,0.9427895620465279,0.0027614962309598923,1.307058504782617,-0.886413624510169,-1.4767299704253674,2.163023041561246,1.0213054083287716,-0.9647910688072443,thrust_loss_85,350,False,inf,no_recovery,0.7090636510401964,0.5846735537052155,nan,-10.461560636758804,-2.1113319508731365,-0.3149701002985239,nan,approach,0,2.1,multiplicative,-0.41836999356746674,nan,-8.150382321327925,2.856412036344409,nan,nan,12.860783864744008,219.17543983459473,-106.97843208909035,58.35238629952073
54,6214.4124176185,5554.029768788721,861.8320903740823,-0.2400746801868081,-0.23476293683052063,-0.4411317855119705,1.0031248088926077,0.7235417738556862,-2.6241787802428007,-0.666746947914362,1.9913019631057978,thrust_loss_85,120,False,8.027242448102125,gate_miss,-0.9499618615955114,-0.6414377242326736,1.7839389012322584,2.9919951036572456,1.1206124480813742,1.847838643938303,10.196500287133935,approach,1,2.1,multiplicative,7.106673836708069,9.07397570160062,-13.720513042062521,-2.7262569591403008,6.053075179043763,24.081727344306376,3.671756642870605,56.90086913108826,332.9017444513738,-47.0265869051218
70,6550.754741944303,6302.821493247606,1248.5290432348847,0.5612527616322041,2.576894609257579,-1.2962474869564176,-2.387236498296261,1.2591139767318964,-1.0003954153507948,0.002819996327161789,0.44364222697913647,thrust_loss_85,350,False,inf,no_recovery,-2.1032006051391363,6.56068354845047,nan,8.346214732155204,1.8761801719665527,0.9652323201298714,nan,approach,2,2.1,multiplicative,2.17937433719635,nan,-2.5771918706595898,-1.4332938473671675,nan,nan,9.209183184430003,228.32927179336548,108.15148781985044,195.76595816761255
60,5639.363487125934,5832.9963982885065,1002.7572756633162,-1.2647007973864675,-2.4353580325841904,0.4299999587237835,2.5023370049893856,-0.47810730524361134,0.5874027628451586,-1.3124121017754078,-2.606096176430583,thrust_loss_85,350,False,inf,no_recovery,2.6122110206633806,-6.7424409836530685,nan,-0.9325394500046968,-0.8856437858194113,-2.497001526877284,nan,approach,3,2.1,multiplicative,-5.3662078231573105,nan,-18.061749394983053,1.5777921862900257,nan,nan,24.2576090618968,138.52864742279053,-331.34961081668735,-185.9157015569508
55,6414.247398746602,6048.427136065346,869.0436162985861,-0.716677101328969,-2.170508014038205,-0.9399118954315782,-0.28885116800665855,-0.10503369849175215,1.016823934391141,1.209449389949441,-0.2997507154941559,thrust_loss_85,141,False,inf,no_recovery,-0.6755174361169338,5.702700659632683,nan,12.310242326930165,2.813845982775092,-2.2321047205477953,nan,approach,4,2.1,multiplicative,0.05911850929260254,nan,-16.069465782493353,0.592265035957098,nan,nan,15.740647399798036,56.508033752441406,-261.3517780788243,336.05329394340515
65,5504.675123611937,6518.266350341,1114.8497086949646,1.4197546290233731,2.0274958312511444,0.30584245920181274,0.07743430137634277,0.8823776403442025,-0.5826933514326811,-0.10507353208959103,2.650482852011919,thrust_loss_85,141,False,8.724710770091205,gate_miss,0.9868197105824947,-5.509709924459457,1.843395630783926,-4.8933187779039145,-0.3233414255082607,0.6704901270568371,11.859281757303924,approach,5,2.1,multiplicative,-7.497907027602196,14.200509037867654,-0.8191303722560406,-0.15570870600640774,9.487573390044853,26.174132310273613,0.6865120492875576,81.96011877059937,3.290720656514168,-345.93697218224406
59,6790.889788479096,5740.09069318709,978.2080754637718,-0.7821924593299627,-1.159341724589467,0.9507475895807147,-1.7896711695939302,0.34588984306901693,-2.191902397200465,0.5646758917719126,1.290323294699192,thrust_loss_85,350,False,inf,no_recovery,2.13703578338027,3.663115456700325,nan,-13.99708153679967,-2.6740006115287542,2.891801878809929,nan,approach,6,2.1,multiplicative,-2.288380965590477,nan,-10.400297548621893,-3.8488030433654785,nan,nan,12.19014881644398,176.69711565971375,259.8332107998431,109.8177625797689
69,5881.507530707534,7149.707132719539,1224.4709815829992,0.07838323060423136,1.3927972465753555,-0.3169982470571995,1.5766493696719408,-1.1042057918384671,2.5835803169757128,-1.1240856405347586,-1.753556001931429,thrust_loss_85,350,False,inf,no_recovery,-2.5758252404630184,-3.595116078853607,nan,6.531678009778261,0.18331293761730194,-1.3305542226880789,nan,approach,7,2.1,multiplicative,5.224729776382446,nan,-5.220944117754698,4.309468260034919,nan,nan,21.384885511361063,151.6759316921234,-4.515703581273556,-121.13150525838137
57,5413.990390855825,5916.079359979497,926.8433034420013,-0.9589655203744769,-1.769091658294201,-0.8421681504696608,-0.6612352095544338,1.3485152358189225,-1.197337618097663,0.22505742218345404,2.2536497991532087,thrust_loss_85,350,False,inf,no_recovery,2.9777407497167587,4.160844773054123,nan,13.12828017398715,0.5192089509218931,-0.5137421172112226,nan,approach,8,2.1,multiplicative,1.7504269629716873,nan,-1.5060621686279774,-3.351640561595559,nan,nan,21.916710818186402,116.21638321876526,-70.46698788180947,239.12678519263864
67,6266.77546798953,6385.903555195388,1180.094988271594,0.2561596166342497,1.5323323365300894,0.16337494645267725,0.4490431845188141,-0.5705297542735934,0.015462348237633705,-1.4644765863195062,-0.702721981331706,thrust_loss_85,350,False,inf,no_recovery,-1.7288929000496864,-4.096518889069557,nan,-5.717736762017012,-2.341034520417452,2.022621788084507,nan,approach,9,2.1,multiplicative,-6.688709914684296,nan,-16.605029348284006,3.4802697598934174,nan,nan,6.862581428140402,208.76991057395935,195.22760435938835,-227.19232700765133
64,7125.649504764204,6963.632096006506,1108.1217068247497,0.9427895620465279,0.0027614962309598923,1.307058504782617,-0.886413624510169,-1.4767299704253674,2.163023041561246,1.0213054083287716,-0.9647910688072443,tvc_bias,181,True,0.6009156910842035,land,0.7090636510401964,0.5846735537052155,0.00023443726829703456,-10.461560636758804,-2.1113319508731365,-0.3149701002985239,0.003800216877899995,approach,0,2.7,additive,-0.41836999356746674,0.012317101628282983,-8.150382321327925,2.856412036344409,0.00011306613057041516,1.8027470732526105,12.860783864744008,52.68600153923035,-106.97843208909035,58.35238629952073
54,6214.4124176185,5554.029768788721,861.8320903740823,-0.2400746801868081,-0.23476293683052063,-0.4411317855119705,1.0031248088926077,0.7235417738556862,-2.6241787802428007,-0.666746947914362,1.9913019631057978,tvc_bias,51,True,0.6009229903700869,land,-0.9499618615955114,-0.6414377242326736,0.0003360010629238739,2.9919951036572456,1.1206124480813742,1.847838643938303,0.005889982118922693,approach,1,2.7,additive,7.106673836708069,0.017582674772657785,-13.720513042062521,-2.7262569591403008,0.0001604167317663951,1.8027689711102606,3.671756642870605,26.757200956344604,332.9017444513738,-47.0265869051218
70,6550.754741944303,6302.821493247606,1248.5290432348847,0.5612527616322041,2.576894609257579,-1.2962474869564176,-2.387236498296261,1.2591139767318964,-1.0003954153507948,0.002819996327161789,0.44364222697913647,tvc_bias,73,True,0.6009174353674683,land,-2.1032006051391363,6.56068354845047,0.00031897916488399556,8.346214732155204,1.8761801719665527,0.9652323201298714,0.005052740704404403,approach,2,2.7,additive,2.17937433719635,0.01674972093046427,-2.5771918706595898,-1.4332938473671675,0.00015321296776037285,1.802752306102405,9.209183184430003,31.417125940322876,108.15148781985044,195.76595816761255
60,5639.363487125934,5832.9963982885065,1002.7572756633162,-1.2647007973864675,-2.4353580325841904,0.4299999587237835,2.5023370049893856,-0.47810730524361134,0.5874027628451586,-1.3124121017754078,-2.606096176430583,tvc_bias,151,True,0.6009071954102051,land,2.6122110206633806,-6.7424409836530685,8.942241141477619e-05,-0.9325394500046968,-0.8856437858194113,-2.497001526877284,0.0023479079042424142,approach,3,2.7,additive,-5.3662078231573105,0.004650240346821658,-18.061749394983053,1.5777921862900257,4.3210561581121146e-05,1.8027215862306152,24.2576090618968,40.680808544158936,-331.34961081668735,-185.9157015569508
55,6414.247398746602,6048.427136065346,869.0436162985861,-0.716677101328969,-2.170508014038205,-0.9399118954315782,-0.28885116800665855,-0.10503369849175215,1.016823934391141,1.209449389949441,-0.2997507154941559,tvc_bias,138,True,0.6009086252205088,land,-0.6755174361169338,5.702700659632683,0.0004361243343749243,12.310242326930165,2.813845982775092,-2.2321047205477953,0.009172743053167268,approach,4,2.7,additive,0.05911850929260254,0.02288729544702582,-16.069465782493353,0.592265035957098,0.00020826485681377525,1.8027258756615265,15.740647399798036,29.41242003440857,-261.3517780788243,336.05329394340515
65,5504.675123611937,6518.266350341,1114.8497086949646,1.4197546290233731,2.0274958312511444,0.30584245920181274,0.07743430137634277,0.8823776403442025,-0.5826933514326811,-0.10507353208959103,2.650482852011919,tvc_bias,70,True,0.6009095313400344,land,0.9868197105824947,-5.509709924459457,0.00021598161011622473,-4.8933187779039145,-0.3233414255082607,0.6704901270568371,0.0045943614323234105,approach,5,2.7,additive,-7.497907027602196,0.01136942691459494,-0.8191303722560406,-0.15570870600640774,0.00010582033680953926,1.8027285940201032,0.6865120492875576,26.858287811279297,3.290720656514168,-345.93697218224406
59,6790.889788479096,5740.09069318709,978.2080754637718,-0.7821924593299627,-1.159341724589467,0.9507475895807147,-1.7896711695939302,0.34588984306901693,-2.191902397200465,0.5646758917719126,1.290323294699192,tvc_bias,83,True,0.6009131698593154,land,2.13703578338027,3.663115456700325,0.0006786973957999992,-13.99708153679967,-2.6740006115287542,2.891801878809929,0.010665603990377146,approach,6,2.7,additive,-2.288380965590477,0.03567719896332724,-10.400297548621893,-3.8488030433654785,0.00032683650596324504,1.8027395095779462,12.19014881644398,26.88184428215027,259.8332107998431,109.8177625797689
69,5881.507530707534,7149.707132719539,1224.4709815829992,0.07838323060423136,1.3927972465753555,-0.3169982470571995,1.5766493696719408,-1.1042057918384671,2.5835803169757128,-1.1240856405347586,-1.753556001931429,tvc_bias,93,True,0.600908642660703,land,-2.5758252404630184,-3.595116078853607,3.1834446058677524e-05,6.531678009778261,0.18331293761730194,-1.3305542226880789,0.0008898578302945651,approach,7,2.7,additive,5.224729776382446,0.0017470526387887086,-5.220944117754698,4.309468260034919,2.1912633230836523e-05,1.802725927982109,21.384885511361063,35.18274474143982,-4.515703581273556,-121.13150525838137
57,5413.990390855825,5916.079359979497,926.8433034420013,-0.9589655203744769,-1.769091658294201,-0.8421681504696608,-0.6612352095544338,1.3485152358189225,-1.197337618097663,0.22505742218345404,2.2536497991532087,tvc_bias,48,True,0.600925025490426,land,2.9777407497167587,4.160844773054123,0.00020863704546467756,13.12828017398715,0.5192089509218931,-0.5137421172112226,0.003507963622058003,approach,8,2.7,additive,1.7504269629716873,0.010963620145118124,-1.5060621686279774,-3.351640561595559,0.00010089607980120189,1.8027750764712782,21.916710818186402,22.124677419662476,-70.46698788180947,239.12678519263864
67,6266.77546798953,6385.903555195388,1180.094988271594,0.2561596166342497,1.5323323365300894,0.16337494645267725,0.4490431845188141,-0.5705297542735934,0.015462348237633705,-1.4644765863195062,-0.702721981331706,tvc_bias,101,True,0.6009179269932189,land,-1.7288929000496864,-4.096518889069557,5.001198509952579e-05,-5.717736762017012,-2.341034520417452,2.022621788084507,0.0029876616605042914,approach,9,2.7,additive,-6.688709914684296,0.0026731954074567955,-16.605029348284006,3.4802697598934174,2.9521777766760258e-05,1.8027537809796568,6.862581428140402,33.277084827423096,195.22760435938835,-227.19232700765133
64,7125.649504764204,6963.632096006506,1108.1217068247497,0.9427895620465279,0.0027614962309598923,1.307058504782617,-0.886413624510169,-1.4767299704253674,2.163023041561246,1.0213054083287716,-0.9647910688072443,tvc_gain_loss,72,True,0.6009090394136759,land,0.7090636510401964,0.5846735537052155,6.764525272496316e-05,-10.461560636758804,-2.1113319508731365,-0.3149701002985239,0.0011399414789140336,approach,0,2.7,multiplicative,-0.41836999356746674,0.0035440728072310534,-8.150382321327925,2.856412036344409,3.212792460395335e-05,1.8027271182410276,12.860783864744008,36.12408494949341,-106.97843208909035,58.35238629952073
54,6214.4124176185,5554.029768788721,861.8320903740823,-0.2400746801868081,-0.23476293683052063,-0.4411317855119705,1.0031248088926077,0.7235417738556862,-2.6241787802428007,-0.666746947914362,1.9913019631057978,tvc_gain_loss,42,True,0.6009085938843418,land,-0.9499618615955114,-0.6414377242326736,0.0005160993408518947,2.9919951036572456,1.1206124480813742,1.847838643938303,0.008862915417880854,approach,1,2.7,multiplicative,7.106673836708069,0.02713362653665298,-13.720513042062521,-2.7262569591403008,0.00025108085089534777,1.8027257816530253,3.671756642870605,24.967121124267578,332.9017444513738,-47.0265869051218
70,6550.754741944303,6302.821493247606,1248.5290432348847,0.5612527616322041,2.576894609257579,-1.2962474869564176,-2.387236498296261,1.2591139767318964,-1.0003954153507948,0.002819996327161789,0.44364222697913647,tvc_gain_loss,80,True,0.6009155257331401,land,-2.1032006051391363,6.56068354845047,2.8090562050933844e-05,8.346214732155204,1.8761801719665527,0.9652323201298714,0.0007702645194979829,approach,2,2.7,multiplicative,2.17937433719635,0.0014765031479285673,-2.5771918706595898,-1.4332938473671675,1.376436297719767e-05,1.8027465771994202,9.209183184430003,41.18587374687195,108.15148781985044,195.76595816761255
60,5639.363487125934,5832.9963982885065,1002.7572756633162,-1.2647007973864675,-2.4353580325841904,0.4299999587237835,2.5023370049893856,-0.47810730524361134,0.5874027628451586,-1.3124121017754078,-2.606096176430583,tvc_gain_loss,105,True,0.6009078571663885,land,2.6122110206633806,-6.7424409836530685,0.00015389532555815897,-0.9325394500046968,-0.8856437858194113,-2.497001526877284,0.0025888708153003065,approach,3,2.7,multiplicative,-5.3662078231573105,0.00807763781332019,-18.061749394983053,1.5777921862900257,7.36619656424165e-05,1.8027235714991656,24.2576090618968,43.88539505004883,-331.34961081668735,-185.9157015569508
55,6414.247398746602,6048.427136065346,869.0436162985861,-0.716677101328969,-2.170508014038205,-0.9399118954315782,-0.28885116800665855,-0.10503369849175215,1.016823934391141,1.209449389949441,-0.2997507154941559,tvc_gain_loss,73,True,0.6009043781595431,land,-0.6755174361169338,5.702700659632683,0.0003205831565991086,12.310242326930165,2.813845982775092,-2.2321047205477953,0.00590278218743327,approach,4,2.7,multiplicative,0.05911850929260254,0.016767814063471283,-16.069465782493353,0.592265035957098,0.00015087649842426666,1.8027131344786294,15.740647399798036,30.958085536956787,-261.3517780788243,336.05329394340515
65,5504.675123611937,6518.266350341,1114.8497086949646,1.4197546290233731,2.0274958312511444,0.30584245920181274,0.07743430137634277,0.8823776403442025,-0.5826933514326811,-0.10507353208959103,2.650482852011919,tvc_gain_loss,45,True,0.6009223983517534,land,0.9868197105824947,-5.509709924459457,0.0002579750797125604,-4.8933187779039145,-0.3233414255082607,0.6704901270568371,0.009516846484942228,approach,5,2.7,multiplicative,-7.497907027602196,0.014411725885221808,-0.8191303722560406,-0.15570870600640774,0.0001739897607422312,1.8027671950552604,0.6865120492875576,29.886361122131348,3.290720656514168,-345.93697218224406
59,6790.889788479096,5740.09069318709,978.2080754637718,-0.7821924593299627,-1.159341724589467,0.9507475895807147,-1.7896711695939302,0.34588984306901693,-2.191902397200465,0.5646758917719126,1.290323294699192,tvc_gain_loss,59,True,0.6009130317350241,land,2.13703578338027,3.663115456700325,0.0006275572964943747,-13.99708153679967,-2.6740006115287542,2.891801878809929,0.010064060587202077,approach,6,2.7,multiplicative,-2.288380965590477,0.032841336429834465,-10.400297548621893,-3.8488030433654785,0.00029623012301647453,1.8027390952050721,12.19014881644398,30.39470100402832,259.8332107998431,109.8177625797689
69,5881.507530707534,7149.707132719539,1224.4709815829992,0.07838323060423136,1.3927972465753555,-0.3169982470571995,1.5766493696719408,-1.1042057918384671,2.5835803169757128,-1.1240856405347586,-1.753556001931429,tvc_gain_loss,89,True,0.6009055699195104,land,-2.5758252404630184,-3.595116078853607,0.000202948628469009,6.531678009778261,0.18331293761730194,-1.3305542226880789,0.0032010439490120384,approach,7,2.7,multiplicative,5.224729776382446,0.010653287844719217,-5.220944117754698,4.309468260034919,9.696057155432208e-05,1.802716709758531,21.384885511361063,44.26637625694275,-4.515703581273556,-121.13150525838137
57,5413.990390855825,5916.079359979497,926.8433034420013,-0.9589655203744769,-1.769091658294201,-0.8421681504696608,-0.6612352095544338,1.3485152358189225,-1.197337618097663,0.22505742218345404,2.2536497991532087,tvc_gain_loss,52,True,0.6009114106925771,land,2.9777407497167587,4.160844773054123,0.00010462777434801407,13.12828017398715,0.5192089509218931,-0.5137421172112226,0.0016599781793492148,approach,8,2.7,multiplicative,1.7504269629716873,0.005488731881570051,-1.5060621686279774,-3.351640561595559,4.990625864745792e-05,1.8027342320777313,21.916710818186402,29.008623600006104,-70.46698788180947,239.12678519263864
67,6266.77546798953,6385.903555195388,1180.094988271594,0.2561596166342497,1.5323323365300894,0.16337494645267725,0.4490431845188141,-0.5705297542735934,0.015462348237633705,-1.4644765863195062,-0.702721981331706,tvc_gain_loss,151,True,0.6009101567751464,land,-1.7288929000496864,-4.096518889069557,0.00015044708272940642,-5.717736762017012,-2.341034520417452,2.022621788084507,0.0030166370563894265,approach,9,2.7,multiplicative,-6.688709914684296,0.007881266971134428,-16.605029348284006,3.4802697598934174,7.135554507806391e-05,1.8027304703254392,6.862581428140402,50.93751931190491,195.22760435938835,-227.19232700765133
64,7125.649504764204,6963.632096006506,1108.1217068247497,0.9427895620465279,0.0027614962309598923,1.307058504782617,-0.886413624510169,-1.4767299704253674,2.163023041561246,1.0213054083287716,-0.9647910688072443,valve_stuck_open,178,True,0.6201054389875497,land,0.7090636510401964,0.5846735537052155,0.03702974611152136,-10.461560636758804,-2.1113319508731365,-0.3149701002985239,1.470656034206545,approach,0,2.2 / 1.4,structural,-0.41836999356746674,3.4704086985184635,-8.150382321327925,2.856412036344409,0.11835382990191082,1.860316316962649,12.860783864744008,46.648762941360474,-106.97843208909035,58.35238629952073
54,6214.4124176185,5554.029768788721,861.8320903740823,-0.2400746801868081,-0.23476293683052063,-0.4411317855119705,1.0031248088926077,0.7235417738556862,-2.6241787802428007,-0.666746947914362,1.9913019631057978,valve_stuck_open,124,True,0.6134009208278183,land,-0.9499618615955114,-0.6414377242326736,0.052823422988624184,2.9919951036572456,1.1206124480813742,1.847838643938303,1.370948957679026,approach,1,2.2 / 1.4,structural,7.106673836708069,3.5796048085149157,-13.720513042062521,-2.7262569591403008,0.06625769564427478,1.840202762483455,3.671756642870605,31.584303379058838,332.9017444513738,-47.0265869051218
70,6550.754741944303,6302.821493247606,1248.5290432348847,0.5612527616322041,2.576894609257579,-1.2962474869564176,-2.387236498296261,1.2591139767318964,-1.0003954153507948,0.002819996327161789,0.44364222697913647,valve_stuck_open,191,True,0.7874186195913967,land,-2.1032006051391363,6.56068354845047,0.04805968181161992,8.346214732155204,1.8761801719665527,0.9652323201298714,1.3406016790332584,approach,2,2.2 / 1.4,structural,2.17937433719635,4.72451171754838,-2.5771918706595898,-1.4332938473671675,0.1303171958962534,1.8607055665226333,9.209183184430003,46.2202410697937,108.15148781985044,195.76595816761255
60,5639.363487125934,5832.9963982885065,1002.7572756633162,-1.2647007973864675,-2.4353580325841904,0.4299999587237835,2.5023370049893856,-0.47810730524361134,0.5874027628451586,-1.3124121017754078,-2.606096176430583,valve_stuck_open,131,True,0.7351767056098125,land,2.6122110206633806,-6.7424409836530685,0.03741559976270174,-0.9325394500046968,-0.8856437858194113,-2.497001526877284,0.813517848799415,approach,3,2.2 / 1.4,structural,-5.3662078231573105,4.411060233658875,-18.061749394983053,1.5777921862900257,0.12640456048965112,1.8574022164586628,24.2576090618968,35.00646162033081,-331.34961081668735,-185.9157015569508
55,6414.247398746602,6048.427136065346,869.0436162985861,-0.716677101328969,-2.170508014038205,-0.9399118954315782,-0.28885116800665855,-0.10503369849175215,1.016823934391141,1.209449389949441,-0.2997507154941559,valve_stuck_open,112,True,0.6399141523999258,land,-0.6755174361169338,5.702700659632683,0.05055376680071308,12.310242326930165,2.813845982775092,-2.2321047205477953,1.1301327149558207,approach,4,2.2 / 1.4,structural,0.05911850929260254,3.8394849143995544,-16.069465782493353,0.592265035957098,0.08833536058384803,1.852831995035712,15.740647399798036,23.998323440551758,-261.3517780788243,336.05329394340515
65,5504.675123611937,6518.266350341,1114.8497086949646,1.4197546290233731,2.0274958312511444,0.30584245920181274,0.07743430137634277,0.8823776403442025,-0.5826933514326811,-0.10507353208959103,2.650482852011919,valve_stuck_open,161,True,0.6179039315308276,land,0.9868197105824947,-5.509709924459457,0.015895671859620313,-4.8933187779039145,-0.3233414255082607,0.6704901270568371,1.2200536602366392,approach,5,2.2 / 1.4,structural,-7.497907027602196,2.7804727660294963,-0.8191303722560406,-0.15570870600640774,0.1092734530190411,1.8537117945924826,0.6865120492875576,35.2551326751709,3.290720656514168,-345.93697218224406
59,6790.889788479096,5740.09069318709,978.2080754637718,-0.7821924593299627,-1.159341724589467,0.9507475895807147,-1.7896711695939302,0.34588984306901693,-2.191902397200465,0.5646758917719126,1.290323294699192,valve_stuck_open,121,True,0.6899135944182896,land,2.13703578338027,3.663115456700325,0.029142784515271813,-13.99708153679967,-2.6740006115287542,2.891801878809929,0.8804343235052308,approach,6,2.2 / 1.4,structural,-2.288380965590477,4.139481566509738,-10.400297548621893,-3.8488030433654785,0.1226059373703479,1.8566885050911295,12.19014881644398,26.385543823242188,259.8332107998431,109.8177625797689
69,5881.507530707534,7149.707132719539,1224.4709815829992,0.07838323060423136,1.3927972465753555,-0.3169982470571995,1.5766493696719408,-1.1042057918384671,2.5835803169757128,-1.1240856405347586,-1.753556001931429,valve_stuck_open,175,True,0.680118497589748,land,-2.5758252404630184,-3.595116078853607,0.025518467420655045,6.531678009778261,0.18331293761730194,-1.3305542226880789,0.9198055572575964,approach,7,2.2 / 1.4,structural,5.224729776382446,4.080710985538488,-5.220944117754698,4.309468260034919,0.12161167154981609,1.855605916177149,21.384885511361063,38.421911001205444,-4.515703581273556,-121.13150525838137
57,5413.990390855825,5916.079359979497,926.8433034420013,-0.9589655203744769,-1.769091658294201,-0.8421681504696608,-0.6612352095544338,1.3485152358189225,-1.197337618097663,0.22505742218345404,2.2536497991532087,valve_stuck_open,149,True,0.6086943798076727,land,2.9777407497167587,4.160844773054123,0.025240884013376798,13.12828017398715,0.5192089509218931,-0.5137421172112226,2.176954151280014,approach,8,2.2 / 1.4,structural,1.7504269629716873,1.8288652306254651,-1.5060621686279774,-3.351640561595559,0.045465701282532474,1.8260831394230181,21.916710818186402,30.351391553878784,-70.46698788180947,239.12678519263864
67,6266.77546798953,6385.903555195388,1180.094988271594,0.2561596166342497,1.5323323365300894,0.16337494645267725,0.4490431845188141,-0.5705297542735934,0.015462348237633705,-1.4644765863195062,-0.702721981331706,valve_stuck_open,191,True,0.6096918511765272,land,-1.7288929000496864,-4.096518889069557,0.0430475366853524,-5.717736762017012,-2.341034520417452,2.022621788084507,1.4667234192726826,approach,9,2.2 / 1.4,structural,-6.688709914684296,1.5849714093729002,-16.605029348284006,3.4802697598934174,0.042631890527751466,1.8290755535295817,6.862581428140402,39.415555477142334,195.22760435938835,-227.19232700765133
30,9733.474225802081,9139.410393690523,105.46190722845495,3.7711582481861115,0.011045984923839569,5.228234019130468,-3.545654498040676,-5.906919881701469,8.652092166244984,4.085221633315086,-3.859164275228977,chugging,42,True,0.60204277829793,land,5.199800107628107,2.5579467974603176,0.00168721399949051,-34.871868789196014,-15.483100973069668,-2.3097807355225086,0.04777112415834167,critical,0,2.3,additive,-1.830368721857667,0.09744915069334228,-3.3383602229878306,10.283083330839872,0.0011989807117394158,1.80612833489379,21.375215219333768,9.135448694229126,-42.79137283563614,23.340954519808292
30,7625.526762129111,6716.4381835745535,130.73522778227925,2.2450110465288162,10.307578437030315,-5.18498994782567,-9.548945993185043,5.036455906927586,-4.001581661403179,0.011279985308647156,1.7745689079165459,chugging,70,True,0.6020498717888477,land,-15.423471104353666,28.702990524470806,0.000890110062735557,27.82071577385068,13.758654594421387,7.078370347619057,0.03607424770804919,critical,1,2.3,additive,9.534762725234032,0.05446573140689217,9.201318291015923,-5.159857850521803,0.0007839693923374105,1.806149615366543,17.577550511807203,10.63073468208313,43.26059512794018,78.30638326704502
30,3789.9014949104344,7506.4026595836685,106.67294756509364,5.6790185160934925,8.109983325004578,1.223369836807251,0.3097372055053711,3.52951056137681,-2.3307734057307243,-0.4202941283583641,10.601931408047676,chugging,143,False,inf,no_recovery,7.236677877604961,-24.104980919510126,nan,-16.311062593013048,-2.3711704537272453,4.916927598416805,nan,critical,2,2.3,additive,-32.803343245759606,nan,13.156956662423909,-0.5605513416230679,nan,nan,8.71397253125906,13.955963134765625,1.3162882626056671,-138.37478887289762
30,8506.021932756687,4653.091916686,82.07745358347893,-3.128769837319851,-4.637366898357868,3.802990358322859,-7.158684678375721,1.3835593722760677,-8.76760958880186,2.2587035670876503,5.161293178796768,chugging,34,True,0.6020483922832325,land,15.671595744788647,16.026130123063922,0.0011596651874724723,-46.6569384559989,-19.60933781787753,21.206547111272812,0.03862924502632689,critical,3,2.3,additive,-10.011666724458337,0.06885602850504147,-8.400669484399259,-13.855690956115723,0.0009147750092274533,1.8061451768496974,20.67775476910174,8.415498733520508,103.93328431993723,43.92710503190756
30,5171.6203209276255,9821.685528304977,126.40477668493986,0.31353292241692543,5.571188986301422,-1.267992988228798,6.306597478687763,-4.4168231673538685,10.334321267902851,-4.496342562139034,-7.014224007725716,chugging,34,True,0.6020391695662412,land,-18.8893850967288,-15.728632844984531,0.0021010336484381304,21.772260032594204,1.3442948758602142,-9.757397633045912,0.05448412632848541,critical,4,2.3,additive,22.858192771673203,0.1198762116482013,3.25287573505193,15.514085736125708,0.0014184746981798601,1.8061175086987233,30.240280931815505,8.757124662399292,-1.8062814325094223,-48.45260210335255
30,3457.390808138024,5298.383694924822,72.83179461956024,-3.8358620814979076,-7.076366633176804,-3.368672601878643,-2.6449408382177353,5.39406094327569,-4.789350472390652,0.9002296887338161,9.014599196612835,chugging,275,False,inf,no_recovery,21.836765497922897,18.203695882111788,nan,43.7609339132905,3.8075323067605495,-3.7674421928822994,nan,critical,5,2.3,additive,7.658117963001132,nan,11.611360120587051,-12.065906021744013,nan,nan,30.79337925091386,22.12958574295044,-28.18679515272379,95.65071407705545
30,6584.269424294943,7021.072410716426,118.41709788888693,1.0246384665369987,6.1293293461203575,0.653499785810709,1.7961727380752563,-2.2821190170943737,0.06184939295053482,-5.857906345278025,-2.810887925326824,chugging,83,True,0.6020207250917013,land,-12.6785479336977,-17.922270139679313,0.0020548865272138938,-19.059122540056705,-17.167586483061314,14.832559779286385,0.05508729945604171,critical,6,2.3,additive,-29.263105876743793,0.11663378401535979,-22.361316033639014,12.528971135616302,0.0014678366270748505,1.806062175275104,15.137084685266018,11.66650104522705,78.09104174375534,-90.87693080306053
30,5711.075679713668,3413.82271085807,69.89367914386094,-2.1686371229588985,-3.6180109083652496,3.3179884180426598,-8.647908993065357,-4.798948992043734,6.5570415034890175,3.196139629930258,-8.613297499716282,chugging,26,True,0.6020369034826686,land,-9.786500468850136,9.622166156768799,0.0021406857868940723,-43.15509358420968,-4.854549404233694,8.543957479298115,0.05485486245720557,critical,7,2.3,additive,-15.430713184177876,0.12206316823546966,-1.1559467436745763,7.929785493761301,0.0014408353873985216,1.8061107104480056,14.253136286512017,8.173381805419922,27.717620320618153,6.274333670735359
30,8836.442582576601,8582.367825034495,115.73733211494982,4.9827875867486,4.176821552217007,-0.6044649593532085,7.79306448251009,1.7748431526124477,-11.091758631169796,-2.058953706175089,3.5845868960022926,chugging,340,False,inf,no_recovery,2.4440479576587677,-8.793836990371346,nan,18.24895767495036,18.21594627201557,-19.606394845992327,nan,critical,8,2.3,additive,21.716817570850253,nan,-12.446940788067877,-7.412887372076511,nan,nan,23.81570584140718,23.95245599746704,-78.71194787323475,-2.0222746208310127
30,6078.697943655903,9517.05755268627,139.44255398586392,2.838760133832693,2.2495067417621613,5.642739124596119,-5.035935245454311,0.2766868472099304,-6.397535763680935,1.6476564891636372,6.54193702340126,chugging,165,False,inf,no_recovery,-21.590749595314264,4.638024875894189,nan,-25.120023917406797,-8.978430576622486,-12.315723937004805,nan,critical,9,2.3,additive,-7.180126421153545,nan,-17.105012820102274,-2.810268871486187,nan,nan,27.799821304157376,15.061006784439087,-106.42890974879265,62.082652151584625
30,9733.474225802081,9139.410393690523,105.46190722845495,3.7711582481861115,0.011045984923839569,5.228234019130468,-3.545654498040676,-5.906919881701469,8.652092166244984,4.085221633315086,-3.859164275228977,dead_time,350,False,inf,no_recovery,5.199800107628107,2.5579467974603176,nan,-34.871868789196014,-15.483100973069668,-2.3097807355225086,nan,critical,0,2.6,structural,-1.830368721857667,nan,-3.3383602229878306,10.283083330839872,nan,nan,21.375215219333768,24.377429008483887,-42.79137283563614,23.340954519808292
30,7625.526762129111,6716.4381835745535,130.73522778227925,2.2450110465288162,10.307578437030315,-5.18498994782567,-9.548945993185043,5.036455906927586,-4.001581661403179,0.011279985308647156,1.7745689079165459,dead_time,47,True,0.6009024250049628,land,-15.423471104353666,28.702990524470806,0.00011304607832209652,27.82071577385068,13.758654594421387,7.078370347619057,0.007991415882585338,critical,1,2.6,structural,9.534762725234032,0.007142032367366982,9.201318291015923,-5.159857850521803,0.00010971082558915602,1.8027072750148885,17.577550511807203,9.191693544387817,43.26059512794018,78.30638326704502
30,3789.9014949104344,7506.4026595836685,106.67294756509364,5.6790185160934925,8.109983325004578,1.223369836807251,0.3097372055053711,3.52951056137681,-2.3307734057307243,-0.4202941283583641,10.601931408047676,dead_time,100,False,inf,no_recovery,7.236677877604961,-24.104980919510126,nan,-16.311062593013048,-2.3711704537272453,4.916927598416805,nan,critical,2,2.6,structural,-32.803343245759606,nan,13.156956662423909,-0.5605513416230679,nan,nan,8.71397253125906,11.582987308502197,1.3162882626056671,-138.37478887289762
30,8506.021932756687,4653.091916686,82.07745358347893,-3.128769837319851,-4.637366898357868,3.802990358322859,-7.158684678375721,1.3835593722760677,-8.76760958880186,2.2587035670876503,5.161293178796768,dead_time,32,True,0.6009018781566506,land,15.671595744788647,16.026130123063922,0.00010472217414857493,-46.6569384559989,-19.60933781787753,21.206547111272812,0.0017536020387561868,critical,3,2.6,structural,-10.011666724458337,0.005489904445375253,-8.400669484399259,-13.855690956115723,4.975984311520899e-05,1.802705634469952,20.67775476910174,8.384726524353027,103.93328431993723,43.92710503190756
30,5171.6203209276255,9821.685528304977,126.40477668493986,0.31353292241692543,5.571188986301422,-1.267992988228798,6.306597478687763,-4.4168231673538685,10.334321267902851,-4.496342562139034,-7.014224007725716,dead_time,350,False,inf,no_recovery,-18.8893850967288,-15.728632844984531,nan,21.772260032594204,1.3442948758602142,-9.757397633045912,nan,critical,4,2.6,structural,22.858192771673203,nan,3.25287573505193,15.514085736125708,nan,nan,30.240280931815505,36.10658073425293,-1.8062814325094223,-48.45260210335255
30,3457.390808138024,5298.383694924822,72.83179461956024,-3.8358620814979076,-7.076366633176804,-3.368672601878643,-2.6449408382177353,5.39406094327569,-4.789350472390652,0.9002296887338161,9.014599196612835,dead_time,313,False,inf,no_recovery,21.836765497922897,18.203695882111788,nan,43.7609339132905,3.8075323067605495,-3.7674421928822994,nan,critical,5,2.6,structural,7.658117963001132,nan,11.611360120587051,-12.065906021744013,nan,nan,30.79337925091386,24.656614780426025,-28.18679515272379,95.65071407705545
30,6584.269424294943,7021.072410716426,118.41709788888693,1.0246384665369987,6.1293293461203575,0.653499785810709,1.7961727380752563,-2.2821190170943737,0.06184939295053482,-5.857906345278025,-2.810887925326824,dead_time,51,True,0.6011810414595768,land,-12.6785479336977,-17.922270139679313,0.009112954517414265,-19.059122540056705,-17.167586483061314,14.832559779286385,0.4756929125029487,critical,6,2.6,structural,-29.263105876743793,0.5814493007053473,-22.361316033639014,12.528971135616302,0.009537580891714048,1.8035431243787305,15.137084685266018,9.649523496627808,78.09104174375534,-90.87693080306053
30,5711.075679713668,3413.82271085807,69.89367914386094,-2.1686371229588985,-3.6180109083652496,3.3179884180426598,-8.647908993065357,-4.798948992043734,6.5570415034890175,3.196139629930258,-8.613297499716282,dead_time,350,False,inf,no_recovery,-9.786500468850136,9.622166156768799,nan,-43.15509358420968,-4.854549404233694,8.543957479298115,nan,critical,7,2.6,structural,-15.430713184177876,nan,-1.1559467436745763,7.929785493761301,nan,nan,14.253136286512017,23.591777801513672,27.717620320618153,6.274333670735359
30,8836.442582576601,8582.367825034495,115.73733211494982,4.9827875867486,4.176821552217007,-0.6044649593532085,7.79306448251009,1.7748431526124477,-11.091758631169796,-2.058953706175089,3.5845868960022926,dead_time,187,False,inf,no_recovery,2.4440479576587677,-8.793836990371346,nan,18.24895767495036,18.21594627201557,-19.606394845992327,nan,critical,8,2.6,structural,21.716817570850253,nan,-12.446940788067877,-7.412887372076511,nan,nan,23.81570584140718,15.72987961769104,-78.71194787323475,-2.0222746208310127
30,6078.697943655903,9517.05755268627,139.44255398586392,2.838760133832693,2.2495067417621613,5.642739124596119,-5.035935245454311,0.2766868472099304,-6.397535763680935,1.6476564891636372,6.54193702340126,dead_time,233,False,inf,no_recovery,-21.590749595314264,4.638024875894189,nan,-25.120023917406797,-8.978430576622486,-12.315723937004805,nan,critical,9,2.6,structural,-7.180126421153545,nan,-17.105012820102274,-2.810268871486187,nan,nan,27.799821304157376,19.572696924209595,-106.42890974879265,62.082652151584625
30,9733.474225802081,9139.410393690523,105.46190722845495,3.7711582481861115,0.011045984923839569,5.228234019130468,-3.545654498040676,-5.906919881701469,8.652092166244984,4.085221633315086,-3.859164275228977,engine_out,192,False,inf,no_recovery,5.199800107628107,2.5579467974603176,nan,-34.871868789196014,-15.483100973069668,-2.3097807355225086,nan,critical,0,2.1 / 3.1,structural,-1.830368721857667,nan,-3.3383602229878306,10.283083330839872,nan,nan,21.375215219333768,23.889054775238037,-42.79137283563614,23.340954519808292
30,7625.526762129111,6716.4381835745535,130.73522778227925,2.2450110465288162,10.307578437030315,-5.18498994782567,-9.548945993185043,5.036455906927586,-4.001581661403179,0.011279985308647156,1.7745689079165459,engine_out,213,False,inf,no_recovery,-15.423471104353666,28.702990524470806,nan,27.82071577385068,13.758654594421387,7.078370347619057,nan,critical,1,2.1 / 3.1,structural,9.534762725234032,nan,9.201318291015923,-5.159857850521803,nan,nan,17.577550511807203,24.747995615005493,43.26059512794018,78.30638326704502
30,3789.9014949104344,7506.4026595836685,106.67294756509364,5.6790185160934925,8.109983325004578,1.223369836807251,0.3097372055053711,3.52951056137681,-2.3307734057307243,-0.4202941283583641,10.601931408047676,engine_out,197,False,inf,no_recovery,7.236677877604961,-24.104980919510126,nan,-16.311062593013048,-2.3711704537272453,4.916927598416805,nan,critical,2,2.1 / 3.1,structural,-32.803343245759606,nan,13.156956662423909,-0.5605513416230679,nan,nan,8.71397253125906,24.245736598968506,1.3162882626056671,-138.37478887289762
30,8506.021932756687,4653.091916686,82.07745358347893,-3.128769837319851,-4.637366898357868,3.802990358322859,-7.158684678375721,1.3835593722760677,-8.76760958880186,2.2587035670876503,5.161293178796768,engine_out,350,False,inf,no_recovery,15.671595744788647,16.026130123063922,nan,-46.6569384559989,-19.60933781787753,21.206547111272812,nan,critical,3,2.1 / 3.1,structural,-10.011666724458337,nan,-8.400669484399259,-13.855690956115723,nan,nan,20.67775476910174,39.30061221122742,103.93328431993723,43.92710503190756
30,5171.6203209276255,9821.685528304977,126.40477668493986,0.31353292241692543,5.571188986301422,-1.267992988228798,6.306597478687763,-4.4168231673538685,10.334321267902851,-4.496342562139034,-7.014224007725716,engine_out,254,False,inf,no_recovery,-18.8893850967288,-15.728632844984531,nan,21.772260032594204,1.3442948758602142,-9.757397633045912,nan,critical,4,2.1 / 3.1,structural,22.858192771673203,nan,3.25287573505193,15.514085736125708,nan,nan,30.240280931815505,26.9316189289093,-1.8062814325094223,-48.45260210335255
30,3457.390808138024,5298.383694924822,72.83179461956024,-3.8358620814979076,-7.076366633176804,-3.368672601878643,-2.6449408382177353,5.39406094327569,-4.789350472390652,0.9002296887338161,9.014599196612835,engine_out,272,False,inf,no_recovery,21.836765497922897,18.203695882111788,nan,43.7609339132905,3.8075323067605495,-3.7674421928822994,nan,critical,5,2.1 / 3.1,structural,7.658117963001132,nan,11.611360120587051,-12.065906021744013,nan,nan,30.79337925091386,29.624648809432983,-28.18679515272379,95.65071407705545
30,6584.269424294943,7021.072410716426,118.41709788888693,1.0246384665369987,6.1293293461203575,0.653499785810709,1.7961727380752563,-2.2821190170943737,0.06184939295053482,-5.857906345278025,-2.810887925326824,engine_out,331,False,inf,no_recovery,-12.6785479336977,-17.922270139679313,nan,-19.059122540056705,-17.167586483061314,14.832559779286385,nan,critical,6,2.1 / 3.1,structural,-29.263105876743793,nan,-22.361316033639014,12.528971135616302,nan,nan,15.137084685266018,36.0450644493103,78.09104174375534,-90.87693080306053
30,5711.075679713668,3413.82271085807,69.89367914386094,-2.1686371229588985,-3.6180109083652496,3.3179884180426598,-8.647908993065357,-4.798948992043734,6.5570415034890175,3.196139629930258,-8.613297499716282,engine_out,219,False,inf,no_recovery,-9.786500468850136,9.622166156768799,nan,-43.15509358420968,-4.854549404233694,8.543957479298115,nan,critical,7,2.1 / 3.1,structural,-15.430713184177876,nan,-1.1559467436745763,7.929785493761301,nan,nan,14.253136286512017,27.170026063919067,27.717620320618153,6.274333670735359
30,8836.442582576601,8582.367825034495,115.73733211494982,4.9827875867486,4.176821552217007,-0.6044649593532085,7.79306448251009,1.7748431526124477,-11.091758631169796,-2.058953706175089,3.5845868960022926,engine_out,350,False,inf,no_recovery,2.4440479576587677,-8.793836990371346,nan,18.24895767495036,18.21594627201557,-19.606394845992327,nan,critical,8,2.1 / 3.1,structural,21.716817570850253,nan,-12.446940788067877,-7.412887372076511,nan,nan,23.81570584140718,40.211971282958984,-78.71194787323475,-2.0222746208310127
30,6078.697943655903,9517.05755268627,139.44255398586392,2.838760133832693,2.2495067417621613,5.642739124596119,-5.035935245454311,0.2766868472099304,-6.397535763680935,1.6476564891636372,6.54193702340126,engine_out,261,False,inf,no_recovery,-21.590749595314264,4.638024875894189,nan,-25.120023917406797,-8.978430576622486,-12.315723937004805,nan,critical,9,2.1 / 3.1,structural,-7.180126421153545,nan,-17.105012820102274,-2.810268871486187,nan,nan,27.799821304157376,29.582661390304565,-106.42890974879265,62.082652151584625
30,9733.474225802081,9139.410393690523,105.46190722845495,3.7711582481861115,0.011045984923839569,5.228234019130468,-3.545654498040676,-5.906919881701469,8.652092166244984,4.085221633315086,-3.859164275228977,erosion_drift,28,True,0.6011386338826831,land,5.199800107628107,2.5579467974603176,0.0020162213418459607,-34.871868789196014,-15.483100973069668,-2.3097807355225086,0.04652757196271946,critical,0,2.10,time-varying multiplicative,-1.830368721857667,0.10106962660968999,-3.3383602229878306,10.283083330839872,0.000834314341061321,1.803415901648049,21.375215219333768,9.194202184677124,-42.79137283563614,23.340954519808292
30,7625.526762129111,6716.4381835745535,130.73522778227925,2.2450110465288162,10.307578437030315,-5.18498994782567,-9.548945993185043,5.036455906927586,-4.001581661403179,0.011279985308647156,1.7745689079165459,erosion_drift,45,True,0.6009930564780378,land,-15.423471104353666,28.702990524470806,0.00027775328047081833,27.82071577385068,13.758654594421387,7.078370347619057,0.018677259773439456,critical,1,2.10,time-varying multiplicative,9.534762725234032,0.01647233706730825,9.201318291015923,-5.159857850521803,0.0002703193959304446,1.8029791694341133,17.577550511807203,9.296071529388428,43.26059512794018,78.30638326704502
30,3789.9014949104344,7506.4026595836685,106.67294756509364,5.6790185160934925,8.109983325004578,1.223369836807251,0.3097372055053711,3.52951056137681,-2.3307734057307243,-0.4202941283583641,10.601931408047676,erosion_drift,183,False,inf,no_recovery,7.236677877604961,-24.104980919510126,nan,-16.311062593013048,-2.3711704537272453,4.916927598416805,nan,critical,2,2.10,time-varying multiplicative,-32.803343245759606,nan,13.156956662423909,-0.5605513416230679,nan,nan,8.71397253125906,15.395818710327148,1.3162882626056671,-138.37478887289762
30,8506.021932756687,4653.091916686,82.07745358347893,-3.128769837319851,-4.637366898357868,3.802990358322859,-7.158684678375721,1.3835593722760677,-8.76760958880186,2.2587035670876503,5.161293178796768,erosion_drift,34,True,0.6011349354507313,land,15.671595744788647,16.026130123063922,0.0019448273446444563,-46.6569384559989,-19.60933781787753,21.206547111272812,0.04520793166866361,critical,3,2.10,time-varying multiplicative,-10.011666724458337,0.0972489991575518,-8.400669484399259,-13.855690956115723,0.0007969462536217118,1.8034048063521937,20.67775476910174,8.570082902908325,103.93328431993723,43.92710503190756
30,5171.6203209276255,9821.685528304977,126.40477668493986,0.31353292241692543,5.571188986301422,-1.267992988228798,6.306597478687763,-4.4168231673538685,10.334321267902851,-4.496342562139034,-7.014224007725716,erosion_drift,35,True,0.6011681136349613,land,-18.8893850967288,-15.728632844984531,0.0025407472112219955,21.772260032594204,1.3442948758602142,-9.757397633045912,0.05603125660726225,critical,4,2.10,time-varying multiplicative,22.858192771673203,0.12929406187491282,3.25287573505193,15.514085736125708,0.0011075482506802564,1.8035043409048837,30.240280931815505,8.571600675582886,-1.8062814325094223,-48.45260210335255
30,3457.390808138024,5298.383694924822,72.83179461956024,-3.8358620814979076,-7.076366633176804,-3.368672601878643,-2.6449408382177353,5.39406094327569,-4.789350472390652,0.9002296887338161,9.014599196612835,erosion_drift,195,False,inf,no_recovery,21.836765497922897,18.203695882111788,nan,43.7609339132905,3.8075323067605495,-3.7674421928822994,nan,critical,5,2.10,time-varying multiplicative,7.658117963001132,nan,11.611360120587051,-12.065906021744013,nan,nan,30.79337925091386,18.240659952163696,-28.18679515272379,95.65071407705545
30,6584.269424294943,7021.072410716426,118.41709788888693,1.0246384665369987,6.1293293461203575,0.653499785810709,1.7961727380752563,-2.2821190170943737,0.06184939295053482,-5.857906345278025,-2.810887925326824,erosion_drift,83,True,0.6011597743947334,land,-12.6785479336977,-17.922270139679313,0.00330445457092483,-19.059122540056705,-17.167586483061314,14.832559779286385,0.06968190032385713,critical,6,2.10,time-varying multiplicative,-29.263105876743793,0.17008104599020998,-22.361316033639014,12.528971135616302,0.001568898267495676,1.8034793231842003,15.137084685266018,10.575744152069092,78.09104174375534,-90.87693080306053
30,5711.075679713668,3413.82271085807,69.89367914386094,-2.1686371229588985,-3.6180109083652496,3.3179884180426598,-8.647908993065357,-4.798948992043734,6.5570415034890175,3.196139629930258,-8.613297499716282,erosion_drift,28,True,0.6011694887544586,land,-9.786500468850136,9.622166156768799,0.002557024110883444,-43.15509358420968,-4.854549404233694,8.543957479298115,0.05577060752831209,critical,7,2.10,time-varying multiplicative,-15.430713184177876,0.13016038705793492,-1.1559467436745763,7.929785493761301,0.0011171276369251024,1.803508466263376,14.253136286512017,7.5740580558776855,27.717620320618153,6.274333670735359
30,8836.442582576601,8582.367825034495,115.73733211494982,4.9827875867486,4.176821552217007,-0.6044649593532085,7.79306448251009,1.7748431526124477,-11.091758631169796,-2.058953706175089,3.5845868960022926,erosion_drift,350,False,inf,no_recovery,2.4440479576587677,-8.793836990371346,nan,18.24895767495036,18.21594627201557,-19.606394845992327,nan,critical,8,2.10,time-varying multiplicative,21.716817570850253,nan,-12.446940788067877,-7.412887372076511,nan,nan,23.81570584140718,24.218113660812378,-78.71194787323475,-2.0222746208310127
30,6078.697943655903,9517.05755268627,139.44255398586392,2.838760133832693,2.2495067417621613,5.642739124596119,-5.035935245454311,0.2766868472099304,-6.397535763680935,1.6476564891636372,6.54193702340126,erosion_drift,188,False,inf,no_recovery,-21.590749595314264,4.638024875894189,nan,-25.120023917406797,-8.978430576622486,-12.315723937004805,nan,critical,9,2.10,time-varying multiplicative,-7.180126421153545,nan,-17.105012820102274,-2.810268871486187,nan,nan,27.799821304157376,16.396967887878418,-106.42890974879265,62.082652151584625
30,9733.474225802081,9139.410393690523,105.46190722845495,3.7711582481861115,0.011045984923839569,5.228234019130468,-3.545654498040676,-5.906919881701469,8.652092166244984,4.085221633315086,-3.859164275228977,gimbal_seized,337,False,inf,no_recovery,5.199800107628107,2.5579467974603176,nan,-34.871868789196014,-15.483100973069668,-2.3097807355225086,nan,critical,0,1.7,structural,-1.830368721857667,nan,-3.3383602229878306,10.283083330839872,nan,nan,21.375215219333768,29.887704849243164,-42.79137283563614,23.340954519808292
30,7625.526762129111,6716.4381835745535,130.73522778227925,2.2450110465288162,10.307578437030315,-5.18498994782567,-9.548945993185043,5.036455906927586,-4.001581661403179,0.011279985308647156,1.7745689079165459,gimbal_seized,43,True,0.6008371396840518,land,-15.423471104353666,28.702990524470806,0.003428362832605103,27.82071577385068,13.758654594421387,7.078370347619057,1.455778113122197,critical,1,1.7,structural,9.534762725234032,1.0276565633452466,9.201318291015923,-5.159857850521803,0.03046875139989592,1.8025114190521554,17.577550511807203,9.444258213043213,43.26059512794018,78.30638326704502
30,3789.9014949104344,7506.4026595836685,106.67294756509364,5.6790185160934925,8.109983325004578,1.223369836807251,0.3097372055053711,3.52951056137681,-2.3307734057307243,-0.4202941283583641,10.601931408047676,gimbal_seized,111,False,inf,no_recovery,7.236677877604961,-24.104980919510126,nan,-16.311062593013048,-2.3711704537272453,4.916927598416805,nan,critical,2,1.7,structural,-32.803343245759606,nan,13.156956662423909,-0.5605513416230679,nan,nan,8.71397253125906,14.400065422058105,1.3162882626056671,-138.37478887289762
30,8506.021932756687,4653.091916686,82.07745358347893,-3.128769837319851,-4.637366898357868,3.802990358322859,-7.158684678375721,1.3835593722760677,-8.76760958880186,2.2587035670876503,5.161293178796768,gimbal_seized,25,True,0.6008468225178962,land,15.671595744788647,16.026130123063922,0.0028778638901005163,-46.6569384559989,-19.60933781787753,21.206547111272812,1.3582439104429902,critical,3,1.7,structural,-10.011666724458337,0.953085633901411,-8.400669484399259,-13.855690956115723,0.02773248571887627,1.8025404675536887,20.67775476910174,7.882734775543213,103.93328431993723,43.92710503190756
30,5171.6203209276255,9821.685528304977,126.40477668493986,0.31353292241692543,5.571188986301422,-1.267992988228798,6.306597478687763,-4.4168231673538685,10.334321267902851,-4.496342562139034,-7.014224007725716,gimbal_seized,40,True,0.6009182278367394,land,-18.8893850967288,-15.728632844984531,0.003052790130164157,21.772260032594204,1.3442948758602142,-9.757397633045912,0.36724902389684433,critical,4,1.7,structural,22.858192771673203,0.30337753033097464,3.25287573505193,15.514085736125708,0.00775716154658708,1.8027546835102184,30.240280931815505,9.354062795639038,-1.8062814325094223,-48.45260210335255
30,3457.390808138024,5298.383694924822,72.83179461956024,-3.8358620814979076,-7.076366633176804,-3.368672601878643,-2.6449408382177353,5.39406094327569,-4.789350472390652,0.9002296887338161,9.014599196612835,gimbal_seized,100,False,inf,no_recovery,21.836765497922897,18.203695882111788,nan,43.7609339132905,3.8075323067605495,-3.7674421928822994,nan,critical,5,1.7,structural,7.658117963001132,nan,11.611360120587051,-12.065906021744013,nan,nan,30.79337925091386,13.196777820587158,-28.18679515272379,95.65071407705545
30,6584.269424294943,7021.072410716426,118.41709788888693,1.0246384665369987,6.1293293461203575,0.653499785810709,1.7961727380752563,-2.2821190170943737,0.06184939295053482,-5.857906345278025,-2.810887925326824,gimbal_seized,45,True,0.755964079397549,land,-12.6785479336977,-17.922270139679313,0.08702102777486899,-19.059122540056705,-17.167586483061314,14.832559779286385,1.1854218028403347,critical,6,1.7,structural,-29.263105876743793,4.5357844763852935,-22.361316033639014,12.528971135616302,0.04158833545282503,1.8074555006830444,15.137084685266018,9.85668396949768,78.09104174375534,-90.87693080306053
30,5711.075679713668,3413.82271085807,69.89367914386094,-2.1686371229588985,-3.6180109083652496,3.3179884180426598,-8.647908993065357,-4.798948992043734,6.5570415034890175,3.196139629930258,-8.613297499716282,gimbal_seized,24,True,0.6008623970943032,land,-9.786500468850136,9.622166156768799,0.0023639686462599346,-43.15509358420968,-4.854549404233694,8.543957479298115,1.1445513722846583,critical,7,1.7,structural,-15.430713184177876,0.8185012440781706,-1.1559467436745763,7.929785493761301,0.023776914967366926,1.8025871912829097,14.253136286512017,8.284808158874512,27.717620320618153,6.274333670735359
30,8836.442582576601,8582.367825034495,115.73733211494982,4.9827875867486,4.176821552217007,-0.6044649593532085,7.79306448251009,1.7748431526124477,-11.091758631169796,-2.058953706175089,3.5845868960022926,gimbal_seized,148,False,inf,no_recovery,2.4440479576587677,-8.793836990371346,nan,18.24895767495036,18.21594627201557,-19.606394845992327,nan,critical,8,1.7,structural,21.716817570850253,nan,-12.446940788067877,-7.412887372076511,nan,nan,23.81570584140718,17.568220853805542,-78.71194787323475,-2.0222746208310127
30,6078.697943655903,9517.05755268627,139.44255398586392,2.838760133832693,2.2495067417621613,5.642739124596119,-5.035935245454311,0.2766868472099304,-6.397535763680935,1.6476564891636372,6.54193702340126,gimbal_seized,255,False,inf,no_recovery,-21.590749595314264,4.638024875894189,nan,-25.120023917406797,-8.978430576622486,-12.315723937004805,nan,critical,9,1.7,structural,-7.180126421153545,nan,-17.105012820102274,-2.810268871486187,nan,nan,27.799821304157376,23.802004098892212,-106.42890974879265,62.082652151584625
30,9733.474225802081,9139.410393690523,105.46190722845495,3.7711582481861115,0.011045984923839569,5.228234019130468,-3.545654498040676,-5.906919881701469,8.652092166244984,4.085221633315086,-3.859164275228977,gimbal_slow,30,True,0.6009023300650279,land,5.199800107628107,2.5579467974603176,0.0004663390080218128,-34.871868789196014,-15.483100973069668,-2.3097807355225086,0.008767175460107442,critical,0,2.5,multiplicative,-1.830368721857667,0.024682631967909055,-3.3383602229878306,10.283083330839872,0.00023712085732462729,1.8027069901950838,21.375215219333768,8.069206714630127,-42.79137283563614,23.340954519808292
30,7625.526762129111,6716.4381835745535,130.73522778227925,2.2450110465288162,10.307578437030315,-5.18498994782567,-9.548945993185043,5.036455906927586,-4.001581661403179,0.011279985308647156,1.7745689079165459,gimbal_slow,40,False,inf,no_recovery,-15.423471104353666,28.702990524470806,nan,27.82071577385068,13.758654594421387,7.078370347619057,nan,critical,1,2.5,multiplicative,9.534762725234032,nan,9.201318291015923,-5.159857850521803,nan,nan,17.577550511807203,8.775140285491943,43.26059512794018,78.30638326704502
30,3789.9014949104344,7506.4026595836685,106.67294756509364,5.6790185160934925,8.109983325004578,1.223369836807251,0.3097372055053711,3.52951056137681,-2.3307734057307243,-0.4202941283583641,10.601931408047676,gimbal_slow,140,False,inf,no_recovery,7.236677877604961,-24.104980919510126,nan,-16.311062593013048,-2.3711704537272453,4.916927598416805,nan,critical,2,2.5,multiplicative,-32.803343245759606,nan,13.156956662423909,-0.5605513416230679,nan,nan,8.71397253125906,13.667033910751343,1.3162882626056671,-138.37478887289762
30,8506.021932756687,4653.091916686,82.07745358347893,-3.128769837319851,-4.637366898357868,3.802990358322859,-7.158684678375721,1.3835593722760677,-8.76760958880186,2.2587035670876503,5.161293178796768,gimbal_slow,30,True,0.6009020649100556,land,15.671595744788647,16.026130123063922,0.00017072314945344318,-46.6569384559989,-19.60933781787753,21.206547111272812,0.0028859271587634953,critical,3,2.5,multiplicative,-10.011666724458337,0.008980157455897444,-8.400669484399259,-13.855690956115723,8.277725920961055e-05,1.8027061947301668,20.67775476910174,8.296557188034058,103.93328431993723,43.92710503190756
30,5171.6203209276255,9821.685528304977,126.40477668493986,0.31353292241692543,5.571188986301422,-1.267992988228798,6.306597478687763,-4.4168231673538685,10.334321267902851,-4.496342562139034,-7.014224007725716,gimbal_slow,48,False,inf,no_recovery,-18.8893850967288,-15.728632844984531,nan,21.772260032594204,1.3442948758602142,-9.757397633045912,nan,critical,4,2.5,multiplicative,22.858192771673203,nan,3.25287573505193,15.514085736125708,nan,nan,30.240280931815505,9.244204998016357,-1.8062814325094223,-48.45260210335255
30,3457.390808138024,5298.383694924822,72.83179461956024,-3.8358620814979076,-7.076366633176804,-3.368672601878643,-2.6449408382177353,5.39406094327569,-4.789350472390652,0.9002296887338161,9.014599196612835,gimbal_slow,254,False,inf,no_recovery,21.836765497922897,18.203695882111788,nan,43.7609339132905,3.8075323067605495,-3.7674421928822994,nan,critical,5,2.5,multiplicative,7.658117963001132,nan,11.611360120587051,-12.065906021744013,nan,nan,30.79337925091386,21.40758991241455,-28.18679515272379,95.65071407705545
30,6584.269424294943,7021.072410716426,118.41709788888693,1.0246384665369987,6.1293293461203575,0.653499785810709,1.7961727380752563,-2.2821190170943737,0.06184939295053482,-5.857906345278025,-2.810887925326824,gimbal_slow,31,False,inf,no_recovery,-12.6785479336977,-17.922270139679313,nan,-19.059122540056705,-17.167586483061314,14.832559779286385,nan,critical,6,2.5,multiplicative,-29.263105876743793,nan,-22.361316033639014,12.528971135616302,nan,nan,15.137084685266018,8.48778223991394,78.09104174375534,-90.87693080306053
30,5711.075679713668,3413.82271085807,69.89367914386094,-2.1686371229588985,-3.6180109083652496,3.3179884180426598,-8.647908993065357,-4.798948992043734,6.5570415034890175,3.196139629930258,-8.613297499716282,gimbal_slow,27,True,0.600901952897059,land,-9.786500468850136,9.622166156768799,0.001046945872708534,-43.15509358420968,-4.854549404233694,8.543957479298115,0.016607976113876252,critical,7,2.5,multiplicative,-15.430713184177876,0.054771525112211936,-1.1559467436745763,7.929785493761301,0.0004947294662848897,1.802705858691177,14.253136286512017,8.39406156539917,27.717620320618153,6.274333670735359
30,8836.442582576601,8582.367825034495,115.73733211494982,4.9827875867486,4.176821552217007,-0.6044649593532085,7.79306448251009,1.7748431526124477,-11.091758631169796,-2.058953706175089,3.5845868960022926,gimbal_slow,126,False,inf,no_recovery,2.4440479576587677,-8.793836990371346,nan,18.24895767495036,18.21594627201557,-19.606394845992327,nan,critical,8,2.5,multiplicative,21.716817570850253,nan,-12.446940788067877,-7.412887372076511,nan,nan,23.81570584140718,13.094032287597656,-78.71194787323475,-2.0222746208310127
30,6078.697943655903,9517.05755268627,139.44255398586392,2.838760133832693,2.2495067417621613,5.642739124596119,-5.035935245454311,0.2766868472099304,-6.397535763680935,1.6476564891636372,6.54193702340126,gimbal_slow,210,False,inf,no_recovery,-21.590749595314264,4.638024875894189,nan,-25.120023917406797,-8.978430576622486,-12.315723937004805,nan,critical,9,2.5,multiplicative,-7.180126421153545,nan,-17.105012820102274,-2.810268871486187,nan,nan,27.799821304157376,18.229653120040894,-106.42890974879265,62.082652151584625
30,9733.474225802081,9139.410393690523,105.46190722845495,3.7711582481861115,0.011045984923839569,5.228234019130468,-3.545654498040676,-5.906919881701469,8.652092166244984,4.085221633315086,-3.859164275228977,gimbal_underdamped,31,True,0.6009016988942081,land,5.199800107628107,2.5579467974603176,6.721362132447521e-05,-34.871868789196014,-15.483100973069668,-2.3097807355225086,0.0048515381239489985,critical,0,2.3 / 2.8,multiplicative,-1.830368721857667,0.0039415553571032075,-3.3383602229878306,10.283083330839872,5.452905977062612e-05,1.8027050966826241,21.375215219333768,8.331418514251709,-42.79137283563614,23.340954519808292
30,7625.526762129111,6716.4381835745535,130.73522778227925,2.2450110465288162,10.307578437030315,-5.18498994782567,-9.548945993185043,5.036455906927586,-4.001581661403179,0.011279985308647156,1.7745689079165459,gimbal_underdamped,33,False,inf,no_recovery,-15.423471104353666,28.702990524470806,nan,27.82071577385068,13.758654594421387,7.078370347619057,nan,critical,1,2.3 / 2.8,multiplicative,9.534762725234032,nan,9.201318291015923,-5.159857850521803,nan,nan,17.577550511807203,8.38381052017212,43.26059512794018,78.30638326704502
30,3789.9014949104344,7506.4026595836685,106.67294756509364,5.6790185160934925,8.109983325004578,1.223369836807251,0.3097372055053711,3.52951056137681,-2.3307734057307243,-0.4202941283583641,10.601931408047676,gimbal_underdamped,197,False,inf,no_recovery,7.236677877604961,-24.104980919510126,nan,-16.311062593013048,-2.3711704537272453,4.916927598416805,nan,critical,2,2.3 / 2.8,multiplicative,-32.803343245759606,nan,13.156956662423909,-0.5605513416230679,nan,nan,8.71397253125906,16.135347604751587,1.3162882626056671,-138.37478887289762
30,8506.021932756687,4653.091916686,82.07745358347893,-3.128769837319851,-4.637366898357868,3.802990358322859,-7.158684678375721,1.3835593722760677,-8.76760958880186,2.2587035670876503,5.161293178796768,gimbal_underdamped,30,True,0.6009018473522508,land,15.671595744788647,16.026130123063922,2.8134379815405952e-05,-46.6569384559989,-19.60933781787753,21.206547111272812,0.0012449076799382556,critical,3,2.3 / 2.8,multiplicative,-10.011666724458337,0.0014827565846529437,-8.400669484399259,-13.855690956115723,1.492972505494921e-05,1.8027055420567526,20.67775476910174,8.107296466827393,103.93328431993723,43.92710503190756
30,5171.6203209276255,9821.685528304977,126.40477668493986,0.31353292241692543,5.571188986301422,-1.267992988228798,6.306597478687763,-4.4168231673538685,10.334321267902851,-4.496342562139034,-7.014224007725716,gimbal_underdamped,41,True,0.6009021210530876,land,-18.8893850967288,-15.728632844984531,0.0005415142728262299,21.772260032594204,1.3442948758602142,-9.757397633045912,0.016028172882382747,critical,4,2.3 / 2.8,multiplicative,22.858192771673203,0.029087554366201973,3.25287573505193,15.514085736125708,0.0002966124845340157,1.8027063631592628,30.240280931815505,9.343191862106323,-1.8062814325094223,-48.45260210335255
30,3457.390808138024,5298.383694924822,72.83179461956024,-3.8358620814979076,-7.076366633176804,-3.368672601878643,-2.6449408382177353,5.39406094327569,-4.789350472390652,0.9002296887338161,9.014599196612835,gimbal_underdamped,211,False,inf,no_recovery,21.836765497922897,18.203695882111788,nan,43.7609339132905,3.8075323067605495,-3.7674421928822994,nan,critical,5,2.3 / 2.8,multiplicative,7.658117963001132,nan,11.611360120587051,-12.065906021744013,nan,nan,30.79337925091386,19.454477310180664,-28.18679515272379,95.65071407705545
30,6584.269424294943,7021.072410716426,118.41709788888693,1.0246384665369987,6.1293293461203575,0.653499785810709,1.7961727380752563,-2.2821190170943737,0.06184939295053482,-5.857906345278025,-2.810887925326824,gimbal_underdamped,59,True,0.6011290284151697,land,-12.6785479336977,-17.922270139679313,0.005376215697723374,-19.059122540056705,-17.167586483061314,14.832559779286385,0.3361814834383702,critical,6,2.3 / 2.8,multiplicative,-29.263105876743793,0.3636426244741008,-22.361316033639014,12.528971135616302,0.0069798264530201454,1.803387085245509,15.137084685266018,10.078458309173584,78.09104174375534,-90.87693080306053
30,5711.075679713668,3413.82271085807,69.89367914386094,-2.1686371229588985,-3.6180109083652496,3.3179884180426598,-8.647908993065357,-4.798948992043734,6.5570415034890175,3.196139629930258,-8.613297499716282,gimbal_underdamped,28,True,0.6009015891133785,land,-9.786500468850136,9.622166156768799,0.00084499973194559,-43.15509358420968,-4.854549404233694,8.543957479298115,0.013441518320304682,critical,7,2.3 / 2.8,multiplicative,-15.430713184177876,0.044258142611719724,-1.1559467436745763,7.929785493761301,0.0004008844611374152,1.8027047673401357,14.253136286512017,7.974874496459961,27.717620320618153,6.274333670735359
30,8836.442582576601,8582.367825034495,115.73733211494982,4.9827875867486,4.176821552217007,-0.6044649593532085,7.79306448251009,1.7748431526124477,-11.091758631169796,-2.058953706175089,3.5845868960022926,gimbal_underdamped,164,False,inf,no_recovery,2.4440479576587677,-8.793836990371346,nan,18.24895767495036,18.21594627201557,-19.606394845992327,nan,critical,8,2.3 / 2.8,multiplicative,21.716817570850253,nan,-12.446940788067877,-7.412887372076511,nan,nan,23.81570584140718,15.003522872924805,-78.71194787323475,-2.0222746208310127
30,6078.697943655903,9517.05755268627,139.44255398586392,2.838760133832693,2.2495067417621613,5.642739124596119,-5.035935245454311,0.2766868472099304,-6.397535763680935,1.6476564891636372,6.54193702340126,gimbal_underdamped,158,False,inf,no_recovery,-21.590749595314264,4.638024875894189,nan,-25.120023917406797,-8.978430576622486,-12.315723937004805,nan,critical,9,2.3 / 2.8,multiplicative,-7.180126421153545,nan,-17.105012820102274,-2.810268871486187,nan,nan,27.799821304157376,15.854722738265991,-106.42890974879265,62.082652151584625
30,9733.474225802081,9139.410393690523,105.46190722845495,3.7711582481861115,0.011045984923839569,5.228234019130468,-3.545654498040676,-5.906919881701469,8.652092166244984,4.085221633315086,-3.859164275228977,healthy,41,True,0.6009019450623846,land,5.199800107628107,2.5579467974603176,0.0002663130361657827,-34.871868789196014,-15.483100973069668,-2.3097807355225086,0.005107578680211995,critical,0,—,none,-1.830368721857667,0.013951333426618733,-3.3383602229878306,10.283083330839872,0.00012790341190598535,1.8027058351871537,21.375215219333768,9.480335712432861,-42.79137283563614,23.340954519808292
30,7625.526762129111,6716.4381835745535,130.73522778227925,2.2450110465288162,10.307578437030315,-5.18498994782567,-9.548945993185043,5.036455906927586,-4.001581661403179,0.011279985308647156,1.7745689079165459,healthy,47,True,0.6009024418641052,land,-15.423471104353666,28.702990524470806,0.0014293424603338757,27.82071577385068,13.758654594421387,7.078370347619057,0.02420518042341067,critical,1,—,none,9.534762725234032,0.07516547580428738,9.201318291015923,-5.159857850521803,0.000685800316259276,1.8027073255923158,17.577550511807203,9.41826057434082,43.26059512794018,78.30638326704502
30,3789.9014949104344,7506.4026595836685,106.67294756509364,5.6790185160934925,8.109983325004578,1.223369836807251,0.3097372055053711,3.52951056137681,-2.3307734057307243,-0.4202941283583641,10.601931408047676,healthy,294,False,inf,no_recovery,7.236677877604961,-24.104980919510126,nan,-16.311062593013048,-2.3711704537272453,4.916927598416805,nan,critical,2,—,none,-32.803343245759606,nan,13.156956662423909,-0.5605513416230679,nan,nan,8.71397253125906,21.943193435668945,1.3162882626056671,-138.37478887289762
30,8506.021932756687,4653.091916686,82.07745358347893,-3.128769837319851,-4.637366898357868,3.802990358322859,-7.158684678375721,1.3835593722760677,-8.76760958880186,2.2587035670876503,5.161293178796768,healthy,31,True,0.6009026329163294,land,15.671595744788647,16.026130123063922,4.831563118981944e-05,-46.6569384559989,-19.60933781787753,21.206547111272812,0.0009744379105735657,critical,3,—,none,-10.011666724458337,0.0025318824920758927,-8.400669484399259,-13.855690956115723,2.2949027883922442e-05,1.8027078987489882,20.67775476910174,8.716640710830688,103.93328431993723,43.92710503190756
30,5171.6203209276255,9821.685528304977,126.40477668493986,0.31353292241692543,5.571188986301422,-1.267992988228798,6.306597478687763,-4.4168231673538685,10.334321267902851,-4.496342562139034,-7.014224007725716,healthy,33,True,0.6009035809229865,land,-18.8893850967288,-15.728632844984531,0.000846132913943708,21.772260032594204,1.3442948758602142,-9.757397633045912,0.01422569173511376,critical,4,—,none,22.858192771673203,0.044319264422614434,3.25287573505193,15.514085736125708,0.0004007439104185605,1.8027107427689593,30.240280931815505,8.938888788223267,-1.8062814325094223,-48.45260210335255
30,3457.390808138024,5298.383694924822,72.83179461956024,-3.8358620814979076,-7.076366633176804,-3.368672601878643,-2.6449408382177353,5.39406094327569,-4.789350472390652,0.9002296887338161,9.014599196612835,healthy,197,False,inf,no_recovery,21.836765497922897,18.203695882111788,nan,43.7609339132905,3.8075323067605495,-3.7674421928822994,nan,critical,5,—,none,7.658117963001132,nan,11.611360120587051,-12.065906021744013,nan,nan,30.79337925091386,18.314314603805542,-28.18679515272379,95.65071407705545
30,6584.269424294943,7021.072410716426,118.41709788888693,1.0246384665369987,6.1293293461203575,0.653499785810709,1.7961727380752563,-2.2821190170943737,0.06184939295053482,-5.857906345278025,-2.810887925326824,healthy,78,True,0.6009131374094477,land,-12.6785479336977,-17.922270139679313,0.0005994386195981208,-19.059122540056705,-17.167586483061314,14.832559779286385,0.0045331111210798235,critical,6,—,none,-29.263105876743793,0.03335627729025823,-22.361316033639014,12.528971135616302,0.0004284031286710967,1.802739412228343,15.137084685266018,11.454813003540039,78.09104174375534,-90.87693080306053
30,5711.075679713668,3413.82271085807,69.89367914386094,-2.1686371229588985,-3.6180109083652496,3.3179884180426598,-8.647908993065357,-4.798948992043734,6.5570415034890175,3.196139629930258,-8.613297499716282,healthy,27,True,0.6009018407658072,land,-9.786500468850136,9.622166156768799,0.0009197053139177871,-43.15509358420968,-4.854549404233694,8.543957479298115,0.0145487378325978,critical,7,—,none,-15.430713184177876,0.04814138089316169,-1.1559467436745763,7.929785493761301,0.00043512316186570453,1.8027055222974215,14.253136286512017,8.385735034942627,27.717620320618153,6.274333670735359
30,8836.442582576601,8582.367825034495,115.73733211494982,4.9827875867486,4.176821552217007,-0.6044649593532085,7.79306448251009,1.7748431526124477,-11.091758631169796,-2.058953706175089,3.5845868960022926,healthy,270,False,inf,no_recovery,2.4440479576587677,-8.793836990371346,nan,18.24895767495036,18.21594627201557,-19.606394845992327,nan,critical,8,—,none,21.716817570850253,nan,-12.446940788067877,-7.412887372076511,nan,nan,23.81570584140718,21.08132576942444,-78.71194787323475,-2.0222746208310127
30,6078.697943655903,9517.05755268627,139.44255398586392,2.838760133832693,2.2495067417621613,5.642739124596119,-5.035935245454311,0.2766868472099304,-6.397535763680935,1.6476564891636372,6.54193702340126,healthy,154,False,inf,no_recovery,-21.590749595314264,4.638024875894189,nan,-25.120023917406797,-8.978430576622486,-12.315723937004805,nan,critical,9,—,none,-7.180126421153545,nan,-17.105012820102274,-2.810268871486187,nan,nan,27.799821304157376,16.41247820854187,-106.42890974879265,62.082652151584625
30,9733.474225802081,9139.410393690523,105.46190722845495,3.7711582481861115,0.011045984923839569,5.228234019130468,-3.545654498040676,-5.906919881701469,8.652092166244984,4.085221633315086,-3.859164275228977,mixture_ratio,350,False,inf,no_recovery,5.199800107628107,2.5579467974603176,nan,-34.871868789196014,-15.483100973069668,-2.3097807355225086,nan,critical,0,2.4,multiplicative (coupled),-1.830368721857667,nan,-3.3383602229878306,10.283083330839872,nan,nan,21.375215219333768,27.441675186157227,-42.79137283563614,23.340954519808292
30,7625.526762129111,6716.4381835745535,130.73522778227925,2.2450110465288162,10.307578437030315,-5.18498994782567,-9.548945993185043,5.036455906927586,-4.001581661403179,0.011279985308647156,1.7745689079165459,mixture_ratio,64,True,0.6009007800088408,land,-15.423471104353666,28.702990524470806,0.0011711619138657253,27.82071577385068,13.758654594421387,7.078370347619057,0.025026718345924372,critical,1,2.4,multiplicative (coupled),9.534762725234032,0.06288636074792965,9.201318291015923,-5.159857850521803,0.0006069286182854388,1.8027023400265225,17.577550511807203,10.593382358551025,43.26059512794018,78.30638326704502
30,3789.9014949104344,7506.4026595836685,106.67294756509364,5.6790185160934925,8.109983325004578,1.223369836807251,0.3097372055053711,3.52951056137681,-2.3307734057307243,-0.4202941283583641,10.601931408047676,mixture_ratio,350,False,inf,no_recovery,7.236677877604961,-24.104980919510126,nan,-16.311062593013048,-2.3711704537272453,4.916927598416805,nan,critical,2,2.4,multiplicative (coupled),-32.803343245759606,nan,13.156956662423909,-0.5605513416230679,nan,nan,8.71397253125906,24.52152371406555,1.3162882626056671,-138.37478887289762
30,8506.021932756687,4653.091916686,82.07745358347893,-3.128769837319851,-4.637366898357868,3.802990358322859,-7.158684678375721,1.3835593722760677,-8.76760958880186,2.2587035670876503,5.161293178796768,mixture_ratio,33,True,0.6009560215859847,land,15.671595744788647,16.026130123063922,0.0005456252626977914,-46.6569384559989,-19.60933781787753,21.206547111272812,0.009908506144474633,critical,3,2.4,multiplicative (coupled),-10.011666724458337,0.0291054628403814,-8.400669484399259,-13.855690956115723,0.000280449820562058,1.802868064757954,20.67775476910174,8.942914009094238,103.93328431993723,43.92710503190756
30,5171.6203209276255,9821.685528304977,126.40477668493986,0.31353292241692543,5.571188986301422,-1.267992988228798,6.306597478687763,-4.4168231673538685,10.334321267902851,-4.496342562139034,-7.014224007725716,mixture_ratio,298,False,inf,no_recovery,-18.8893850967288,-15.728632844984531,nan,21.772260032594204,1.3442948758602142,-9.757397633045912,nan,critical,4,2.4,multiplicative (coupled),22.858192771673203,nan,3.25287573505193,15.514085736125708,nan,nan,30.240280931815505,27.62472105026245,-1.8062814325094223,-48.45260210335255
30,3457.390808138024,5298.383694924822,72.83179461956024,-3.8358620814979076,-7.076366633176804,-3.368672601878643,-2.6449408382177353,5.39406094327569,-4.789350472390652,0.9002296887338161,9.014599196612835,mixture_ratio,255,False,inf,no_recovery,21.836765497922897,18.203695882111788,nan,43.7609339132905,3.8075323067605495,-3.7674421928822994,nan,critical,5,2.4,multiplicative (coupled),7.658117963001132,nan,11.611360120587051,-12.065906021744013,nan,nan,30.79337925091386,23.344640493392944,-28.18679515272379,95.65071407705545
30,6584.269424294943,7021.072410716426,118.41709788888693,1.0246384665369987,6.1293293461203575,0.653499785810709,1.7961727380752563,-2.2821190170943737,0.06184939295053482,-5.857906345278025,-2.810887925326824,mixture_ratio,47,True,0.6009014494211898,land,-12.6785479336977,-17.922270139679313,0.002427119724802926,-19.059122540056705,-17.167586483061314,14.832559779286385,0.045771366130096254,critical,6,2.4,multiplicative (coupled),-29.263105876743793,0.12829709323879968,-22.361316033639014,12.528971135616302,0.0012667479150869174,1.8027043482635694,15.137084685266018,9.714151620864868,78.09104174375534,-90.87693080306053
30,5711.075679713668,3413.82271085807,69.89367914386094,-2.1686371229588985,-3.6180109083652496,3.3179884180426598,-8.647908993065357,-4.798948992043734,6.5570415034890175,3.196139629930258,-8.613297499716282,mixture_ratio,350,False,inf,no_recovery,-9.786500468850136,9.622166156768799,nan,-43.15509358420968,-4.854549404233694,8.543957479298115,nan,critical,7,2.4,multiplicative (coupled),-15.430713184177876,nan,-1.1559467436745763,7.929785493761301,nan,nan,14.253136286512017,35175.640484809875,27.717620320618153,6.274333670735359
30,8836.442582576601,8582.367825034495,115.73733211494982,4.9827875867486,4.176821552217007,-0.6044649593532085,7.79306448251009,1.7748431526124477,-11.091758631169796,-2.058953706175089,3.5845868960022926,mixture_ratio,112,False,inf,no_recovery,2.4440479576587677,-8.793836990371346,nan,18.24895767495036,18.21594627201557,-19.606394845992327,nan,critical,8,2.4,multiplicative (coupled),21.716817570850253,nan,-12.446940788067877,-7.412887372076511,nan,nan,23.81570584140718,13.70039963722229,-78.71194787323475,-2.0222746208310127
30,6078.697943655903,9517.05755268627,139.44255398586392,2.838760133832693,2.2495067417621613,5.642739124596119,-5.035935245454311,0.2766868472099304,-6.397535763680935,1.6476564891636372,6.54193702340126,mixture_ratio,160,False,inf,no_recovery,-21.590749595314264,4.638024875894189,nan,-25.120023917406797,-8.978430576622486,-12.315723937004805,nan,critical,9,2.4,multiplicative (coupled),-7.180126421153545,nan,-17.105012820102274,-2.810268871486187,nan,nan,27.799821304157376,16.3183650970459,-106.42890974879265,62.082652151584625
30,9733.474225802081,9139.410393690523,105.46190722845495,3.7711582481861115,0.011045984923839569,5.228234019130468,-3.545654498040676,-5.906919881701469,8.652092166244984,4.085221633315086,-3.859164275228977,slow_thrust,237,False,inf,no_recovery,5.199800107628107,2.5579467974603176,nan,-34.871868789196014,-15.483100973069668,-2.3097807355225086,nan,critical,0,2.5,multiplicative,-1.830368721857667,nan,-3.3383602229878306,10.283083330839872,nan,nan,21.375215219333768,20.601195096969604,-42.79137283563614,23.340954519808292
30,7625.526762129111,6716.4381835745535,130.73522778227925,2.2450110465288162,10.307578437030315,-5.18498994782567,-9.548945993185043,5.036455906927586,-4.001581661403179,0.011279985308647156,1.7745689079165459,slow_thrust,44,True,0.6009010524652979,land,-15.423471104353666,28.702990524470806,0.002131713546704288,27.82071577385068,13.758654594421387,7.078370347619057,0.04019026815036031,critical,1,2.5,multiplicative,9.534762725234032,0.11524491630359449,9.201318291015923,-5.159857850521803,0.001139700752085996,1.8027031573958938,17.577550511807203,9.132203578948975,43.26059512794018,78.30638326704502
30,3789.9014949104344,7506.4026595836685,106.67294756509364,5.6790185160934925,8.109983325004578,1.223369836807251,0.3097372055053711,3.52951056137681,-2.3307734057307243,-0.4202941283583641,10.601931408047676,slow_thrust,122,False,inf,no_recovery,7.236677877604961,-24.104980919510126,nan,-16.311062593013048,-2.3711704537272453,4.916927598416805,nan,critical,2,2.5,multiplicative,-32.803343245759606,nan,13.156956662423909,-0.5605513416230679,nan,nan,8.71397253125906,12.3543541431427,1.3162882626056671,-138.37478887289762
30,8506.021932756687,4653.091916686,82.07745358347893,-3.128769837319851,-4.637366898357868,3.802990358322859,-7.158684678375721,1.3835593722760677,-8.76760958880186,2.2587035670876503,5.161293178796768,slow_thrust,34,True,0.6009007969473493,land,15.671595744788647,16.026130123063922,0.0013091225912535526,-46.6569384559989,-19.60933781787753,21.206547111272812,0.02291458821138383,critical,3,2.5,multiplicative,-10.011666724458337,0.06963352974300904,-8.400669484399259,-13.855690956115723,0.0006635895649972697,1.8027023908420479,20.67775476910174,8.702133655548096,103.93328431993723,43.92710503190756
30,5171.6203209276255,9821.685528304977,126.40477668493986,0.31353292241692543,5.571188986301422,-1.267992988228798,6.306597478687763,-4.4168231673538685,10.334321267902851,-4.496342562139034,-7.014224007725716,slow_thrust,350,False,inf,no_recovery,-18.8893850967288,-15.728632844984531,nan,21.772260032594204,1.3442948758602142,-9.757397633045912,nan,critical,4,2.5,multiplicative,22.858192771673203,nan,3.25287573505193,15.514085736125708,nan,nan,30.240280931815505,33.2559609413147,-1.8062814325094223,-48.45260210335255
30,3457.390808138024,5298.383694924822,72.83179461956024,-3.8358620814979076,-7.076366633176804,-3.368672601878643,-2.6449408382177353,5.39406094327569,-4.789350472390652,0.9002296887338161,9.014599196612835,slow_thrust,128,False,inf,no_recovery,21.836765497922897,18.203695882111788,nan,43.7609339132905,3.8075323067605495,-3.7674421928822994,nan,critical,5,2.5,multiplicative,7.658117963001132,nan,11.611360120587051,-12.065906021744013,nan,nan,30.79337925091386,14.78360390663147,-28.18679515272379,95.65071407705545
30,6584.269424294943,7021.072410716426,118.41709788888693,1.0246384665369987,6.1293293461203575,0.653499785810709,1.7961727380752563,-2.2821190170943737,0.06184939295053482,-5.857906345278025,-2.810887925326824,slow_thrust,53,True,0.6009006945107124,land,-12.6785479336977,-17.922270139679313,0.0027643621851166952,-19.059122540056705,-17.167586483061314,14.832559779286385,0.11973161278787182,critical,6,2.5,multiplicative,-29.263105876743793,0.18094417178428296,-22.361316033639014,12.528971135616302,0.0027246645187912442,1.802702083532137,15.137084685266018,9.951747417449951,78.09104174375534,-90.87693080306053
30,5711.075679713668,3413.82271085807,69.89367914386094,-2.1686371229588985,-3.6180109083652496,3.3179884180426598,-8.647908993065357,-4.798948992043734,6.5570415034890175,3.196139629930258,-8.613297499716282,slow_thrust,350,False,inf,no_recovery,-9.786500468850136,9.622166156768799,nan,-43.15509358420968,-4.854549404233694,8.543957479298115,nan,critical,7,2.5,multiplicative,-15.430713184177876,nan,-1.1559467436745763,7.929785493761301,nan,nan,14.253136286512017,25.6334810256958,27.717620320618153,6.274333670735359
30,8836.442582576601,8582.367825034495,115.73733211494982,4.9827875867486,4.176821552217007,-0.6044649593532085,7.79306448251009,1.7748431526124477,-11.091758631169796,-2.058953706175089,3.5845868960022926,slow_thrust,201,False,inf,no_recovery,2.4440479576587677,-8.793836990371346,nan,18.24895767495036,18.21594627201557,-19.606394845992327,nan,critical,8,2.5,multiplicative,21.716817570850253,nan,-12.446940788067877,-7.412887372076511,nan,nan,23.81570584140718,18.29701066017151,-78.71194787323475,-2.0222746208310127
30,6078.697943655903,9517.05755268627,139.44255398586392,2.838760133832693,2.2495067417621613,5.642739124596119,-5.035935245454311,0.2766868472099304,-6.397535763680935,1.6476564891636372,6.54193702340126,slow_thrust,189,False,inf,no_recovery,-21.590749595314264,4.638024875894189,nan,-25.120023917406797,-8.978430576622486,-12.315723937004805,nan,critical,9,2.5,multiplicative,-7.180126421153545,nan,-17.105012820102274,-2.810268871486187,nan,nan,27.799821304157376,19.037554264068604,-106.42890974879265,62.082652151584625
30,9733.474225802081,9139.410393690523,105.46190722845495,3.7711582481861115,0.011045984923839569,5.228234019130468,-3.545654498040676,-5.906919881701469,8.652092166244984,4.085221633315086,-3.859164275228977,thrust_excess,32,True,0.6009017980691022,land,5.199800107628107,2.5579467974603176,0.00019472147928784847,-34.871868789196014,-15.483100973069668,-2.3097807355225086,0.003019583817215759,critical,0,2.2,multiplicative,-1.830368721857667,0.010124131879748095,-3.3383602229878306,10.283083330839872,8.989399853976829e-05,1.8027053942073064,21.375215219333768,8.865961074829102,-42.79137283563614,23.340954519808292
30,7625.526762129111,6716.4381835745535,130.73522778227925,2.2450110465288162,10.307578437030315,-5.18498994782567,-9.548945993185043,5.036455906927586,-4.001581661403179,0.011279985308647156,1.7745689079165459,thrust_excess,57,True,0.6009012160873984,land,-15.423471104353666,28.702990524470806,0.0012827813132401508,27.82071577385068,13.758654594421387,7.078370347619057,0.01946644692022654,critical,1,2.2,multiplicative,9.534762725234032,0.0666871204764083,9.201318291015923,-5.159857850521803,0.0005929329785109273,1.8027036482621954,17.577550511807203,10.38390040397644,43.26059512794018,78.30638326704502
30,3789.9014949104344,7506.4026595836685,106.67294756509364,5.6790185160934925,8.109983325004578,1.223369836807251,0.3097372055053711,3.52951056137681,-2.3307734057307243,-0.4202941283583641,10.601931408047676,thrust_excess,292,False,inf,no_recovery,7.236677877604961,-24.104980919510126,nan,-16.311062593013048,-2.3711704537272453,4.916927598416805,nan,critical,2,2.2,multiplicative,-32.803343245759606,nan,13.156956662423909,-0.5605513416230679,nan,nan,8.71397253125906,21.107866764068604,1.3162882626056671,-138.37478887289762
30,8506.021932756687,4653.091916686,82.07745358347893,-3.128769837319851,-4.637366898357868,3.802990358322859,-7.158684678375721,1.3835593722760677,-8.76760958880186,2.2587035670876503,5.161293178796768,thrust_excess,33,True,0.6009250851781459,land,15.671595744788647,16.026130123063922,0.0007329012264801291,-46.6569384559989,-19.60933781787753,21.206547111272812,0.011105775265478533,critical,3,2.2,multiplicative,-10.011666724458337,0.038192107125478963,-8.400669484399259,-13.855690956115723,0.0003394357153259635,1.8027752555344376,20.67775476910174,9.13199520111084,103.93328431993723,43.92710503190756
30,5171.6203209276255,9821.685528304977,126.40477668493986,0.31353292241692543,5.571188986301422,-1.267992988228798,6.306597478687763,-4.4168231673538685,10.334321267902851,-4.496342562139034,-7.014224007725716,thrust_excess,38,True,0.600900934473985,land,-18.8893850967288,-15.728632844984531,0.0009294390365133265,21.772260032594204,1.3442948758602142,-9.757397633045912,0.014258496729182018,critical,4,2.2,multiplicative,22.858192771673203,0.04837946747778348,3.25287573505193,15.514085736125708,0.0004283578728466054,1.802702803421955,30.240280931815505,9.216444253921509,-1.8062814325094223,-48.45260210335255
30,3457.390808138024,5298.383694924822,72.83179461956024,-3.8358620814979076,-7.076366633176804,-3.368672601878643,-2.6449408382177353,5.39406094327569,-4.789350472390652,0.9002296887338161,9.014599196612835,thrust_excess,150,False,inf,no_recovery,21.836765497922897,18.203695882111788,nan,43.7609339132905,3.8075323067605495,-3.7674421928822994,nan,critical,5,2.2,multiplicative,7.658117963001132,nan,11.611360120587051,-12.065906021744013,nan,nan,30.79337925091386,15.87644362449646,-28.18679515272379,95.65071407705545
30,6584.269424294943,7021.072410716426,118.41709788888693,1.0246384665369987,6.1293293461203575,0.653499785810709,1.7961727380752563,-2.2821190170943737,0.06184939295053482,-5.857906345278025,-2.810887925326824,thrust_excess,59,True,0.6009151400937697,land,-12.6785479336977,-17.922270139679313,0.00030368453392030275,-19.059122540056705,-17.167586483061314,14.832559779286385,0.03477791197995977,critical,6,2.2,multiplicative,-29.263105876743793,0.017703238539372702,-22.361316033639014,12.528971135616302,0.00019265445845810647,1.8027454202813091,15.137084685266018,10.307519674301147,78.09104174375534,-90.87693080306053
30,5711.075679713668,3413.82271085807,69.89367914386094,-2.1686371229588985,-3.6180109083652496,3.3179884180426598,-8.647908993065357,-4.798948992043734,6.5570415034890175,3.196139629930258,-8.613297499716282,thrust_excess,22,True,0.6009141451300443,land,-9.786500468850136,9.622166156768799,0.0007914600223570028,-43.15509358420968,-4.854549404233694,8.543957479298115,0.011887674366131067,critical,7,2.2,multiplicative,-15.430713184177876,0.04119372372189376,-1.1559467436745763,7.929785493761301,0.0003647737287934101,1.802742435390133,14.253136286512017,8.139107465744019,27.717620320618153,6.274333670735359
30,8836.442582576601,8582.367825034495,115.73733211494982,4.9827875867486,4.176821552217007,-0.6044649593532085,7.79306448251009,1.7748431526124477,-11.091758631169796,-2.058953706175089,3.5845868960022926,thrust_excess,327,False,inf,no_recovery,2.4440479576587677,-8.793836990371346,nan,18.24895767495036,18.21594627201557,-19.606394845992327,nan,critical,8,2.2,multiplicative,21.716817570850253,nan,-12.446940788067877,-7.412887372076511,nan,nan,23.81570584140718,24.857406616210938,-78.71194787323475,-2.0222746208310127
30,6078.697943655903,9517.05755268627,139.44255398586392,2.838760133832693,2.2495067417621613,5.642739124596119,-5.035935245454311,0.2766868472099304,-6.397535763680935,1.6476564891636372,6.54193702340126,thrust_excess,247,False,inf,no_recovery,-21.590749595314264,4.638024875894189,nan,-25.120023917406797,-8.978430576622486,-12.315723937004805,nan,critical,9,2.2,multiplicative,-7.180126421153545,nan,-17.105012820102274,-2.810268871486187,nan,nan,27.799821304157376,21.924812078475952,-106.42890974879265,62.082652151584625
30,9733.474225802081,9139.410393690523,105.46190722845495,3.7711582481861115,0.011045984923839569,5.228234019130468,-3.545654498040676,-5.906919881701469,8.652092166244984,4.085221633315086,-3.859164275228977,thrust_loss_50,244,False,inf,no_recovery,5.199800107628107,2.5579467974603176,nan,-34.871868789196014,-15.483100973069668,-2.3097807355225086,nan,critical,0,2.1,multiplicative,-1.830368721857667,nan,-3.3383602229878306,10.283083330839872,nan,nan,21.375215219333768,19.883973121643066,-42.79137283563614,23.340954519808292
30,7625.526762129111,6716.4381835745535,130.73522778227925,2.2450110465288162,10.307578437030315,-5.18498994782567,-9.548945993185043,5.036455906927586,-4.001581661403179,0.011279985308647156,1.7745689079165459,thrust_loss_50,54,True,0.6009165267903257,land,-15.423471104353666,28.702990524470806,0.0009894792470094241,27.82071577385068,13.758654594421387,7.078370347619057,0.04363642402258441,critical,1,2.1,multiplicative,9.534762725234032,0.05847073728453266,9.201318291015923,-5.159857850521803,0.0008134180193091254,1.802749580370977,17.577550511807203,9.86212420463562,43.26059512794018,78.30638326704502
30,3789.9014949104344,7506.4026595836685,106.67294756509364,5.6790185160934925,8.109983325004578,1.223369836807251,0.3097372055053711,3.52951056137681,-2.3307734057307243,-0.4202941283583641,10.601931408047676,thrust_loss_50,121,False,inf,no_recovery,7.236677877604961,-24.104980919510126,nan,-16.311062593013048,-2.3711704537272453,4.916927598416805,nan,critical,2,2.1,multiplicative,-32.803343245759606,nan,13.156956662423909,-0.5605513416230679,nan,nan,8.71397253125906,12.804852485656738,1.3162882626056671,-138.37478887289762
30,8506.021932756687,4653.091916686,82.07745358347893,-3.128769837319851,-4.637366898357868,3.802990358322859,-7.158684678375721,1.3835593722760677,-8.76760958880186,2.2587035670876503,5.161293178796768,thrust_loss_50,350,False,inf,no_recovery,15.671595744788647,16.026130123063922,nan,-46.6569384559989,-19.60933781787753,21.206547111272812,nan,critical,3,2.1,multiplicative,-10.011666724458337,nan,-8.400669484399259,-13.855690956115723,nan,nan,20.67775476910174,32.167569160461426,103.93328431993723,43.92710503190756
30,5171.6203209276255,9821.685528304977,126.40477668493986,0.31353292241692543,5.571188986301422,-1.267992988228798,6.306597478687763,-4.4168231673538685,10.334321267902851,-4.496342562139034,-7.014224007725716,thrust_loss_50,266,False,inf,no_recovery,-18.8893850967288,-15.728632844984531,nan,21.772260032594204,1.3442948758602142,-9.757397633045912,nan,critical,4,2.1,multiplicative,22.858192771673203,nan,3.25287573505193,15.514085736125708,nan,nan,30.240280931815505,22.724960327148438,-1.8062814325094223,-48.45260210335255
30,3457.390808138024,5298.383694924822,72.83179461956024,-3.8358620814979076,-7.076366633176804,-3.368672601878643,-2.6449408382177353,5.39406094327569,-4.789350472390652,0.9002296887338161,9.014599196612835,thrust_loss_50,224,False,inf,no_recovery,21.836765497922897,18.203695882111788,nan,43.7609339132905,3.8075323067605495,-3.7674421928822994,nan,critical,5,2.1,multiplicative,7.658117963001132,nan,11.611360120587051,-12.065906021744013,nan,nan,30.79337925091386,20.56837248802185,-28.18679515272379,95.65071407705545
30,6584.269424294943,7021.072410716426,118.41709788888693,1.0246384665369987,6.1293293461203575,0.653499785810709,1.7961727380752563,-2.2821190170943737,0.06184939295053482,-5.857906345278025,-2.810887925326824,thrust_loss_50,95,True,0.601216190885595,land,-12.6785479336977,-17.922270139679313,0.003875268563070902,-19.059122540056705,-17.167586483061314,14.832559779286385,0.3268935163191429,critical,6,2.1,multiplicative,-29.263105876743793,0.22561523767019795,-22.361316033639014,12.528971135616302,0.0038385702727783953,1.8036485726567848,15.137084685266018,12.138392925262451,78.09104174375534,-90.87693080306053
30,5711.075679713668,3413.82271085807,69.89367914386094,-2.1686371229588985,-3.6180109083652496,3.3179884180426598,-8.647908993065357,-4.798948992043734,6.5570415034890175,3.196139629930258,-8.613297499716282,thrust_loss_50,350,False,inf,no_recovery,-9.786500468850136,9.622166156768799,nan,-43.15509358420968,-4.854549404233694,8.543957479298115,nan,critical,7,2.1,multiplicative,-15.430713184177876,nan,-1.1559467436745763,7.929785493761301,nan,nan,14.253136286512017,25.123923301696777,27.717620320618153,6.274333670735359
30,8836.442582576601,8582.367825034495,115.73733211494982,4.9827875867486,4.176821552217007,-0.6044649593532085,7.79306448251009,1.7748431526124477,-11.091758631169796,-2.058953706175089,3.5845868960022926,thrust_loss_50,168,False,inf,no_recovery,2.4440479576587677,-8.793836990371346,nan,18.24895767495036,18.21594627201557,-19.606394845992327,nan,critical,8,2.1,multiplicative,21.716817570850253,nan,-12.446940788067877,-7.412887372076511,nan,nan,23.81570584140718,15.66570496559143,-78.71194787323475,-2.0222746208310127
30,6078.697943655903,9517.05755268627,139.44255398586392,2.838760133832693,2.2495067417621613,5.642739124596119,-5.035935245454311,0.2766868472099304,-6.397535763680935,1.6476564891636372,6.54193702340126,thrust_loss_50,155,False,inf,no_recovery,-21.590749595314264,4.638024875894189,nan,-25.120023917406797,-8.978430576622486,-12.315723937004805,nan,critical,9,2.1,multiplicative,-7.180126421153545,nan,-17.105012820102274,-2.810268871486187,nan,nan,27.799821304157376,16.75652551651001,-106.42890974879265,62.082652151584625
30,9733.474225802081,9139.410393690523,105.46190722845495,3.7711582481861115,0.011045984923839569,5.228234019130468,-3.545654498040676,-5.906919881701469,8.652092166244984,4.085221633315086,-3.859164275228977,thrust_loss_85,232,False,inf,no_recovery,5.199800107628107,2.5579467974603176,nan,-34.871868789196014,-15.483100973069668,-2.3097807355225086,nan,critical,0,2.1,multiplicative,-1.830368721857667,nan,-3.3383602229878306,10.283083330839872,nan,nan,21.375215219333768,29.526836156845093,-42.79137283563614,23.340954519808292
30,7625.526762129111,6716.4381835745535,130.73522778227925,2.2450110465288162,10.307578437030315,-5.18498994782567,-9.548945993185043,5.036455906927586,-4.001581661403179,0.011279985308647156,1.7745689079165459,thrust_loss_85,270,False,inf,no_recovery,-15.423471104353666,28.702990524470806,nan,27.82071577385068,13.758654594421387,7.078370347619057,nan,critical,1,2.1,multiplicative,9.534762725234032,nan,9.201318291015923,-5.159857850521803,nan,nan,17.577550511807203,32.87524175643921,43.26059512794018,78.30638326704502
30,3789.9014949104344,7506.4026595836685,106.67294756509364,5.6790185160934925,8.109983325004578,1.223369836807251,0.3097372055053711,3.52951056137681,-2.3307734057307243,-0.4202941283583641,10.601931408047676,thrust_loss_85,152,False,inf,no_recovery,7.236677877604961,-24.104980919510126,nan,-16.311062593013048,-2.3711704537272453,4.916927598416805,nan,critical,2,2.1,multiplicative,-32.803343245759606,nan,13.156956662423909,-0.5605513416230679,nan,nan,8.71397253125906,22.00557041168213,1.3162882626056671,-138.37478887289762
30,8506.021932756687,4653.091916686,82.07745358347893,-3.128769837319851,-4.637366898357868,3.802990358322859,-7.158684678375721,1.3835593722760677,-8.76760958880186,2.2587035670876503,5.161293178796768,thrust_loss_85,217,False,inf,no_recovery,15.671595744788647,16.026130123063922,nan,-46.6569384559989,-19.60933781787753,21.206547111272812,nan,critical,3,2.1,multiplicative,-10.011666724458337,nan,-8.400669484399259,-13.855690956115723,nan,nan,20.67775476910174,26.55020809173584,103.93328431993723,43.92710503190756
30,5171.6203209276255,9821.685528304977,126.40477668493986,0.31353292241692543,5.571188986301422,-1.267992988228798,6.306597478687763,-4.4168231673538685,10.334321267902851,-4.496342562139034,-7.014224007725716,thrust_loss_85,310,False,inf,no_recovery,-18.8893850967288,-15.728632844984531,nan,21.772260032594204,1.3442948758602142,-9.757397633045912,nan,critical,4,2.1,multiplicative,22.858192771673203,nan,3.25287573505193,15.514085736125708,nan,nan,30.240280931815505,35.99675512313843,-1.8062814325094223,-48.45260210335255
30,3457.390808138024,5298.383694924822,72.83179461956024,-3.8358620814979076,-7.076366633176804,-3.368672601878643,-2.6449408382177353,5.39406094327569,-4.789350472390652,0.9002296887338161,9.014599196612835,thrust_loss_85,260,False,inf,no_recovery,21.836765497922897,18.203695882111788,nan,43.7609339132905,3.8075323067605495,-3.7674421928822994,nan,critical,5,2.1,multiplicative,7.658117963001132,nan,11.611360120587051,-12.065906021744013,nan,nan,30.79337925091386,34.44137763977051,-28.18679515272379,95.65071407705545
30,6584.269424294943,7021.072410716426,118.41709788888693,1.0246384665369987,6.1293293461203575,0.653499785810709,1.7961727380752563,-2.2821190170943737,0.06184939295053482,-5.857906345278025,-2.810887925326824,thrust_loss_85,350,False,inf,no_recovery,-12.6785479336977,-17.922270139679313,nan,-19.059122540056705,-17.167586483061314,14.832559779286385,nan,critical,6,2.1,multiplicative,-29.263105876743793,nan,-22.361316033639014,12.528971135616302,nan,nan,15.137084685266018,45.8332998752594,78.09104174375534,-90.87693080306053
30,5711.075679713668,3413.82271085807,69.89367914386094,-2.1686371229588985,-3.6180109083652496,3.3179884180426598,-8.647908993065357,-4.798948992043734,6.5570415034890175,3.196139629930258,-8.613297499716282,thrust_loss_85,276,False,inf,no_recovery,-9.786500468850136,9.622166156768799,nan,-43.15509358420968,-4.854549404233694,8.543957479298115,nan,critical,7,2.1,multiplicative,-15.430713184177876,nan,-1.1559467436745763,7.929785493761301,nan,nan,14.253136286512017,34.039032220840454,27.717620320618153,6.274333670735359
30,8836.442582576601,8582.367825034495,115.73733211494982,4.9827875867486,4.176821552217007,-0.6044649593532085,7.79306448251009,1.7748431526124477,-11.091758631169796,-2.058953706175089,3.5845868960022926,thrust_loss_85,278,False,inf,no_recovery,2.4440479576587677,-8.793836990371346,nan,18.24895767495036,18.21594627201557,-19.606394845992327,nan,critical,8,2.1,multiplicative,21.716817570850253,nan,-12.446940788067877,-7.412887372076511,nan,nan,23.81570584140718,33.63349795341492,-78.71194787323475,-2.0222746208310127
30,6078.697943655903,9517.05755268627,139.44255398586392,2.838760133832693,2.2495067417621613,5.642739124596119,-5.035935245454311,0.2766868472099304,-6.397535763680935,1.6476564891636372,6.54193702340126,thrust_loss_85,350,False,inf,no_recovery,-21.590749595314264,4.638024875894189,nan,-25.120023917406797,-8.978430576622486,-12.315723937004805,nan,critical,9,2.1,multiplicative,-7.180126421153545,nan,-17.105012820102274,-2.810268871486187,nan,nan,27.799821304157376,47.69187116622925,-106.42890974879265,62.082652151584625
30,9733.474225802081,9139.410393690523,105.46190722845495,3.7711582481861115,0.011045984923839569,5.228234019130468,-3.545654498040676,-5.906919881701469,8.652092166244984,4.085221633315086,-3.859164275228977,tvc_bias,29,True,0.6009017871588608,land,5.199800107628107,2.5579467974603176,4.588622864973227e-05,-34.871868789196014,-15.483100973069668,-2.3097807355225086,0.003595333413675331,critical,0,2.7,additive,-1.830368721857667,0.0023287593481025833,-3.3383602229878306,10.283083330839872,2.4826526158119924e-05,1.8027053614765824,21.375215219333768,7.99196720123291,-42.79137283563614,23.340954519808292
30,7625.526762129111,6716.4381835745535,130.73522778227925,2.2450110465288162,10.307578437030315,-5.18498994782567,-9.548945993185043,5.036455906927586,-4.001581661403179,0.011279985308647156,1.7745689079165459,tvc_bias,73,True,0.6009024090374516,land,-15.423471104353666,28.702990524470806,0.00032996493385591504,27.82071577385068,13.758654594421387,7.078370347619057,0.010619567684517257,critical,1,2.7,additive,9.534762725234032,0.018032251437007263,9.201318291015923,-5.159857850521803,0.00020081366035219048,1.802707227112355,17.577550511807203,11.031095743179321,43.26059512794018,78.30638326704502
30,3789.9014949104344,7506.4026595836685,106.67294756509364,5.6790185160934925,8.109983325004578,1.223369836807251,0.3097372055053711,3.52951056137681,-2.3307734057307243,-0.4202941283583641,10.601931408047676,tvc_bias,194,False,inf,no_recovery,7.236677877604961,-24.104980919510126,nan,-16.311062593013048,-2.3711704537272453,4.916927598416805,nan,critical,2,2.7,additive,-32.803343245759606,nan,13.156956662423909,-0.5605513416230679,nan,nan,8.71397253125906,16.528186798095703,1.3162882626056671,-138.37478887289762
30,8506.021932756687,4653.091916686,82.07745358347893,-3.128769837319851,-4.637366898357868,3.802990358322859,-7.158684678375721,1.3835593722760677,-8.76760958880186,2.2587035670876503,5.161293178796768,tvc_bias,50,True,0.600901841837328,land,15.671595744788647,16.026130123063922,0.00021853281659314097,-46.6569384559989,-19.60933781787753,21.206547111272812,0.0035134256689277484,critical,3,2.7,additive,-10.011666724458337,0.011466439232011887,-8.400669484399259,-13.855690956115723,0.00010476653456470245,1.802705525511984,20.67775476910174,9.704617977142334,103.93328431993723,43.92710503190756
30,5171.6203209276255,9821.685528304977,126.40477668493986,0.31353292241692543,5.571188986301422,-1.267992988228798,6.306597478687763,-4.4168231673538685,10.334321267902851,-4.496342562139034,-7.014224007725716,tvc_bias,36,True,0.6009025531060334,land,-18.8893850967288,-15.728632844984531,0.00034936572200477273,21.772260032594204,1.3442948758602142,-9.757397633045912,0.007864936968905582,critical,4,2.7,additive,22.858192771673203,0.01849428353100697,3.25287573505193,15.514085736125708,0.00017287577971574972,1.8027076593181002,30.240280931815505,8.952639818191528,-1.8062814325094223,-48.45260210335255
30,3457.390808138024,5298.383694924822,72.83179461956024,-3.8358620814979076,-7.076366633176804,-3.368672601878643,-2.6449408382177353,5.39406094327569,-4.789350472390652,0.9002296887338161,9.014599196612835,tvc_bias,207,False,inf,no_recovery,21.836765497922897,18.203695882111788,nan,43.7609339132905,3.8075323067605495,-3.7674421928822994,nan,critical,5,2.7,additive,7.658117963001132,nan,11.611360120587051,-12.065906021744013,nan,nan,30.79337925091386,20.091190814971924,-28.18679515272379,95.65071407705545
30,6584.269424294943,7021.072410716426,118.41709788888693,1.0246384665369987,6.1293293461203575,0.653499785810709,1.7961727380752563,-2.2821190170943737,0.06184939295053482,-5.857906345278025,-2.810887925326824,tvc_bias,52,True,0.6009142219139091,land,-12.6785479336977,-17.922270139679313,0.0019118275090160332,-19.059122540056705,-17.167586483061314,14.832559779286385,0.033822782894006066,critical,6,2.7,additive,-29.263105876743793,0.10132629663577526,-22.361316033639014,12.528971135616302,0.0009784131116239757,1.8027426657417271,15.137084685266018,9.664340496063232,78.09104174375534,-90.87693080306053
30,5711.075679713668,3413.82271085807,69.89367914386094,-2.1686371229588985,-3.6180109083652496,3.3179884180426598,-8.647908993065357,-4.798948992043734,6.5570415034890175,3.196139629930258,-8.613297499716282,tvc_bias,30,True,0.6009020009074507,land,-9.786500468850136,9.622166156768799,0.0005662640398904224,-43.15509358420968,-4.854549404233694,8.543957479298115,0.009140618609994862,critical,7,2.7,additive,-15.430713184177876,0.029738827167477555,-1.1559467436745763,7.929785493761301,0.000272067224557056,1.802706002722352,14.253136286512017,8.21352243423462,27.717620320618153,6.274333670735359
30,8836.442582576601,8582.367825034495,115.73733211494982,4.9827875867486,4.176821552217007,-0.6044649593532085,7.79306448251009,1.7748431526124477,-11.091758631169796,-2.058953706175089,3.5845868960022926,tvc_bias,265,False,inf,no_recovery,2.4440479576587677,-8.793836990371346,nan,18.24895767495036,18.21594627201557,-19.606394845992327,nan,critical,8,2.7,additive,21.716817570850253,nan,-12.446940788067877,-7.412887372076511,nan,nan,23.81570584140718,21.241313219070435,-78.71194787323475,-2.0222746208310127
30,6078.697943655903,9517.05755268627,139.44255398586392,2.838760133832693,2.2495067417621613,5.642739124596119,-5.035935245454311,0.2766868472099304,-6.397535763680935,1.6476564891636372,6.54193702340126,tvc_bias,156,False,inf,no_recovery,-21.590749595314264,4.638024875894189,nan,-25.120023917406797,-8.978430576622486,-12.315723937004805,nan,critical,9,2.7,additive,-7.180126421153545,nan,-17.105012820102274,-2.810268871486187,nan,nan,27.799821304157376,14.79798936843872,-106.42890974879265,62.082652151584625
30,9733.474225802081,9139.410393690523,105.46190722845495,3.7711582481861115,0.011045984923839569,5.228234019130468,-3.545654498040676,-5.906919881701469,8.652092166244984,4.085221633315086,-3.859164275228977,tvc_gain_loss,43,True,0.6009019066313683,land,5.199800107628107,2.5579467974603176,0.0004043798908019187,-34.871868789196014,-15.483100973069668,-2.3097807355225086,0.007170829294697315,critical,0,2.7,multiplicative,-1.830368721857667,0.02134455954416217,-3.3383602229878306,10.283083330839872,0.0002030999869287746,1.802705719894105,21.375215219333768,9.62010407447815,-42.79137283563614,23.340954519808292
30,7625.526762129111,6716.4381835745535,130.73522778227925,2.2450110465288162,10.307578437030315,-5.18498994782567,-9.548945993185043,5.036455906927586,-4.001581661403179,0.011279985308647156,1.7745689079165459,tvc_gain_loss,40,True,0.6009023722105049,land,-15.423471104353666,28.702990524470806,0.0003800091453095259,27.82071577385068,13.758654594421387,7.078370347619057,0.015149741071399919,critical,1,2.7,multiplicative,9.534762725234032,0.026552823379613223,9.201318291015923,-5.159857850521803,0.0004266755780360019,1.8027071166315147,17.577550511807203,8.777645349502563,43.26059512794018,78.30638326704502
30,3789.9014949104344,7506.4026595836685,106.67294756509364,5.6790185160934925,8.109983325004578,1.223369836807251,0.3097372055053711,3.52951056137681,-2.3307734057307243,-0.4202941283583641,10.601931408047676,tvc_gain_loss,197,False,inf,no_recovery,7.236677877604961,-24.104980919510126,nan,-16.311062593013048,-2.3711704537272453,4.916927598416805,nan,critical,2,2.7,multiplicative,-32.803343245759606,nan,13.156956662423909,-0.5605513416230679,nan,nan,8.71397253125906,16.264413595199585,1.3162882626056671,-138.37478887289762
30,8506.021932756687,4653.091916686,82.07745358347893,-3.128769837319851,-4.637366898357868,3.802990358322859,-7.158684678375721,1.3835593722760677,-8.76760958880186,2.2587035670876503,5.161293178796768,tvc_gain_loss,29,True,0.6009019361703868,land,15.671595744788647,16.026130123063922,5.9121143983586113e-05,-46.6569384559989,-19.60933781787753,21.206547111272812,0.0010216465420186443,critical,3,2.7,multiplicative,-10.011666724458337,0.003112761693129413,-8.400669484399259,-13.855690956115723,2.8866179490250002e-05,1.8027058085111605,20.67775476910174,8.121939182281494,103.93328431993723,43.92710503190756
30,5171.6203209276255,9821.685528304977,126.40477668493986,0.31353292241692543,5.571188986301422,-1.267992988228798,6.306597478687763,-4.4168231673538685,10.334321267902851,-4.496342562139034,-7.014224007725716,tvc_gain_loss,43,True,0.6009023079038951,land,-18.8893850967288,-15.728632844984531,0.000769765645527098,21.772260032594204,1.3442948758602142,-9.757397633045912,0.013177832497718077,critical,4,2.7,multiplicative,22.858192771673203,0.04034505408406142,3.25287573505193,15.514085736125708,0.00036970852564788926,1.8027069237116853,30.240280931815505,9.43135118484497,-1.8062814325094223,-48.45260210335255
30,3457.390808138024,5298.383694924822,72.83179461956024,-3.8358620814979076,-7.076366633176804,-3.368672601878643,-2.6449408382177353,5.39406094327569,-4.789350472390652,0.9002296887338161,9.014599196612835,tvc_gain_loss,245,False,inf,no_recovery,21.836765497922897,18.203695882111788,nan,43.7609339132905,3.8075323067605495,-3.7674421928822994,nan,critical,5,2.7,multiplicative,7.658117963001132,nan,11.611360120587051,-12.065906021744013,nan,nan,30.79337925091386,21.365681171417236,-28.18679515272379,95.65071407705545
30,6584.269424294943,7021.072410716426,118.41709788888693,1.0246384665369987,6.1293293461203575,0.653499785810709,1.7961727380752563,-2.2821190170943737,0.06184939295053482,-5.857906345278025,-2.810887925326824,tvc_gain_loss,71,True,0.6009217097965336,land,-12.6785479336977,-17.922270139679313,0.0005171326771956465,-19.059122540056705,-17.167586483061314,14.832559779286385,0.06197087108255492,critical,6,2.7,multiplicative,-29.263105876743793,0.022357415501487433,-22.361316033639014,12.528971135616302,0.0002838519759744976,1.8027651293896008,15.137084685266018,10.764556646347046,78.09104174375534,-90.87693080306053
30,5711.075679713668,3413.82271085807,69.89367914386094,-2.1686371229588985,-3.6180109083652496,3.3179884180426598,-8.647908993065357,-4.798948992043734,6.5570415034890175,3.196139629930258,-8.613297499716282,tvc_gain_loss,41,True,0.6009018274845228,land,-9.786500468850136,9.622166156768799,0.0009262540881279739,-43.15509358420968,-4.854549404233694,8.543957479298115,0.014827718940687577,critical,7,2.7,multiplicative,-15.430713184177876,0.04855109419530919,-1.1559467436745763,7.929785493761301,0.0004405428640201966,1.8027054824535684,14.253136286512017,9.109711647033691,27.717620320618153,6.274333670735359
30,8836.442582576601,8582.367825034495,115.73733211494982,4.9827875867486,4.176821552217007,-0.6044649593532085,7.79306448251009,1.7748431526124477,-11.091758631169796,-2.058953706175089,3.5845868960022926,tvc_gain_loss,138,False,inf,no_recovery,2.4440479576587677,-8.793836990371346,nan,18.24895767495036,18.21594627201557,-19.606394845992327,nan,critical,8,2.7,multiplicative,21.716817570850253,nan,-12.446940788067877,-7.412887372076511,nan,nan,23.81570584140718,13.64786696434021,-78.71194787323475,-2.0222746208310127
30,6078.697943655903,9517.05755268627,139.44255398586392,2.838760133832693,2.2495067417621613,5.642739124596119,-5.035935245454311,0.2766868472099304,-6.397535763680935,1.6476564891636372,6.54193702340126,tvc_gain_loss,166,False,inf,no_recovery,-21.590749595314264,4.638024875894189,nan,-25.120023917406797,-8.978430576622486,-12.315723937004805,nan,critical,9,2.7,multiplicative,-7.180126421153545,nan,-17.105012820102274,-2.810268871486187,nan,nan,27.799821304157376,16.326732397079468,-106.42890974879265,62.082652151584625
30,9733.474225802081,9139.410393690523,105.46190722845495,3.7711582481861115,0.011045984923839569,5.228234019130468,-3.545654498040676,-5.906919881701469,8.652092166244984,4.085221633315086,-3.859164275228977,valve_stuck_open,114,True,0.6121551983987712,land,5.199800107628107,2.5579467974603176,0.03599863066821758,-34.871868789196014,-15.483100973069668,-2.3097807355225086,1.6181796174928067,critical,0,2.2 / 1.4,structural,-1.830368721857667,0.5424007821919294,-3.3383602229878306,10.283083330839872,0.024724835938271635,1.8364655951963136,21.375215219333768,14.149011135101318,-42.79137283563614,23.340954519808292
30,7625.526762129111,6716.4381835745535,130.73522778227925,2.2450110465288162,10.307578437030315,-5.18498994782567,-9.548945993185043,5.036455906927586,-4.001581661403179,0.011279985308647156,1.7745689079165459,valve_stuck_open,69,True,0.7125548632660196,land,-15.423471104353666,28.702990524470806,0.037979349637691964,27.82071577385068,13.758654594421387,7.078370347619057,0.7695051552982731,critical,1,2.2 / 1.4,structural,9.534762725234032,4.275329179596118,9.201318291015923,-5.159857850521803,0.13346453312994594,1.865179457718256,17.577550511807203,10.57963228225708,43.26059512794018,78.30638326704502
30,3789.9014949104344,7506.4026595836685,106.67294756509364,5.6790185160934925,8.109983325004578,1.223369836807251,0.3097372055053711,3.52951056137681,-2.3307734057307243,-0.4202941283583641,10.601931408047676,valve_stuck_open,338,False,inf,no_recovery,7.236677877604961,-24.104980919510126,nan,-16.311062593013048,-2.3711704537272453,4.916927598416805,nan,critical,2,2.2 / 1.4,structural,-32.803343245759606,nan,13.156956662423909,-0.5605513416230679,nan,nan,8.71397253125906,23.748914003372192,1.3162882626056671,-138.37478887289762
30,8506.021932756687,4653.091916686,82.07745358347893,-3.128769837319851,-4.637366898357868,3.802990358322859,-7.158684678375721,1.3835593722760677,-8.76760958880186,2.2587035670876503,5.161293178796768,valve_stuck_open,68,True,0.6397743145710046,land,15.671595744788647,16.026130123063922,0.04565774160807642,-46.6569384559989,-19.60933781787753,21.206547111272812,1.1018824598029824,critical,3,2.2 / 1.4,structural,-10.011666724458337,3.838645887426028,-8.400669484399259,-13.855690956115723,0.09061383835831222,1.8525394363749563,20.67775476910174,10.79828953742981,103.93328431993723,43.92710503190756
30,5171.6203209276255,9821.685528304977,126.40477668493986,0.31353292241692543,5.571188986301422,-1.267992988228798,6.306597478687763,-4.4168231673538685,10.334321267902851,-4.496342562139034,-7.014224007725716,valve_stuck_open,103,True,0.6205693683600267,land,-18.8893850967288,-15.728632844984531,0.045747929262705,21.772260032594204,1.3442948758602142,-9.757397633045912,1.4324423124549677,critical,4,2.2 / 1.4,structural,22.858192771673203,3.6147487533476523,3.25287573505193,15.514085736125708,0.12036158925511534,1.8617081050800803,30.240280931815505,13.441134214401245,-1.8062814325094223,-48.45260210335255
30,3457.390808138024,5298.383694924822,72.83179461956024,-3.8358620814979076,-7.076366633176804,-3.368672601878643,-2.6449408382177353,5.39406094327569,-4.789350472390652,0.9002296887338161,9.014599196612835,valve_stuck_open,218,False,inf,no_recovery,21.836765497922897,18.203695882111788,nan,43.7609339132905,3.8075323067605495,-3.7674421928822994,nan,critical,5,2.2 / 1.4,structural,7.658117963001132,nan,11.611360120587051,-12.065906021744013,nan,nan,30.79337925091386,19.093765020370483,-28.18679515272379,95.65071407705545
30,6584.269424294943,7021.072410716426,118.41709788888693,1.0246384665369987,6.1293293461203575,0.653499785810709,1.7961727380752563,-2.2821190170943737,0.06184939295053482,-5.857906345278025,-2.810887925326824,valve_stuck_open,181,True,0.6151881264588126,land,-12.6785479336977,-17.922270139679313,0.004652930640129324,-19.059122540056705,-17.167586483061314,14.832559779286385,2.0558767453840185,critical,6,2.2 / 1.4,structural,-29.263105876743793,1.5314533571839113,-22.361316033639014,12.528971135616302,0.04675274251540105,1.8455643793764378,15.137084685266018,17.51372480392456,78.09104174375534,-90.87693080306053
30,5711.075679713668,3413.82271085807,69.89367914386094,-2.1686371229588985,-3.6180109083652496,3.3179884180426598,-8.647908993065357,-4.798948992043734,6.5570415034890175,3.196139629930258,-8.613297499716282,valve_stuck_open,104,True,0.6138072123567251,land,-9.786500468850136,9.622166156768799,0.013180311446311639,-43.15509358420968,-4.854549404233694,8.543957479298115,1.8103858304093678,critical,7,2.2 / 1.4,structural,-15.430713184177876,2.5093057774593186,-1.1559467436745763,7.929785493761301,0.0704244981221676,1.8414216370701753,14.253136286512017,12.818670749664307,27.717620320618153,6.274333670735359
30,8836.442582576601,8582.367825034495,115.73733211494982,4.9827875867486,4.176821552217007,-0.6044649593532085,7.79306448251009,1.7748431526124477,-11.091758631169796,-2.058953706175089,3.5845868960022926,valve_stuck_open,182,False,inf,no_recovery,2.4440479576587677,-8.793836990371346,nan,18.24895767495036,18.21594627201557,-19.606394845992327,nan,critical,8,2.2 / 1.4,structural,21.716817570850253,nan,-12.446940788067877,-7.412887372076511,nan,nan,23.81570584140718,16.179118156433105,-78.71194787323475,-2.0222746208310127
30,6078.697943655903,9517.05755268627,139.44255398586392,2.838760133832693,2.2495067417621613,5.642739124596119,-5.035935245454311,0.2766868472099304,-6.397535763680935,1.6476564891636372,6.54193702340126,valve_stuck_open,309,False,inf,no_recovery,-21.590749595314264,4.638024875894189,nan,-25.120023917406797,-8.978430576622486,-12.315723937004805,nan,critical,9,2.2 / 1.4,structural,-7.180126421153545,nan,-17.105012820102274,-2.810268871486187,nan,nan,27.799821304157376,24.653988122940063,-106.42890974879265,62.082652151584625
59,21665.884421616793,19921.200082823634,977.8677550144494,3.7711582481861123,0.013255181908608193,5.228234019130469,-4.254785397648812,-5.90691988170147,10.382510599493983,4.085221633315087,-4.630997130274773,chugging,138,True,0.600978545786906,land,5.9088637586683035,1.8271048553287983,0.0017446525680614004,-27.89749503135681,-17.594432923942804,-2.6247508358210325,0.023490549966536812,dispersed,0,2.3,additive,-1.3074062298983335,0.09953964390865758,-4.263169062323868,6.855388887226582,0.0010908318406516442,1.802935637360718,11.97623470146209,26.87677836418152,-275.08739680051804,150.04899334162474
70,15475.13062030077,12805.261626690626,1286.7638951167464,2.245011046528817,12.36909412443638,-5.184989947825671,-11.458735191822054,5.0364559069275865,-4.801897993683816,0.011279985308647156,2.1294826894998558,chugging,121,True,0.6013136246133484,land,-17.526671709492803,20.50213608890772,0.00022917187943323779,22.256572619080544,15.63483476638794,8.043602667748928,0.03136098645397263,dispersed,1,2.3,additive,6.810544803738594,0.00632616470629648,5.489914226345718,-3.439905233681202,0.00021303676573337192,1.803940873840045,7.156121803447604,29.2118079662323,278.1038258224726,503.3981781452894
50,5660.814609527588,7745.950461104512,746.0660064592957,-5.058803189545871,-11.689718556404115,1.719999834895134,12.011217623949054,-1.9124292209744453,2.819533261656762,-5.249648407101632,-12.5092616468668,chugging,87,True,0.6015127092807323,land,21.76842517219484,-21.07012807391584,0.050010047629350206,-2.4867718666791916,-7.380364881828427,-20.8083460573107,1.3229285844562544,dispersed,2,2.3,additive,-16.769399447366595,2.6473763125645466,-21.608061441220343,3.7867012470960617,0.026860957438069395,1.804538127842197,27.020043961703777,19.428736925125122,-852.0418563857675,-478.06894686073065
60,4210.423072949052,15125.279400870204,992.6693591289222,5.679018516093493,9.731979990005495,1.223369836807251,0.37168464660644496,3.529510561376811,-2.7969280868768696,-0.4202941283583641,12.722317689657213,chugging,180,True,0.6009006183732744,land,8.223497588187456,-17.217843513935804,0.0007877297877042423,-13.048850074410439,-2.694511879235506,5.587417725473642,0.05752967769553003,dispersed,3,2.3,additive,-23.43095946125686,0.05495825977103341,8.566521848551929,-0.37370089441537857,0.0011568775797403915,1.802701855119823,-4.093804094940424,34.649147033691406,8.461853116750717,-889.5522141829133
48,18061.02468006313,6745.49544878304,692.057766020298,-3.1287698373198514,-5.564840278029443,3.8029903583228597,-8.590421614050866,1.3835593722760677,-10.521131506562234,2.258703567087651,6.193551814556123,chugging,51,True,0.6009015277754688,land,17.808631528168917,11.447235802188516,0.0028747478570283554,-37.32555076479912,-22.283338429406285,24.09834899008274,0.08017645165975192,dispersed,4,2.3,additive,-7.151190517470241,0.16799805059851572,-8.200520710088313,-9.237127304077148,0.002039932054809215,1.8027045833264064,11.090996437706053,13.552733659744263,668.1425420567393,282.38853234797716
69,8268.342552408576,21924.948969334364,1233.8361594825983,0.31353292241692543,6.685426783561706,-1.267992988228798,7.567916974425316,-4.416823167353869,12.401185521483423,-4.496342562139035,-8.417068809270859,chugging,65,True,0.601725021576162,land,-21.46521033719182,-11.234737746417522,0.001108355085009977,17.417808026075363,1.5276078134775162,-11.08795185573399,0.023672540149253532,dispersed,5,2.3,additive,16.327280551195145,0.0648203659764577,0.8633477939292789,10.342723824083805,0.0007939889290806018,1.805175064728486,23.228048874996603,24.131433963775635,-11.611809208989143,-311.4810135215521
43,3233.884599581361,8640.629268735647,579.055267572403,-3.835862081497908,-8.491639959812165,-3.3686726018786435,-3.1739290058612823,5.394060943275691,-5.7472205668687835,0.9002296887338161,10.817519035935405,chugging,78,True,0.6011260867852288,land,24.814506247639656,13.002639915794134,0.002729039664882115,35.0087471306324,4.326741257682443,-4.281184310093522,0.024356316933753945,dispersed,6,2.3,additive,5.470084259286523,0.14734655084728995,7.36439120490104,-8.043937347829342,0.001364325345875782,1.8033782603556865,23.93005828000605,16.032344102859497,-181.2008259817958,614.8974476382136
65,12417.100032046437,13699.930745437741,1136.208974197507,1.0246384665369987,7.35519521534443,0.653499785810709,2.155407285690309,-2.282119017094374,0.07421927154064178,-5.857906345278026,-3.3730655103921894,chugging,104,True,0.601619886052636,land,-14.407440833747387,-12.801621528342366,0.0020422478343081617,-15.247298032045364,-19.508621003478765,16.85518156737089,0.035974122194142574,dispersed,7,2.3,additive,-20.902218483388424,0.11433797364757753,-19.05880135949701,8.352647423744202,0.0012489038270447096,1.8048596581579082,4.05860748514533,25.162421703338623,502.01383978128433,-584.2088408768177
42,9852.649263367057,3105.9310483187437,543.1449673138559,-2.168637122958899,-4.341613090038301,3.3179884180426606,-10.37749079167843,-4.7989489920437345,7.868449804186824,3.1961396299302587,-10.33595699965954,chugging,64,True,0.6021052515186409,land,-11.121023260056973,6.872975826263428,0.0009532639729344088,-34.524074867367744,-5.516533413901925,9.709042590111494,0.036450975687222276,dispersed,8,2.3,additive,-11.021937988698483,0.05324728158964497,-2.565736356191337,5.286523662507534,0.0007323370783946949,1.8063157545559227,2.9366729790344834,13.328349351882935,178.1847020611167,40.33500216901302
64,19031.425000354648,18285.242138504982,1103.4562814049423,4.982787586748601,5.012185862660409,-0.6044649593532085,9.35167737901211,1.7748431526124477,-13.310110357403758,-2.0589537061750893,4.301504275202753,chugging,132,True,0.6009007563833376,land,2.777327224612236,-6.281312135979533,0.0013199418693813077,14.599166139960289,20.69993894547224,-22.2799941431731,0.058062568313313474,dispersed,9,2.3,additive,15.512012550607324,0.08176960714005302,-11.347620612941682,-4.941924914717674,0.0011677803232754864,1.802702269150013,15.073780491016805,28.782979488372803,-506.0053791850805,-13.000336848199368
59,21665.884421616793,19921.200082823634,977.8677550144494,3.7711582481861123,0.013255181908608193,5.228234019130469,-4.254785397648812,-5.90691988170147,10.382510599493983,4.085221633315087,-4.630997130274773,dead_time,79,True,0.6009159343613971,land,5.9088637586683035,1.8271048553287983,0.00020575783636991765,-27.89749503135681,-17.594432923942804,-2.6247508358210325,0.0033112446670023163,dispersed,0,2.6,structural,-1.3074062298983335,0.0108182381189588,-4.263169062323868,6.855388887226582,9.901867728442633e-05,1.8027478030841915,11.97623470146209,20.20017099380493,-275.08739680051804,150.04899334162474
70,15475.13062030077,12805.261626690626,1286.7638951167464,2.245011046528817,12.36909412443638,-5.184989947825671,-11.458735191822054,5.0364559069275865,-4.801897993683816,0.011279985308647156,2.1294826894998558,dead_time,111,True,0.6009170619342867,land,-17.526671709492803,20.50213608890772,3.0690686347482306e-05,22.256572619080544,15.63483476638794,8.043602667748928,0.0027879980764466644,dispersed,1,2.6,structural,6.810544803738594,0.0016225174744884322,5.489914226345718,-3.439905233681202,1.5778715252755302e-05,1.8027511858028602,7.156121803447604,28.225977420806885,278.1038258224726,503.3981781452894
50,5660.814609527588,7745.950461104512,746.0660064592957,-5.058803189545871,-11.689718556404115,1.719999834895134,12.011217623949054,-1.9124292209744453,2.819533261656762,-5.249648407101632,-12.5092616468668,dead_time,154,True,0.6014159930144387,land,21.76842517219484,-21.07012807391584,0.044363064187251285,-2.4867718666791916,-7.380364881828427,-20.8083460573107,1.1315558593485004,dispersed,2,2.6,structural,-16.769399447366595,2.334976150851356,-21.608061441220343,3.7867012470960617,0.022957246025209068,1.8042479790433161,27.020043961703777,27.65409016609192,-852.0418563857675,-478.06894686073065
60,4210.423072949052,15125.279400870204,992.6693591289222,5.679018516093493,9.731979990005495,1.223369836807251,0.37168464660644496,3.529510561376811,-2.7969280868768696,-0.4202941283583641,12.722317689657213,dead_time,59,True,0.6011295223281089,land,8.223497588187456,-17.217843513935804,0.004923476522978837,-13.048850074410439,-2.694511879235506,5.587417725473642,0.25632460160483517,dispersed,3,2.6,structural,-23.43095946125686,0.31341338218514886,8.566521848551929,-0.37370089441537857,0.0035042130585878567,1.8033885669843266,-4.093804094940424,18.955281734466553,8.461853116750717,-889.5522141829133
48,18061.02468006313,6745.49544878304,692.057766020298,-3.1287698373198514,-5.564840278029443,3.8029903583228597,-8.590421614050866,1.3835593722760677,-10.521131506562234,2.258703567087651,6.193551814556123,dead_time,73,True,0.6009084715751477,land,17.808631528168917,11.447235802188516,0.0018099135535109077,-37.32555076479912,-22.283338429406285,24.09834899008274,0.037803170250560125,dispersed,4,2.6,structural,-7.151190517470241,0.09623954028664192,-8.200520710088313,-9.237127304077148,0.0008988246125856441,1.802725414725443,11.090996437706053,15.368559837341309,668.1425420567393,282.38853234797716
69,8268.342552408576,21924.948969334364,1233.8361594825983,0.31353292241692543,6.685426783561706,-1.267992988228798,7.567916974425316,-4.416823167353869,12.401185521483423,-4.496342562139035,-8.417068809270859,dead_time,62,False,inf,no_recovery,-21.46521033719182,-11.234737746417522,nan,17.417808026075363,1.5276078134775162,-11.08795185573399,nan,dispersed,5,2.6,structural,16.327280551195145,nan,0.8633477939292789,10.342723824083805,nan,nan,23.228048874996603,22.855674505233765,-11.611809208989143,-311.4810135215521
43,3233.884599581361,8640.629268735647,579.055267572403,-3.835862081497908,-8.491639959812165,-3.3686726018786435,-3.1739290058612823,5.394060943275691,-5.7472205668687835,0.9002296887338161,10.817519035935405,dead_time,89,True,0.6009222642163247,land,24.814506247639656,13.002639915794134,0.0020170014754532753,35.0087471306324,4.326741257682443,-4.281184310093522,0.03512530846743109,dispersed,6,2.6,structural,5.470084259286523,0.10618470086064462,7.36439120490104,-8.043937347829342,0.0009680486647691806,1.802766792648974,23.93005828000605,17.223271131515503,-181.2008259817958,614.8974476382136
65,12417.100032046437,13699.930745437741,1136.208974197507,1.0246384665369987,7.35519521534443,0.653499785810709,2.155407285690309,-2.282119017094374,0.07421927154064178,-5.857906345278026,-3.3730655103921894,dead_time,181,True,0.6009160631196285,land,-14.407440833747387,-12.801621528342366,0.000643674876038406,-15.247298032045364,-19.508621003478765,16.85518156737089,0.00841303671279287,dispersed,7,2.6,structural,-20.902218483388424,0.03406642826572461,-19.05880135949701,8.352647423744202,0.00028609001707248386,1.8027481893588857,4.05860748514533,34.84183740615845,502.01383978128433,-584.2088408768177
42,9852.649263367057,3105.9310483187437,543.1449673138559,-2.168637122958899,-4.341613090038301,3.3179884180426606,-10.37749079167843,-4.7989489920437345,7.868449804186824,3.1961396299302587,-10.33595699965954,dead_time,85,True,0.6009232687426029,land,-11.121023260056973,6.872975826263428,0.0004854025500328131,-34.524074867367744,-5.516533413901925,9.709042590111494,0.02752409841841171,dispersed,8,2.6,structural,-11.021937988698483,0.02936509192565668,-2.565736356191337,5.286523662507534,0.00044431078109834443,1.8027698062278088,2.9366729790344834,14.538874864578247,178.1847020611167,40.33500216901302
64,19031.425000354648,18285.242138504982,1103.4562814049423,4.982787586748601,5.012185862660409,-0.6044649593532085,9.35167737901211,1.7748431526124477,-13.310110357403758,-2.0589537061750893,4.301504275202753,dead_time,134,True,0.6009195094565176,land,2.777327224612236,-6.281312135979533,0.00014220646371378748,14.599166139960289,20.69993894547224,-22.2799941431731,0.002577642024306553,dispersed,9,2.6,structural,15.512012550607324,0.007451669734195359,-11.347620612941682,-4.941924914717674,6.729765711176968e-05,1.8027585283695529,15.073780491016805,28.806109189987183,-506.0053791850805,-13.000336848199368
59,21665.884421616793,19921.200082823634,977.8677550144494,3.7711582481861123,0.013255181908608193,5.228234019130469,-4.254785397648812,-5.90691988170147,10.382510599493983,4.085221633315087,-4.630997130274773,engine_out,308,False,inf,no_recovery,5.9088637586683035,1.8271048553287983,nan,-27.89749503135681,-17.594432923942804,-2.6247508358210325,nan,dispersed,0,2.1 / 3.1,structural,-1.3074062298983335,nan,-4.263169062323868,6.855388887226582,nan,nan,11.97623470146209,62.10074162483215,-275.08739680051804,150.04899334162474
70,15475.13062030077,12805.261626690626,1286.7638951167464,2.245011046528817,12.36909412443638,-5.184989947825671,-11.458735191822054,5.0364559069275865,-4.801897993683816,0.011279985308647156,2.1294826894998558,engine_out,350,False,inf,no_recovery,-17.526671709492803,20.50213608890772,nan,22.256572619080544,15.63483476638794,8.043602667748928,nan,dispersed,1,2.1 / 3.1,structural,6.810544803738594,nan,5.489914226345718,-3.439905233681202,nan,nan,7.156121803447604,92.12517595291138,278.1038258224726,503.3981781452894
50,5660.814609527588,7745.950461104512,746.0660064592957,-5.058803189545871,-11.689718556404115,1.719999834895134,12.011217623949054,-1.9124292209744453,2.819533261656762,-5.249648407101632,-12.5092616468668,engine_out,350,False,inf,no_recovery,21.76842517219484,-21.07012807391584,nan,-2.4867718666791916,-7.380364881828427,-20.8083460573107,nan,dispersed,2,2.1 / 3.1,structural,-16.769399447366595,nan,-21.608061441220343,3.7867012470960617,nan,nan,27.020043961703777,64.71155047416687,-852.0418563857675,-478.06894686073065
60,4210.423072949052,15125.279400870204,992.6693591289222,5.679018516093493,9.731979990005495,1.223369836807251,0.37168464660644496,3.529510561376811,-2.7969280868768696,-0.4202941283583641,12.722317689657213,engine_out,312,False,inf,no_recovery,8.223497588187456,-17.217843513935804,nan,-13.048850074410439,-2.694511879235506,5.587417725473642,nan,dispersed,3,2.1 / 3.1,structural,-23.43095946125686,nan,8.566521848551929,-0.37370089441537857,nan,nan,-4.093804094940424,69.94802784919739,8.461853116750717,-889.5522141829133
48,18061.02468006313,6745.49544878304,692.057766020298,-3.1287698373198514,-5.564840278029443,3.8029903583228597,-8.590421614050866,1.3835593722760677,-10.521131506562234,2.258703567087651,6.193551814556123,engine_out,350,False,inf,no_recovery,17.808631528168917,11.447235802188516,nan,-37.32555076479912,-22.283338429406285,24.09834899008274,nan,dispersed,4,2.1 / 3.1,structural,-7.151190517470241,nan,-8.200520710088313,-9.237127304077148,nan,nan,11.090996437706053,58.459012269973755,668.1425420567393,282.38853234797716
69,8268.342552408576,21924.948969334364,1233.8361594825983,0.31353292241692543,6.685426783561706,-1.267992988228798,7.567916974425316,-4.416823167353869,12.401185521483423,-4.496342562139035,-8.417068809270859,engine_out,350,False,inf,no_recovery,-21.46521033719182,-11.234737746417522,nan,17.417808026075363,1.5276078134775162,-11.08795185573399,nan,dispersed,5,2.1 / 3.1,structural,16.327280551195145,nan,0.8633477939292789,10.342723824083805,nan,nan,23.228048874996603,88.76440358161926,-11.611809208989143,-311.4810135215521
43,3233.884599581361,8640.629268735647,579.055267572403,-3.835862081497908,-8.491639959812165,-3.3686726018786435,-3.1739290058612823,5.394060943275691,-5.7472205668687835,0.9002296887338161,10.817519035935405,engine_out,337,False,inf,no_recovery,24.814506247639656,13.002639915794134,nan,35.0087471306324,4.326741257682443,-4.281184310093522,nan,dispersed,6,2.1 / 3.1,structural,5.470084259286523,nan,7.36439120490104,-8.043937347829342,nan,nan,23.93005828000605,47.6895112991333,-181.2008259817958,614.8974476382136
65,12417.100032046437,13699.930745437741,1136.208974197507,1.0246384665369987,7.35519521534443,0.653499785810709,2.155407285690309,-2.282119017094374,0.07421927154064178,-5.857906345278026,-3.3730655103921894,engine_out,350,False,inf,no_recovery,-14.407440833747387,-12.801621528342366,nan,-15.247298032045364,-19.508621003478765,16.85518156737089,nan,dispersed,7,2.1 / 3.1,structural,-20.902218483388424,nan,-19.05880135949701,8.352647423744202,nan,nan,4.05860748514533,82.59444618225098,502.01383978128433,-584.2088408768177
42,9852.649263367057,3105.9310483187437,543.1449673138559,-2.168637122958899,-4.341613090038301,3.3179884180426606,-10.37749079167843,-4.7989489920437345,7.868449804186824,3.1961396299302587,-10.33595699965954,engine_out,188,False,inf,no_recovery,-11.121023260056973,6.872975826263428,nan,-34.524074867367744,-5.516533413901925,9.709042590111494,nan,dispersed,8,2.1 / 3.1,structural,-11.021937988698483,nan,-2.565736356191337,5.286523662507534,nan,nan,2.9366729790344834,30.513173818588257,178.1847020611167,40.33500216901302
64,19031.425000354648,18285.242138504982,1103.4562814049423,4.982787586748601,5.012185862660409,-0.6044649593532085,9.35167737901211,1.7748431526124477,-13.310110357403758,-2.0589537061750893,4.301504275202753,engine_out,337,False,inf,no_recovery,2.777327224612236,-6.281312135979533,nan,14.599166139960289,20.69993894547224,-22.2799941431731,nan,dispersed,9,2.1 / 3.1,structural,15.512012550607324,nan,-11.347620612941682,-4.941924914717674,nan,nan,15.073780491016805,78.05689883232117,-506.0053791850805,-13.000336848199368
59,21665.884421616793,19921.200082823634,977.8677550144494,3.7711582481861123,0.013255181908608193,5.228234019130469,-4.254785397648812,-5.90691988170147,10.382510599493983,4.085221633315087,-4.630997130274773,erosion_drift,195,True,0.6025032440224171,land,5.9088637586683035,1.8271048553287983,0.007869544561449338,-27.89749503135681,-17.594432923942804,-2.6247508358210325,0.26035551355425596,dispersed,0,2.10,time-varying multiplicative,-1.3074062298983335,0.39570426767295136,-4.263169062323868,6.855388887226582,0.0034109199574629346,1.8075097320672513,11.97623470146209,34.93126702308655,-275.08739680051804,150.04899334162474
70,15475.13062030077,12805.261626690626,1286.7638951167464,2.245011046528817,12.36909412443638,-5.184989947825671,-11.458735191822054,5.0364559069275865,-4.801897993683816,0.011279985308647156,2.1294826894998558,erosion_drift,264,True,0.8501961492279732,land,-17.526671709492803,20.50213608890772,0.003908946958096881,22.256572619080544,15.63483476638794,8.043602667748928,4.250980746139866,dispersed,1,2.10,time-varying multiplicative,6.810544803738594,2.3716076266441855,5.489914226345718,-3.439905233681202,0.08017552023025759,1.8476769743289356,7.156121803447604,56.2386269569397,278.1038258224726,503.3981781452894
50,5660.814609527588,7745.950461104512,746.0660064592957,-5.058803189545871,-11.689718556404115,1.719999834895134,12.011217623949054,-1.9124292209744453,2.819533261656762,-5.249648407101632,-12.5092616468668,erosion_drift,91,False,1.5429709561394738,gate_miss,21.76842517219484,-21.07012807391584,0.16369347669362455,-2.4867718666791916,-7.380364881828427,-20.8083460573107,3.540569840770306,dispersed,2,2.10,time-varying multiplicative,-16.769399447366595,9.257825736836843,-21.608061441220343,3.7867012470960617,0.1484818390420501,1.8146059055957249,27.020043961703777,20.35945773124695,-852.0418563857675,-478.06894686073065
60,4210.423072949052,15125.279400870204,992.6693591289222,5.679018516093493,9.731979990005495,1.223369836807251,0.37168464660644496,3.529510561376811,-2.7969280868768696,-0.4202941283583641,12.722317689657213,erosion_drift,112,False,2.1891167119736967,gate_miss,8.223497588187456,-17.217843513935804,0.5218192147696354,-13.048850074410439,-2.694511879235506,5.587417725473642,10.066590665349402,dispersed,3,2.10,time-varying multiplicative,-23.43095946125686,13.13470027184218,8.566521848551929,-0.37370089441537857,0.8336353522206975,2.081237836638781,-4.093804094940424,27.09225845336914,8.461853116750717,-889.5522141829133
48,18061.02468006313,6745.49544878304,692.057766020298,-3.1287698373198514,-5.564840278029443,3.8029903583228597,-8.590421614050866,1.3835593722760677,-10.521131506562234,2.258703567087651,6.193551814556123,erosion_drift,84,True,0.6013843701884732,land,17.808631528168917,11.447235802188516,0.002981186912649437,-37.32555076479912,-22.283338429406285,24.09834899008274,0.10067554250435297,dispersed,4,2.10,time-varying multiplicative,-7.151190517470241,0.1402443484867566,-8.200520710088313,-9.237127304077148,0.00119536323721003,1.8041531105654196,11.090996437706053,16.79489016532898,668.1425420567393,282.38853234797716
69,8268.342552408576,21924.948969334364,1233.8361594825983,0.31353292241692543,6.685426783561706,-1.267992988228798,7.567916974425316,-4.416823167353869,12.401185521483423,-4.496342562139035,-8.417068809270859,erosion_drift,121,True,0.647396014135853,land,-21.46521033719182,-11.234737746417522,0.004722793203474335,17.417808026075363,1.5276078134775162,-11.08795185573399,3.236980070679265,dispersed,5,2.10,time-varying multiplicative,16.327280551195145,1.594839550511023,0.8633477939292789,10.342723824083805,0.056527387282894,1.8352338416944156,23.228048874996603,36.10275411605835,-11.611809208989143,-311.4810135215521
43,3233.884599581361,8640.629268735647,579.055267572403,-3.835862081497908,-8.491639959812165,-3.3686726018786435,-3.1739290058612823,5.394060943275691,-5.7472205668687835,0.9002296887338161,10.817519035935405,erosion_drift,77,True,0.601234915217632,land,24.814506247639656,13.002639915794134,0.001593822441304402,35.0087471306324,4.326741257682443,-4.281184310093522,0.058023855640082396,dispersed,6,2.10,time-varying multiplicative,5.470084259286523,0.06825016878137148,7.36439120490104,-8.043937347829342,0.00038079901412873694,1.8037047456528958,23.93005828000605,16.033225297927856,-181.2008259817958,614.8974476382136
65,12417.100032046437,13699.930745437741,1136.208974197507,1.0246384665369987,7.35519521534443,0.653499785810709,2.155407285690309,-2.282119017094374,0.07421927154064178,-5.857906345278026,-3.3730655103921894,erosion_drift,115,True,0.6031011977306043,land,-14.407440833747387,-12.801621528342366,0.017710970770813045,-15.247298032045364,-19.508621003478765,16.85518156737089,0.9682826324466371,dispersed,7,2.10,time-varying multiplicative,-20.902218483388424,0.9162838741826224,-19.05880135949701,8.352647423744202,0.007931372013770224,1.809303593191813,4.05860748514533,29.070005655288696,502.01383978128433,-584.2088408768177
42,9852.649263367057,3105.9310483187437,543.1449673138559,-2.168637122958899,-4.341613090038301,3.3179884180426606,-10.37749079167843,-4.7989489920437345,7.868449804186824,3.1961396299302587,-10.33595699965954,erosion_drift,64,True,0.601512028950148,land,-11.121023260056973,6.872975826263428,0.003979274648971708,-34.524074867367744,-5.516533413901925,9.709042590111494,0.09911116980564806,dispersed,8,2.10,time-varying multiplicative,-11.021937988698483,0.20348370085324938,-2.565736356191337,5.286523662507534,0.0018690353417024044,1.804536086850444,2.9366729790344834,13.176422595977783,178.1847020611167,40.33500216901302
64,19031.425000354648,18285.242138504982,1103.4562814049423,4.982787586748601,5.012185862660409,-0.6044649593532085,9.35167737901211,1.7748431526124477,-13.310110357403758,-2.0589537061750893,4.301504275202753,erosion_drift,94,True,0.6028250198311061,land,2.777327224612236,-6.281312135979533,0.00856654989750945,14.599166139960289,20.69993894547224,-22.2799941431731,0.35365451448329727,dispersed,9,2.10,time-varying multiplicative,15.512012550607324,0.4104167425277621,-11.347620612941682,-4.941924914717674,0.0031266760142703016,1.8084750594933183,15.073780491016805,25.548466444015503,-506.0053791850805,-13.000336848199368
59,21665.884421616793,19921.200082823634,977.8677550144494,3.7711582481861123,0.013255181908608193,5.228234019130469,-4.254785397648812,-5.90691988170147,10.382510599493983,4.085221633315087,-4.630997130274773,gimbal_seized,167,True,0.6007845887443541,land,5.9088637586683035,1.8271048553287983,0.0043000772241026716,-27.89749503135681,-17.594432923942804,-2.6247508358210325,2.0259669824116022,dispersed,0,1.7,structural,-1.3074062298983335,1.4867007514067165,-4.263169062323868,6.855388887226582,0.04224850868596312,1.8023537662330624,11.97623470146209,43.94736862182617,-275.08739680051804,150.04899334162474
70,15475.13062030077,12805.261626690626,1286.7638951167464,2.245011046528817,12.36909412443638,-5.184989947825671,-11.458735191822054,5.0364559069275865,-4.801897993683816,0.011279985308647156,2.1294826894998558,gimbal_seized,75,True,0.6008085669453004,land,-17.526671709492803,20.50213608890772,0.004649468025011135,22.256572619080544,15.63483476638794,8.043602667748928,2.037238010844067,dispersed,1,1.7,structural,6.810544803738594,1.4073775146065999,5.489914226345718,-3.439905233681202,0.04058799952752762,1.8024257008359013,7.156121803447604,28.892205953598022,278.1038258224726,503.3981781452894
50,5660.814609527588,7745.950461104512,746.0660064592957,-5.058803189545871,-11.689718556404115,1.719999834895134,12.011217623949054,-1.9124292209744453,2.819533261656762,-5.249648407101632,-12.5092616468668,gimbal_seized,84,False,1.5391331285753418,gate_miss,21.76842517219484,-21.07012807391584,0.17496332420735836,-2.4867718666791916,-7.380364881828427,-20.8083460573107,1.8652390042995597,dispersed,2,1.7,structural,-16.769399447366595,9.23479877145205,-21.608061441220343,3.7867012470960617,0.13538562973525786,1.8072384622814628,27.020043961703777,21.626041889190674,-852.0418563857675,-478.06894686073065
60,4210.423072949052,15125.279400870204,992.6693591289222,5.679018516093493,9.731979990005495,1.223369836807251,0.37168464660644496,3.529510561376811,-2.7969280868768696,-0.4202941283583641,12.722317689657213,gimbal_seized,100,True,0.6010657829164933,land,8.223497588187456,-17.217843513935804,0.0034678293225628514,-13.048850074410439,-2.694511879235506,5.587417725473642,0.4333866357651572,dispersed,3,1.7,structural,-23.43095946125686,0.1157823771736045,8.566521848551929,-0.37370089441537857,0.0039298992470965825,1.80319734874948,-4.093804094940424,29.920196056365967,8.461853116750717,-889.5522141829133
48,18061.02468006313,6745.49544878304,692.057766020298,-3.1287698373198514,-5.564840278029443,3.8029903583228597,-8.590421614050866,1.3835593722760677,-10.521131506562234,2.258703567087651,6.193551814556123,gimbal_seized,75,True,0.6008734527034575,land,17.808631528168917,11.447235802188516,0.0029770125358687255,-37.32555076479912,-22.283338429406285,24.09834899008274,1.538877087415937,dispersed,4,1.7,structural,-7.151190517470241,1.0227787978884786,-8.200520710088313,-9.237127304077148,0.02970498581754027,1.8026203581103724,11.090996437706053,19.18077278137207,668.1425420567393,282.38853234797716
69,8268.342552408576,21924.948969334364,1233.8361594825983,0.31353292241692543,6.685426783561706,-1.267992988228798,7.567916974425316,-4.416823167353869,12.401185521483423,-4.496342562139035,-8.417068809270859,gimbal_seized,72,True,0.6009129147944537,land,-21.46521033719182,-11.234737746417522,0.0043638623456437415,17.417808026075363,1.5276078134775162,-11.08795185573399,0.4292148491769861,dispersed,5,1.7,structural,16.327280551195145,0.3620855065562595,0.8633477939292789,10.342723824083805,0.008659322150770319,1.8027387443833613,23.228048874996603,27.487083435058594,-11.611809208989143,-311.4810135215521
43,3233.884599581361,8640.629268735647,579.055267572403,-3.835862081497908,-8.491639959812165,-3.3686726018786435,-3.1739290058612823,5.394060943275691,-5.7472205668687835,0.9002296887338161,10.817519035935405,gimbal_seized,49,True,0.600864334413918,land,24.814506247639656,13.002639915794134,0.0034322246809961186,35.0087471306324,4.326741257682443,-4.281184310093522,1.3086421176462537,dispersed,6,1.7,structural,5.470084259286523,0.8934157086640947,7.36439120490104,-8.043937347829342,0.025516751264581874,1.8025930032417539,23.93005828000605,14.161393642425537,-181.2008259817958,614.8974476382136
65,12417.100032046437,13699.930745437741,1136.208974197507,1.0246384665369987,7.35519521534443,0.653499785810709,2.155407285690309,-2.282119017094374,0.07421927154064178,-5.857906345278026,-3.3730655103921894,gimbal_seized,160,True,0.6009182871811946,land,-14.407440833747387,-12.801621528342366,0.0029061378281713527,-15.247298032045364,-19.508621003478765,16.85518156737089,0.29290161956609373,dispersed,7,1.7,structural,-20.902218483388424,0.24417492437941135,-19.05880135949701,8.352647423744202,0.005546631831646648,1.8027548615435838,4.05860748514533,47.43809151649475,502.01383978128433,-584.2088408768177
42,9852.649263367057,3105.9310483187437,543.1449673138559,-2.168637122958899,-4.341613090038301,3.3179884180426606,-10.37749079167843,-4.7989489920437345,7.868449804186824,3.1961396299302587,-10.33595699965954,gimbal_seized,63,True,0.6008787334212298,land,-11.121023260056973,6.872975826263428,0.0024540078264435267,-34.524074867367744,-5.516533413901925,9.709042590111494,1.1257500015306723,dispersed,8,1.7,structural,-11.021937988698483,0.8143504685770854,-2.565736356191337,5.286523662507534,0.023308857670457598,1.8026362002636893,2.9366729790344834,15.450544357299805,178.1847020611167,40.33500216901302
64,19031.425000354648,18285.242138504982,1103.4562814049423,4.982787586748601,5.012185862660409,-0.6044649593532085,9.35167737901211,1.7748431526124477,-13.310110357403758,-2.0589537061750893,4.301504275202753,gimbal_seized,124,True,0.6009027960661575,land,2.777327224612236,-6.281312135979533,0.0013064521963466074,14.599166139960289,20.69993894547224,-22.2799941431731,0.2451317435394644,dispersed,9,1.7,structural,15.512012550607324,0.18256442221471067,-11.347620612941682,-4.941924914717674,0.004968958073307514,1.8027083881984725,15.073780491016805,38.08972525596619,-506.0053791850805,-13.000336848199368
59,21665.884421616793,19921.200082823634,977.8677550144494,3.7711582481861123,0.013255181908608193,5.228234019130469,-4.254785397648812,-5.90691988170147,10.382510599493983,4.085221633315087,-4.630997130274773,gimbal_slow,85,True,0.6009202286265912,land,5.9088637586683035,1.8271048553287983,8.468006909996756e-05,-27.89749503135681,-17.594432923942804,-2.6247508358210325,0.0017566828771091226,dispersed,0,2.5,multiplicative,-1.3074062298983335,0.004486598900393125,-4.263169062323868,6.855388887226582,4.227123976600817e-05,1.8027606858797738,11.97623470146209,21.625041961669922,-275.08739680051804,150.04899334162474
70,15475.13062030077,12805.261626690626,1286.7638951167464,2.245011046528817,12.36909412443638,-5.184989947825671,-11.458735191822054,5.0364559069275865,-4.801897993683816,0.011279985308647156,2.1294826894998558,gimbal_slow,54,False,inf,no_recovery,-17.526671709492803,20.50213608890772,nan,22.256572619080544,15.63483476638794,8.043602667748928,nan,dispersed,1,2.5,multiplicative,6.810544803738594,nan,5.489914226345718,-3.439905233681202,nan,nan,7.156121803447604,21.29881477355957,278.1038258224726,503.3981781452894
50,5660.814609527588,7745.950461104512,746.0660064592957,-5.058803189545871,-11.689718556404115,1.719999834895134,12.011217623949054,-1.9124292209744453,2.819533261656762,-5.249648407101632,-12.5092616468668,gimbal_slow,54,False,inf,no_recovery,21.76842517219484,-21.07012807391584,nan,-2.4867718666791916,-7.380364881828427,-20.8083460573107,nan,dispersed,2,2.5,multiplicative,-16.769399447366595,nan,-21.608061441220343,3.7867012470960617,nan,nan,27.020043961703777,15.693441390991211,-852.0418563857675,-478.06894686073065
60,4210.423072949052,15125.279400870204,992.6693591289222,5.679018516093493,9.731979990005495,1.223369836807251,0.37168464660644496,3.529510561376811,-2.7969280868768696,-0.4202941283583641,12.722317689657213,gimbal_slow,55,False,inf,no_recovery,8.223497588187456,-17.217843513935804,nan,-13.048850074410439,-2.694511879235506,5.587417725473642,nan,dispersed,3,2.5,multiplicative,-23.43095946125686,nan,8.566521848551929,-0.37370089441537857,nan,nan,-4.093804094940424,17.916773080825806,8.461853116750717,-889.5522141829133
48,18061.02468006313,6745.49544878304,692.057766020298,-3.1287698373198514,-5.564840278029443,3.8029903583228597,-8.590421614050866,1.3835593722760677,-10.521131506562234,2.258703567087651,6.193551814556123,gimbal_slow,62,True,0.6009097453019592,land,17.808631528168917,11.447235802188516,0.0017465850849941913,-37.32555076479912,-22.283338429406285,24.09834899008274,0.03265289429924292,dispersed,4,2.5,multiplicative,-7.151190517470241,0.0968508586649485,-8.200520710088313,-9.237127304077148,0.0010029723399102484,1.8027292359058775,11.090996437706053,14.069713592529297,668.1425420567393,282.38853234797716
69,8268.342552408576,21924.948969334364,1233.8361594825983,0.31353292241692543,6.685426783561706,-1.267992988228798,7.567916974425316,-4.416823167353869,12.401185521483423,-4.496342562139035,-8.417068809270859,gimbal_slow,44,False,inf,no_recovery,-21.46521033719182,-11.234737746417522,nan,17.417808026075363,1.5276078134775162,-11.08795185573399,nan,dispersed,5,2.5,multiplicative,16.327280551195145,nan,0.8633477939292789,10.342723824083805,nan,nan,23.228048874996603,20.000106811523438,-11.611809208989143,-311.4810135215521
43,3233.884599581361,8640.629268735647,579.055267572403,-3.835862081497908,-8.491639959812165,-3.3686726018786435,-3.1739290058612823,5.394060943275691,-5.7472205668687835,0.9002296887338161,10.817519035935405,gimbal_slow,34,False,inf,no_recovery,24.814506247639656,13.002639915794134,nan,35.0087471306324,4.326741257682443,-4.281184310093522,nan,dispersed,6,2.5,multiplicative,5.470084259286523,nan,7.36439120490104,-8.043937347829342,nan,nan,23.93005828000605,11.4009530544281,-181.2008259817958,614.8974476382136
65,12417.100032046437,13699.930745437741,1136.208974197507,1.0246384665369987,7.35519521534443,0.653499785810709,2.155407285690309,-2.282119017094374,0.07421927154064178,-5.857906345278026,-3.3730655103921894,gimbal_slow,59,False,inf,no_recovery,-14.407440833747387,-12.801621528342366,nan,-15.247298032045364,-19.508621003478765,16.85518156737089,nan,dispersed,7,2.5,multiplicative,-20.902218483388424,nan,-19.05880135949701,8.352647423744202,nan,nan,4.05860748514533,19.694251775741577,502.01383978128433,-584.2088408768177
42,9852.649263367057,3105.9310483187437,543.1449673138559,-2.168637122958899,-4.341613090038301,3.3179884180426606,-10.37749079167843,-4.7989489920437345,7.868449804186824,3.1961396299302587,-10.33595699965954,gimbal_slow,52,True,0.6009171614418961,land,-11.121023260056973,6.872975826263428,0.0014578250281839316,-34.524074867367744,-5.516533413901925,9.709042590111494,0.05421865100974169,dispersed,8,2.5,multiplicative,-11.021937988698483,0.09097897512970303,-2.565736356191337,5.286523662507534,0.001320313301961321,1.8027514843256882,2.9366729790344834,12.045408964157104,178.1847020611167,40.33500216901302
64,19031.425000354648,18285.242138504982,1103.4562814049423,4.982787586748601,5.012185862660409,-0.6044649593532085,9.35167737901211,1.7748431526124477,-13.310110357403758,-2.0589537061750893,4.301504275202753,gimbal_slow,63,True,0.6009076555347872,land,2.777327224612236,-6.281312135979533,4.7587842903068026e-05,14.599166139960289,20.69993894547224,-22.2799941431731,0.0014308908462350887,dispersed,9,2.5,multiplicative,15.512012550607324,0.0025053013295162144,-11.347620612941682,-4.941924914717674,2.322870287904479e-05,1.8027229666043616,15.073780491016805,19.87532353401184,-506.0053791850805,-13.000336848199368
59,21665.884421616793,19921.200082823634,977.8677550144494,3.7711582481861123,0.013255181908608193,5.228234019130469,-4.254785397648812,-5.90691988170147,10.382510599493983,4.085221633315087,-4.630997130274773,gimbal_underdamped,141,True,0.6009211481527018,land,5.9088637586683035,1.8271048553287983,7.360224992383655e-05,-27.89749503135681,-17.594432923942804,-2.6247508358210325,0.0031562960946674217,dispersed,0,2.3 / 2.8,multiplicative,-1.3074062298983335,0.00424286135542411,-4.263169062323868,6.855388887226582,5.426490534145126e-05,1.8027634444581055,11.97623470146209,27.05477476119995,-275.08739680051804,150.04899334162474
70,15475.13062030077,12805.261626690626,1286.7638951167464,2.245011046528817,12.36909412443638,-5.184989947825671,-11.458735191822054,5.0364559069275865,-4.801897993683816,0.011279985308647156,2.1294826894998558,gimbal_underdamped,52,False,inf,no_recovery,-17.526671709492803,20.50213608890772,nan,22.256572619080544,15.63483476638794,8.043602667748928,nan,dispersed,1,2.3 / 2.8,multiplicative,6.810544803738594,nan,5.489914226345718,-3.439905233681202,nan,nan,7.156121803447604,20.79253053665161,278.1038258224726,503.3981781452894
50,5660.814609527588,7745.950461104512,746.0660064592957,-5.058803189545871,-11.689718556404115,1.719999834895134,12.011217623949054,-1.9124292209744453,2.819533261656762,-5.249648407101632,-12.5092616468668,gimbal_underdamped,43,False,inf,no_recovery,21.76842517219484,-21.07012807391584,nan,-2.4867718666791916,-7.380364881828427,-20.8083460573107,nan,dispersed,2,2.3 / 2.8,multiplicative,-16.769399447366595,nan,-21.608061441220343,3.7867012470960617,nan,nan,27.020043961703777,14.389879703521729,-852.0418563857675,-478.06894686073065
60,4210.423072949052,15125.279400870204,992.6693591289222,5.679018516093493,9.731979990005495,1.223369836807251,0.37168464660644496,3.529510561376811,-2.7969280868768696,-0.4202941283583641,12.722317689657213,gimbal_underdamped,125,True,0.6009506636860916,land,8.223497588187456,-17.217843513935804,0.001590877442325843,-13.048850074410439,-2.694511879235506,5.587417725473642,0.061012479114983545,dispersed,3,2.3 / 2.8,multiplicative,-23.43095946125686,0.09077378448997439,8.566521848551929,-0.37370089441537857,0.0009116040042264231,1.802851991058275,-4.093804094940424,28.06043529510498,8.461853116750717,-889.5522141829133
48,18061.02468006313,6745.49544878304,692.057766020298,-3.1287698373198514,-5.564840278029443,3.8029903583228597,-8.590421614050866,1.3835593722760677,-10.521131506562234,2.258703567087651,6.193551814556123,gimbal_underdamped,61,True,0.6009214920509643,land,17.808631528168917,11.447235802188516,0.0013388318528472257,-37.32555076479912,-22.283338429406285,24.09834899008274,0.026730239123896302,dispersed,4,2.3 / 2.8,multiplicative,-7.151190517470241,0.07053768199393658,-8.200520710088313,-9.237127304077148,0.0006691494383612959,1.8027644761528931,11.090996437706053,14.604631662368774,668.1425420567393,282.38853234797716
69,8268.342552408576,21924.948969334364,1233.8361594825983,0.31353292241692543,6.685426783561706,-1.267992988228798,7.567916974425316,-4.416823167353869,12.401185521483423,-4.496342562139035,-8.417068809270859,gimbal_underdamped,121,True,0.6009072295101141,land,-21.46521033719182,-11.234737746417522,2.6644802381323e-05,17.417808026075363,1.5276078134775162,-11.08795185573399,0.0006244903942776609,dispersed,5,2.3 / 2.8,multiplicative,16.327280551195145,0.0014015767584552028,0.8633477939292789,10.342723824083805,1.298262912990227e-05,1.8027216885303423,23.228048874996603,33.19272589683533,-11.611809208989143,-311.4810135215521
43,3233.884599581361,8640.629268735647,579.055267572403,-3.835862081497908,-8.491639959812165,-3.3686726018786435,-3.1739290058612823,5.394060943275691,-5.7472205668687835,0.9002296887338161,10.817519035935405,gimbal_underdamped,73,True,0.6009041103496896,land,24.814506247639656,13.002639915794134,0.0012258058597274255,35.0087471306324,4.326741257682443,-4.281184310093522,0.022001709368741927,dispersed,6,2.3 / 2.8,multiplicative,5.470084259286523,0.06413110028712753,7.36439120490104,-8.043937347829342,0.0005628301208796066,1.802712331049069,23.93005828000605,15.40497875213623,-181.2008259817958,614.8974476382136
65,12417.100032046437,13699.930745437741,1136.208974197507,1.0246384665369987,7.35519521534443,0.653499785810709,2.155407285690309,-2.282119017094374,0.07421927154064178,-5.857906345278026,-3.3730655103921894,gimbal_underdamped,92,True,0.6009099654680313,land,-14.407440833747387,-12.801621528342366,0.00037570042099332296,-15.247298032045364,-19.508621003478765,16.85518156737089,0.010332775480324569,dispersed,7,2.3 / 2.8,multiplicative,-20.902218483388424,0.020139213933976854,-19.05880135949701,8.352647423744202,0.00019467654240616105,1.802729896404094,4.05860748514533,23.617311477661133,502.01383978128433,-584.2088408768177
42,9852.649263367057,3105.9310483187437,543.1449673138559,-2.168637122958899,-4.341613090038301,3.3179884180426606,-10.37749079167843,-4.7989489920437345,7.868449804186824,3.1961396299302587,-10.33595699965954,gimbal_underdamped,47,True,0.6009153313032121,land,-11.121023260056973,6.872975826263428,0.0006492076081921417,-34.524074867367744,-5.516533413901925,9.709042590111494,0.0242096897044476,dispersed,8,2.3 / 2.8,multiplicative,-11.021937988698483,0.03483307689978896,-2.565736356191337,5.286523662507534,0.00033924159092568534,1.8027459939096362,2.9366729790344834,12.153874397277832,178.1847020611167,40.33500216901302
64,19031.425000354648,18285.242138504982,1103.4562814049423,4.982787586748601,5.012185862660409,-0.6044649593532085,9.35167737901211,1.7748431526124477,-13.310110357403758,-2.0589537061750893,4.301504275202753,gimbal_underdamped,156,True,0.600904923809055,land,2.777327224612236,-6.281312135979533,7.15353327029522e-05,14.599166139960289,20.69993894547224,-22.2799941431731,0.0017237361365026196,dispersed,9,2.3 / 2.8,multiplicative,15.512012550607324,0.0037532130909432343,-11.347620612941682,-4.941924914717674,3.456484342841517e-05,1.802714771427165,15.073780491016805,31.38296937942505,-506.0053791850805,-13.000336848199368
59,21665.884421616793,19921.200082823634,977.8677550144494,3.7711582481861123,0.013255181908608193,5.228234019130469,-4.254785397648812,-5.90691988170147,10.382510599493983,4.085221633315087,-4.630997130274773,healthy,83,True,0.6009179196451394,land,5.9088637586683035,1.8271048553287983,7.415426778184411e-05,-27.89749503135681,-17.594432923942804,-2.6247508358210325,0.0012678180927626485,dispersed,0,—,none,-1.3074062298983335,0.0038859453929523903,-4.263169062323868,6.855388887226582,3.518288883436128e-05,1.8027537589354183,11.97623470146209,21.036492109298706,-275.08739680051804,150.04899334162474
70,15475.13062030077,12805.261626690626,1286.7638951167464,2.245011046528817,12.36909412443638,-5.184989947825671,-11.458735191822054,5.0364559069275865,-4.801897993683816,0.011279985308647156,2.1294826894998558,healthy,59,True,0.6009163978507462,land,-17.526671709492803,20.50213608890772,0.00024327628575817768,22.256572619080544,15.63483476638794,8.043602667748928,0.004340961441464453,dispersed,1,—,none,6.810544803738594,0.0127381168160755,5.489914226345718,-3.439905233681202,0.00011508613206708885,1.8027491935522388,7.156121803447604,22.156107187271118,278.1038258224726,503.3981781452894
50,5660.814609527588,7745.950461104512,746.0660064592957,-5.058803189545871,-11.689718556404115,1.719999834895134,12.011217623949054,-1.9124292209744453,2.819533261656762,-5.249648407101632,-12.5092616468668,healthy,136,True,0.6010730541168089,land,21.76842517219484,-21.07012807391584,0.011296068539102063,-2.4867718666791916,-7.380364881828427,-20.8083460573107,0.5776881408386004,dispersed,2,—,none,-16.769399447366595,0.6638714426321137,-21.608061441220343,3.7867012470960617,0.008042535366795167,1.8032191623504268,27.020043961703777,26.370784997940063,-852.0418563857675,-478.06894686073065
60,4210.423072949052,15125.279400870204,992.6693591289222,5.679018516093493,9.731979990005495,1.223369836807251,0.37168464660644496,3.529510561376811,-2.7969280868768696,-0.4202941283583641,12.722317689657213,healthy,109,True,0.6009873167015617,land,8.223497588187456,-17.217843513935804,0.006270977260104263,-13.048850074410439,-2.694511879235506,5.587417725473642,0.2862902054251662,dispersed,3,—,none,-23.43095946125686,0.3546164013731252,8.566521848551929,-0.37370089441537857,0.003637333174344626,1.8029619501046852,-4.093804094940424,26.34100103378296,8.461853116750717,-889.5522141829133
48,18061.02468006313,6745.49544878304,692.057766020298,-3.1287698373198514,-5.564840278029443,3.8029903583228597,-8.590421614050866,1.3835593722760677,-10.521131506562234,2.258703567087651,6.193551814556123,healthy,63,True,0.6009076868317056,land,17.808631528168917,11.447235802188516,0.0018476130535460475,-37.32555076479912,-22.283338429406285,24.09834899008274,0.036227036356352924,dispersed,4,—,none,-7.151190517470241,0.09784370488269399,-8.200520710088313,-9.237127304077148,0.0009052867646035035,1.8027230604951168,11.090996437706053,14.721820592880249,668.1425420567393,282.38853234797716
69,8268.342552408576,21924.948969334364,1233.8361594825983,0.31353292241692543,6.685426783561706,-1.267992988228798,7.567916974425316,-4.416823167353869,12.401185521483423,-4.496342562139035,-8.417068809270859,healthy,110,True,0.6009079375913368,land,-21.46521033719182,-11.234737746417522,0.0003001865174876416,17.417808026075363,1.5276078134775162,-11.08795185573399,0.004762460727272032,dispersed,5,—,none,16.327280551195145,0.01570985507349153,0.8633477939292789,10.342723824083805,0.00014188591698015564,1.8027238127740102,23.228048874996603,32.49087357521057,-11.611809208989143,-311.4810135215521
43,3233.884599581361,8640.629268735647,579.055267572403,-3.835862081497908,-8.491639959812165,-3.3686726018786435,-3.1739290058612823,5.394060943275691,-5.7472205668687835,0.9002296887338161,10.817519035935405,healthy,44,True,0.6009098926374667,land,24.814506247639656,13.002639915794134,0.0022950994714070806,35.0087471306324,4.326741257682443,-4.281184310093522,0.03760282429645859,dispersed,6,—,none,5.470084259286523,0.12032170056073328,7.36439120490104,-8.043937347829342,0.0010835522395989793,1.8027296779124002,23.93005828000605,12.492362022399902,-181.2008259817958,614.8974476382136
65,12417.100032046437,13699.930745437741,1136.208974197507,1.0246384665369987,7.35519521534443,0.653499785810709,2.155407285690309,-2.282119017094374,0.07421927154064178,-5.857906345278026,-3.3730655103921894,healthy,94,True,0.6009272357940071,land,-14.407440833747387,-12.801621528342366,0.001095997022300683,-15.247298032045364,-19.508621003478765,16.85518156737089,0.017533896721738468,dispersed,7,—,none,-20.902218483388424,0.05777026506784867,-19.05880135949701,8.352647423744202,0.0005370501124514096,1.8027817073820214,4.05860748514533,24.9493305683136,502.01383978128433,-584.2088408768177
42,9852.649263367057,3105.9310483187437,543.1449673138559,-2.168637122958899,-4.341613090038301,3.3179884180426606,-10.37749079167843,-4.7989489920437345,7.868449804186824,3.1961396299302587,-10.33595699965954,healthy,69,True,0.6009304990262755,land,-11.121023260056973,6.872975826263428,0.0009048661971374477,-34.524074867367744,-5.516533413901925,9.709042590111494,0.03322012460447822,dispersed,8,—,none,-11.021937988698483,0.054170479470514274,-2.565736356191337,5.286523662507534,0.0007530137959385594,1.8027914970788264,2.9366729790344834,13.692247867584229,178.1847020611167,40.33500216901302
64,19031.425000354648,18285.242138504982,1103.4562814049423,4.982787586748601,5.012185862660409,-0.6044649593532085,9.35167737901211,1.7748431526124477,-13.310110357403758,-2.0589537061750893,4.301504275202753,healthy,194,True,0.6009053485625265,land,2.777327224612236,-6.281312135979533,0.0007645212412870072,14.599166139960289,20.69993894547224,-22.2799941431731,0.01211139270301011,dispersed,9,—,none,15.512012550607324,0.04009332579952592,-11.347620612941682,-4.941924914717674,0.0003643959631647925,1.8027160456875795,15.073780491016805,36.107553243637085,-506.0053791850805,-13.000336848199368
59,21665.884421616793,19921.200082823634,977.8677550144494,3.7711582481861123,0.013255181908608193,5.228234019130469,-4.254785397648812,-5.90691988170147,10.382510599493983,4.085221633315087,-4.630997130274773,mixture_ratio,146,True,0.6009205683934339,land,5.9088637586683035,1.8271048553287983,0.0004010221461127627,-27.89749503135681,-17.594432923942804,-2.6247508358210325,0.007054756140090566,dispersed,0,2.4,multiplicative (coupled),-1.3074062298983335,0.021446614503182006,-4.263169062323868,6.855388887226582,0.00020700206981598404,1.8027617051803018,11.97623470146209,27.5381281375885,-275.08739680051804,150.04899334162474
70,15475.13062030077,12805.261626690626,1286.7638951167464,2.245011046528817,12.36909412443638,-5.184989947825671,-11.458735191822054,5.0364559069275865,-4.801897993683816,0.011279985308647156,2.1294826894998558,mixture_ratio,137,True,0.6009069750276633,land,-17.526671709492803,20.50213608890772,0.0009299673678985596,22.256572619080544,15.63483476638794,8.043602667748928,0.016419037024439583,dispersed,1,2.4,multiplicative (coupled),6.810544803738594,0.049387526290050776,5.489914226345718,-3.439905233681202,0.0004680079100246364,1.80272092508299,7.156121803447604,31.241931438446045,278.1038258224726,503.3981781452894
50,5660.814609527588,7745.950461104512,746.0660064592957,-5.058803189545871,-11.689718556404115,1.719999834895134,12.011217623949054,-1.9124292209744453,2.819533261656762,-5.249648407101632,-12.5092616468668,mixture_ratio,86,False,1.0873931870203444,gate_miss,21.76842517219484,-21.07012807391584,0.1080145758745075,-2.4867718666791916,-7.380364881828427,-20.8083460573107,1.529655972857411,dispersed,2,2.4,multiplicative (coupled),-16.769399447366595,6.524359122122066,-21.608061441220343,3.7867012470960617,0.16325425340276786,1.8040898724676417,27.020043961703777,20.765457153320312,-852.0418563857675,-478.06894686073065
60,4210.423072949052,15125.279400870204,992.6693591289222,5.679018516093493,9.731979990005495,1.223369836807251,0.37168464660644496,3.529510561376811,-2.7969280868768696,-0.4202941283583641,12.722317689657213,mixture_ratio,192,True,0.6010649756139345,land,8.223497588187456,-17.217843513935804,0.012914604632126634,-13.048850074410439,-2.694511879235506,5.587417725473642,0.36088961441349304,dispersed,3,2.4,multiplicative (coupled),-23.43095946125686,0.7608533482730173,8.566521848551929,-0.37370089441537857,0.007024770947529051,1.8031949268418033,-4.093804094940424,38.36213421821594,8.461853116750717,-889.5522141829133
48,18061.02468006313,6745.49544878304,692.057766020298,-3.1287698373198514,-5.564840278029443,3.8029903583228597,-8.590421614050866,1.3835593722760677,-10.521131506562234,2.258703567087651,6.193551814556123,mixture_ratio,68,True,0.6009244210839664,land,17.808631528168917,11.447235802188516,0.0026603672341980783,-37.32555076479912,-22.283338429406285,24.09834899008274,0.04803656266609726,dispersed,4,2.4,multiplicative (coupled),-7.151190517470241,0.14685173075867292,-8.200520710088313,-9.237127304077148,0.0014505483638097268,1.8027732632518991,11.090996437706053,14.854189157485962,668.1425420567393,282.38853234797716
69,8268.342552408576,21924.948969334364,1233.8361594825983,0.31353292241692543,6.685426783561706,-1.267992988228798,7.567916974425316,-4.416823167353869,12.401185521483423,-4.496342562139035,-8.417068809270859,mixture_ratio,63,True,0.6009084713459502,land,-21.46521033719182,-11.234737746417522,0.0003995188544267974,17.417808026075363,1.5276078134775162,-11.08795185573399,0.006937168132167145,dispersed,5,2.4,multiplicative (coupled),16.327280551195145,0.02121536051743662,0.8633477939292789,10.342723824083805,0.00020110966135784164,1.8027254140378506,23.228048874996603,24.722981691360474,-11.611809208989143,-311.4810135215521
43,3233.884599581361,8640.629268735647,579.055267572403,-3.835862081497908,-8.491639959812165,-3.3686726018786435,-3.1739290058612823,5.394060943275691,-5.7472205668687835,0.9002296887338161,10.817519035935405,mixture_ratio,92,True,0.6009043589442803,land,24.814506247639656,13.002639915794134,0.0027338969673566704,35.0087471306324,4.326741257682443,-4.281184310093522,0.052034527012076955,dispersed,6,2.4,multiplicative (coupled),5.470084259286523,0.14850628073857602,7.36439120490104,-8.043937347829342,0.001461190090137574,1.802713076832841,23.93005828000605,18.53426742553711,-181.2008259817958,614.8974476382136
65,12417.100032046437,13699.930745437741,1136.208974197507,1.0246384665369987,7.35519521534443,0.653499785810709,2.155407285690309,-2.282119017094374,0.07421927154064178,-5.857906345278026,-3.3730655103921894,mixture_ratio,85,True,0.6009060054430395,land,-14.407440833747387,-12.801621528342366,0.0012612581915367935,-15.247298032045364,-19.508621003478765,16.85518156737089,0.024740876531887442,dispersed,7,2.4,multiplicative (coupled),-20.902218483388424,0.06792495808372266,-19.05880135949701,8.352647423744202,0.0006860661794223737,1.8027180163291185,4.05860748514533,23.2907931804657,502.01383978128433,-584.2088408768177
42,9852.649263367057,3105.9310483187437,543.1449673138559,-2.168637122958899,-4.341613090038301,3.3179884180426606,-10.37749079167843,-4.7989489920437345,7.868449804186824,3.1961396299302587,-10.33595699965954,mixture_ratio,72,True,0.6012606555669793,land,-11.121023260056973,6.872975826263428,0.0006732899268151465,-34.524074867367744,-5.516533413901925,9.709042590111494,0.017985467403298434,dispersed,8,2.4,multiplicative (coupled),-11.021937988698483,0.04009905185082113,-2.565736356191337,5.286523662507534,0.0007423676696184166,1.8037819667009378,2.9366729790344834,13.828454494476318,178.1847020611167,40.33500216901302
64,19031.425000354648,18285.242138504982,1103.4562814049423,4.982787586748601,5.012185862660409,-0.6044649593532085,9.35167737901211,1.7748431526124477,-13.310110357403758,-2.0589537061750893,4.301504275202753,mixture_ratio,97,True,0.6009128711302607,land,2.777327224612236,-6.281312135979533,0.0002664101383135596,14.599166139960289,20.69993894547224,-22.2799941431731,0.005077462282226367,dispersed,9,2.4,multiplicative (coupled),15.512012550607324,0.014173762528773823,-11.347620612941682,-4.941924914717674,0.00013509841568464328,1.8027386133907821,15.073780491016805,23.923662900924683,-506.0053791850805,-13.000336848199368
59,21665.884421616793,19921.200082823634,977.8677550144494,3.7711582481861123,0.013255181908608193,5.228234019130469,-4.254785397648812,-5.90691988170147,10.382510599493983,4.085221633315087,-4.630997130274773,slow_thrust,123,True,0.6009129772468981,land,5.9088637586683035,1.8271048553287983,0.0013283821433978291,-27.89749503135681,-17.594432923942804,-2.6247508358210325,0.02298810063172712,dispersed,0,2.5,multiplicative,-1.3074062298983335,0.07048605318482457,-4.263169062323868,6.855388887226582,0.0006654121458152154,1.802738931740694,11.97623470146209,25.668259382247925,-275.08739680051804,150.04899334162474
70,15475.13062030077,12805.261626690626,1286.7638951167464,2.245011046528817,12.36909412443638,-5.184989947825671,-11.458735191822054,5.0364559069275865,-4.801897993683816,0.011279985308647156,2.1294826894998558,slow_thrust,119,True,0.6009654171095256,land,-17.526671709492803,20.50213608890772,0.0004919320725039486,22.256572619080544,15.63483476638794,8.043602667748928,0.01056133987151127,dispersed,1,2.5,multiplicative,6.810544803738594,0.026471454225847135,5.489914226345718,-3.439905233681202,0.000259027487609362,1.8028962513285767,7.156121803447604,29.207426071166992,278.1038258224726,503.3981781452894
50,5660.814609527588,7745.950461104512,746.0660064592957,-5.058803189545871,-11.689718556404115,1.719999834895134,12.011217623949054,-1.9124292209744453,2.819533261656762,-5.249648407101632,-12.5092616468668,slow_thrust,77,True,0.737300731754547,land,21.76842517219484,-21.07012807391584,0.10398144526993908,-2.4867718666791916,-7.380364881828427,-20.8083460573107,0.9784928010662651,dispersed,2,2.5,multiplicative,-16.769399447366595,4.423804390527282,-21.608061441220343,3.7867012470960617,0.06462191991869776,1.8124243739238892,27.020043961703777,18.702171802520752,-852.0418563857675,-478.06894686073065
60,4210.423072949052,15125.279400870204,992.6693591289222,5.679018516093493,9.731979990005495,1.223369836807251,0.37168464660644496,3.529510561376811,-2.7969280868768696,-0.4202941283583641,12.722317689657213,slow_thrust,74,True,0.6016988603702018,land,8.223497588187456,-17.217843513935804,0.009094995530793208,-13.048850074410439,-2.694511879235506,5.587417725473642,0.4661705834348993,dispersed,3,2.5,multiplicative,-23.43095946125686,0.720619056151103,8.566521848551929,-0.37370089441537857,0.011823509988093438,1.8050965811106054,-4.093804094940424,21.651926517486572,8.461853116750717,-889.5522141829133
48,18061.02468006313,6745.49544878304,692.057766020298,-3.1287698373198514,-5.564840278029443,3.8029903583228597,-8.590421614050866,1.3835593722760677,-10.521131506562234,2.258703567087651,6.193551814556123,slow_thrust,50,True,0.6010878997379416,land,17.808631528168917,11.447235802188516,0.0023534582481726453,-37.32555076479912,-22.283338429406285,24.09834899008274,0.03151681963544114,dispersed,4,2.5,multiplicative,-7.151190517470241,0.12414876834184968,-8.200520710088313,-9.237127304077148,0.0011663070095980978,1.803263699213825,11.090996437706053,13.855292320251465,668.1425420567393,282.38853234797716
69,8268.342552408576,21924.948969334364,1233.8361594825983,0.31353292241692543,6.685426783561706,-1.267992988228798,7.567916974425316,-4.416823167353869,12.401185521483423,-4.496342562139035,-8.417068809270859,slow_thrust,82,True,0.6009040966537013,land,-21.46521033719182,-11.234737746417522,0.0008388598820170701,17.417808026075363,1.5276078134775162,-11.08795185573399,0.014666563736671438,dispersed,5,2.5,multiplicative,16.327280551195145,0.04457306413374483,0.8633477939292789,10.342723824083805,0.000423789136772365,1.8027122899611037,23.228048874996603,28.244305849075317,-11.611809208989143,-311.4810135215521
43,3233.884599581361,8640.629268735647,579.055267572403,-3.835862081497908,-8.491639959812165,-3.3686726018786435,-3.1739290058612823,5.394060943275691,-5.7472205668687835,0.9002296887338161,10.817519035935405,slow_thrust,69,True,0.6009044913074905,land,24.814506247639656,13.002639915794134,0.0021123626522420217,35.0087471306324,4.326741257682443,-4.281184310093522,0.041622624512841294,dispersed,6,2.5,multiplicative,5.470084259286523,0.11540490531005072,7.36439120490104,-8.043937347829342,0.001152848854286639,1.8027134739224715,23.93005828000605,15.648207902908325,-181.2008259817958,614.8974476382136
65,12417.100032046437,13699.930745437741,1136.208974197507,1.0246384665369987,7.35519521534443,0.653499785810709,2.155407285690309,-2.282119017094374,0.07421927154064178,-5.857906345278026,-3.3730655103921894,slow_thrust,130,True,0.6010796559144691,land,-14.407440833747387,-12.801621528342366,0.003421053869585978,-15.247298032045364,-19.508621003478765,16.85518156737089,0.04963769042304403,dispersed,7,2.5,multiplicative,-20.902218483388424,0.18072888275480173,-19.05880135949701,8.352647423744202,0.0016291992461588052,1.8032389677434073,4.05860748514533,27.988720893859863,502.01383978128433,-584.2088408768177
42,9852.649263367057,3105.9310483187437,543.1449673138559,-2.168637122958899,-4.341613090038301,3.3179884180426606,-10.37749079167843,-4.7989489920437345,7.868449804186824,3.1961396299302587,-10.33595699965954,slow_thrust,57,True,0.6009019915299577,land,-11.121023260056973,6.872975826263428,0.0029221734119878203,-34.524074867367744,-5.516533413901925,9.709042590111494,0.0947270170246237,dispersed,8,2.5,multiplicative,-11.021937988698483,0.14999608678592585,-2.565736356191337,5.286523662507534,0.0014522214999929423,1.802705974589873,2.9366729790344834,12.514522552490234,178.1847020611167,40.33500216901302
64,19031.425000354648,18285.242138504982,1103.4562814049423,4.982787586748601,5.012185862660409,-0.6044649593532085,9.35167737901211,1.7748431526124477,-13.310110357403758,-2.0589537061750893,4.301504275202753,slow_thrust,112,True,0.6009019830197897,land,2.777327224612236,-6.281312135979533,0.0011684501129067694,14.599166139960289,20.69993894547224,-22.2799941431731,0.020513918113057958,dispersed,9,2.5,multiplicative,15.512012550607324,0.06227212249605582,-11.347620612941682,-4.941924914717674,0.0005971628657776352,1.802705949059369,15.073780491016805,26.374598264694214,-506.0053791850805,-13.000336848199368
59,21665.884421616793,19921.200082823634,977.8677550144494,3.7711582481861123,0.013255181908608193,5.228234019130469,-4.254785397648812,-5.90691988170147,10.382510599493983,4.085221633315087,-4.630997130274773,thrust_excess,108,True,0.6009463709073845,land,5.9088637586683035,1.8271048553287983,0.0013477027385400365,-27.89749503135681,-17.594432923942804,-2.6247508358210325,0.02048919902157759,dispersed,0,2.2,multiplicative,-1.3074062298983335,0.07030997321001299,-4.263169062323868,6.855388887226582,0.0006264304767336052,1.8028391127221532,11.97623470146209,23.8830828666687,-275.08739680051804,150.04899334162474
70,15475.13062030077,12805.261626690626,1286.7638951167464,2.245011046528817,12.36909412443638,-5.184989947825671,-11.458735191822054,5.0364559069275865,-4.801897993683816,0.011279985308647156,2.1294826894998558,thrust_excess,116,True,0.6009311035199026,land,-17.526671709492803,20.50213608890772,0.0008916299651230349,22.256572619080544,15.63483476638794,8.043602667748928,0.013565719076083888,dispersed,1,2.2,multiplicative,6.810544803738594,0.046448961452985764,5.489914226345718,-3.439905233681202,0.00041239129887222484,1.8027933105597078,7.156121803447604,29.241397619247437,278.1038258224726,503.3981781452894
50,5660.814609527588,7745.950461104512,746.0660064592957,-5.058803189545871,-11.689718556404115,1.719999834895134,12.011217623949054,-1.9124292209744453,2.819533261656762,-5.249648407101632,-12.5092616468668,thrust_excess,83,True,0.601114624044231,land,21.76842517219484,-21.07012807391584,0.04850698205382957,-2.4867718666791916,-7.380364881828427,-20.8083460573107,1.482762138517183,dispersed,2,2.2,multiplicative,-16.769399447366595,2.6687073698760626,-21.608061441220343,3.7867012470960617,0.030810236639803357,1.803343872132693,27.020043961703777,19.058048963546753,-852.0418563857675,-478.06894686073065
60,4210.423072949052,15125.279400870204,992.6693591289222,5.679018516093493,9.731979990005495,1.223369836807251,0.37168464660644496,3.529510561376811,-2.7969280868768696,-0.4202941283583641,12.722317689657213,thrust_excess,120,True,0.6009691614603865,land,8.223497588187456,-17.217843513935804,0.0011062913910255975,-13.048850074410439,-2.694511879235506,5.587417725473642,0.06299807869918295,dispersed,3,2.2,multiplicative,-23.43095946125686,0.06554267162320668,8.566521848551929,-0.37370089441537857,0.001194038738531102,1.8029074843811594,-4.093804094940424,27.319989442825317,8.461853116750717,-889.5522141829133
48,18061.02468006313,6745.49544878304,692.057766020298,-3.1287698373198514,-5.564840278029443,3.8029903583228597,-8.590421614050866,1.3835593722760677,-10.521131506562234,2.258703567087651,6.193551814556123,thrust_excess,77,True,0.600962159791514,land,17.808631528168917,11.447235802188516,0.0019365612329351586,-37.32555076479912,-22.283338429406285,24.09834899008274,0.030358792681156925,dispersed,4,2.2,multiplicative,-7.151190517470241,0.10103947104080613,-8.200520710088313,-9.237127304077148,0.0008916400307177976,1.802886479374542,11.090996437706053,16.162165880203247,668.1425420567393,282.38853234797716
69,8268.342552408576,21924.948969334364,1233.8361594825983,0.31353292241692543,6.685426783561706,-1.267992988228798,7.567916974425316,-4.416823167353869,12.401185521483423,-4.496342562139035,-8.417068809270859,thrust_excess,104,True,0.6009189315092135,land,-21.46521033719182,-11.234737746417522,0.0004875210525122493,17.417808026075363,1.5276078134775162,-11.08795185573399,0.0073904569401515505,dispersed,5,2.2,multiplicative,16.327280551195145,0.025397893179077088,0.8633477939292789,10.342723824083805,0.00022561539179933026,1.8027567945276404,23.228048874996603,30.20262384414673,-11.611809208989143,-311.4810135215521
43,3233.884599581361,8640.629268735647,579.055267572403,-3.835862081497908,-8.491639959812165,-3.3686726018786435,-3.1739290058612823,5.394060943275691,-5.7472205668687835,0.9002296887338161,10.817519035935405,thrust_excess,69,True,0.6009553691337092,land,24.814506247639656,13.002639915794134,0.0017813558165830873,35.0087471306324,4.326741257682443,-4.281184310093522,0.027585785321033503,dispersed,6,2.2,multiplicative,5.470084259286523,0.0930548875166883,7.36439120490104,-8.043937347829342,0.0008205910236785583,1.8028661074011274,23.93005828000605,15.177168607711792,-181.2008259817958,614.8974476382136
65,12417.100032046437,13699.930745437741,1136.208974197507,1.0246384665369987,7.35519521534443,0.653499785810709,2.155407285690309,-2.282119017094374,0.07421927154064178,-5.857906345278026,-3.3730655103921894,thrust_excess,169,True,0.6009473181736934,land,-14.407440833747387,-12.801621528342366,0.0014610587215345054,-15.247298032045364,-19.508621003478765,16.85518156737089,0.025506045560088317,dispersed,7,2.2,multiplicative,-20.902218483388424,0.07668578009044989,-19.05880135949701,8.352647423744202,0.0007026870908663184,1.80284195452108,4.05860748514533,34.38377380371094,502.01383978128433,-584.2088408768177
42,9852.649263367057,3105.9310483187437,543.1449673138559,-2.168637122958899,-4.341613090038301,3.3179884180426606,-10.37749079167843,-4.7989489920437345,7.868449804186824,3.1961396299302587,-10.33595699965954,thrust_excess,56,True,0.6009491428883766,land,-11.121023260056973,6.872975826263428,0.0019593709272205865,-34.524074867367744,-5.516533413901925,9.709042590111494,0.03579309280834991,dispersed,8,2.2,multiplicative,-11.021937988698483,0.10289472570510208,-2.565736356191337,5.286523662507534,0.0009470341879434935,1.80284742866513,2.9366729790344834,12.427189826965332,178.1847020611167,40.33500216901302
64,19031.425000354648,18285.242138504982,1103.4562814049423,4.982787586748601,5.012185862660409,-0.6044649593532085,9.35167737901211,1.7748431526124477,-13.310110357403758,-2.0589537061750893,4.301504275202753,thrust_excess,117,True,0.6009165112280289,land,2.777327224612236,-6.281312135979533,0.00046942581972197334,14.599166139960289,20.69993894547224,-22.2799941431731,0.007183145028184295,dispersed,9,2.2,multiplicative,15.512012550607324,0.02446077835724601,-11.347620612941682,-4.941924914717674,0.00021744492465438956,1.8027495336840866,15.073780491016805,27.124112367630005,-506.0053791850805,-13.000336848199368
59,21665.884421616793,19921.200082823634,977.8677550144494,3.7711582481861123,0.013255181908608193,5.228234019130469,-4.254785397648812,-5.90691988170147,10.382510599493983,4.085221633315087,-4.630997130274773,thrust_loss_50,134,True,0.6009023272255732,land,5.9088637586683035,1.8271048553287983,0.0011255485347738087,-27.89749503135681,-17.594432923942804,-2.6247508358210325,0.02005921158466269,dispersed,0,2.1,multiplicative,-1.3074062298983335,0.06038394656504619,-4.263169062323868,6.855388887226582,0.0005817133075816641,1.8027069816767196,11.97623470146209,26.569881916046143,-275.08739680051804,150.04899334162474
70,15475.13062030077,12805.261626690626,1286.7638951167464,2.245011046528817,12.36909412443638,-5.184989947825671,-11.458735191822054,5.0364559069275865,-4.801897993683816,0.011279985308647156,2.1294826894998558,thrust_loss_50,215,True,0.6009056396847731,land,-17.526671709492803,20.50213608890772,0.0014250157926471198,22.256572619080544,15.63483476638794,8.043602667748928,0.02857074781800208,dispersed,1,2.1,multiplicative,6.810544803738594,0.0765998438065796,5.489914226345718,-3.439905233681202,0.0007097758353732916,1.8027169190543193,7.156121803447604,43.6861526966095,278.1038258224726,503.3981781452894
50,5660.814609527588,7745.950461104512,746.0660064592957,-5.058803189545871,-11.689718556404115,1.719999834895134,12.011217623949054,-1.9124292209744453,2.819533261656762,-5.249648407101632,-12.5092616468668,thrust_loss_50,81,False,3.4205964355677456,gate_miss,21.76842517219484,-21.07012807391584,1.7475067457641376,-2.4867718666791916,-7.380364881828427,-20.8083460573107,11.977366046648243,dispersed,2,2.1,multiplicative,-16.769399447366595,20.523578613406475,-21.608061441220343,3.7867012470960617,1.174244021006944,4.58641989971472,27.020043961703777,19.053499698638916,-852.0418563857675,-478.06894686073065
60,4210.423072949052,15125.279400870204,992.6693591289222,5.679018516093493,9.731979990005495,1.223369836807251,0.37168464660644496,3.529510561376811,-2.7969280868768696,-0.4202941283583641,12.722317689657213,thrust_loss_50,115,True,0.6019988587527687,land,8.223497588187456,-17.217843513935804,0.041271335761001574,-13.048850074410439,-2.694511879235506,5.587417725473642,0.5597557530471347,dispersed,3,2.1,multiplicative,-23.43095946125686,2.1405545836632136,8.566521848551929,-0.37370089441537857,0.01243088393029656,1.8059965762583061,-4.093804094940424,28.432182550430298,8.461853116750717,-889.5522141829133
48,18061.02468006313,6745.49544878304,692.057766020298,-3.1287698373198514,-5.564840278029443,3.8029903583228597,-8.590421614050866,1.3835593722760677,-10.521131506562234,2.258703567087651,6.193551814556123,thrust_loss_50,65,True,0.6009047765587239,land,17.808631528168917,11.447235802188516,0.0015705906981018625,-37.32555076479912,-22.283338429406285,24.09834899008274,0.11128019066643526,dispersed,4,2.1,multiplicative,-7.151190517470241,0.12154839897157012,-8.200520710088313,-9.237127304077148,0.0006230685944256736,1.8027143296761716,11.090996437706053,15.395370483398438,668.1425420567393,282.38853234797716
69,8268.342552408576,21924.948969334364,1233.8361594825983,0.31353292241692543,6.685426783561706,-1.267992988228798,7.567916974425316,-4.416823167353869,12.401185521483423,-4.496342562139035,-8.417068809270859,thrust_loss_50,68,True,0.6009433639139149,land,-21.46521033719182,-11.234737746417522,0.00041315503118405145,17.417808026075363,1.5276078134775162,-11.08795185573399,0.007517862577594113,dispersed,5,2.1,multiplicative,16.327280551195145,0.022110667079751435,0.8633477939292789,10.342723824083805,0.0002145777851221355,1.8028300917417448,23.228048874996603,24.918577671051025,-11.611809208989143,-311.4810135215521
43,3233.884599581361,8640.629268735647,579.055267572403,-3.835862081497908,-8.491639959812165,-3.3686726018786435,-3.1739290058612823,5.394060943275691,-5.7472205668687835,0.9002296887338161,10.817519035935405,thrust_loss_50,71,True,0.6009628922658965,land,24.814506247639656,13.002639915794134,0.0038973672998857396,35.0087471306324,4.326741257682443,-4.281184310093522,0.14650321791266485,dispersed,6,2.1,multiplicative,5.470084259286523,0.21944297932313309,7.36439120490104,-8.043937347829342,0.0019704616800534074,1.8028886767976895,23.93005828000605,15.627500534057617,-181.2008259817958,614.8974476382136
65,12417.100032046437,13699.930745437741,1136.208974197507,1.0246384665369987,7.35519521534443,0.653499785810709,2.155407285690309,-2.282119017094374,0.07421927154064178,-5.857906345278026,-3.3730655103921894,thrust_loss_50,91,True,0.6011788284594972,land,-14.407440833747387,-12.801621528342366,0.003332278783506615,-15.247298032045364,-19.508621003478765,16.85518156737089,0.07571528479912307,dispersed,7,2.1,multiplicative,-20.902218483388424,0.18431151412186123,-19.05880135949701,8.352647423744202,0.00170542629438366,1.8035364853784916,4.05860748514533,23.77238416671753,502.01383978128433,-584.2088408768177
42,9852.649263367057,3105.9310483187437,543.1449673138559,-2.168637122958899,-4.341613090038301,3.3179884180426606,-10.37749079167843,-4.7989489920437345,7.868449804186824,3.1961396299302587,-10.33595699965954,thrust_loss_50,45,True,0.6009348758147147,land,-11.121023260056973,6.872975826263428,0.004115025382596166,-34.524074867367744,-5.516533413901925,9.709042590111494,0.1426661812908412,dispersed,8,2.1,multiplicative,-11.021937988698483,0.2678106461900659,-2.565736356191337,5.286523662507534,0.002030341291616843,1.802804627444144,2.9366729790344834,11.563463687896729,178.1847020611167,40.33500216901302
64,19031.425000354648,18285.242138504982,1103.4562814049423,4.982787586748601,5.012185862660409,-0.6044649593532085,9.35167737901211,1.7748431526124477,-13.310110357403758,-2.0589537061750893,4.301504275202753,thrust_loss_50,99,True,0.6009776690474409,land,2.777327224612236,-6.281312135979533,0.0007559011311337261,14.599166139960289,20.69993894547224,-22.2799941431731,0.013953162020312196,dispersed,9,2.1,multiplicative,15.512012550607324,0.040457833089858834,-11.347620612941682,-4.941924914717674,0.00039305013297613893,1.8029330071423226,15.073780491016805,24.63011598587036,-506.0053791850805,-13.000336848199368
59,21665.884421616793,19921.200082823634,977.8677550144494,3.7711582481861123,0.013255181908608193,5.228234019130469,-4.254785397648812,-5.90691988170147,10.382510599493983,4.085221633315087,-4.630997130274773,thrust_loss_85,296,False,inf,no_recovery,5.9088637586683035,1.8271048553287983,nan,-27.89749503135681,-17.594432923942804,-2.6247508358210325,nan,dispersed,0,2.1,multiplicative,-1.3074062298983335,nan,-4.263169062323868,6.855388887226582,nan,nan,11.97623470146209,74.2180962562561,-275.08739680051804,150.04899334162474
70,15475.13062030077,12805.261626690626,1286.7638951167464,2.245011046528817,12.36909412443638,-5.184989947825671,-11.458735191822054,5.0364559069275865,-4.801897993683816,0.011279985308647156,2.1294826894998558,thrust_loss_85,258,False,10.61706201707303,gate_miss,-17.526671709492803,20.50213608890772,1.254697680294265,22.256572619080544,15.63483476638794,8.043602667748928,13.149727900394813,dispersed,1,2.1,multiplicative,6.810544803738594,18.831076598166156,5.489914226345718,-3.439905233681202,11.98798993105746,31.85118605121909,7.156121803447604,89.83387160301208,278.1038258224726,503.3981781452894
50,5660.814609527588,7745.950461104512,746.0660064592957,-5.058803189545871,-11.689718556404115,1.719999834895134,12.011217623949054,-1.9124292209744453,2.819533261656762,-5.249648407101632,-12.5092616468668,thrust_loss_85,350,False,inf,no_recovery,21.76842517219484,-21.07012807391584,nan,-2.4867718666791916,-7.380364881828427,-20.8083460573107,nan,dispersed,2,2.1,multiplicative,-16.769399447366595,nan,-21.608061441220343,3.7867012470960617,nan,nan,27.020043961703777,74.45433139801025,-852.0418563857675,-478.06894686073065
60,4210.423072949052,15125.279400870204,992.6693591289222,5.679018516093493,9.731979990005495,1.223369836807251,0.37168464660644496,3.529510561376811,-2.7969280868768696,-0.4202941283583641,12.722317689657213,thrust_loss_85,307,False,28.32391585225032,gate_miss,8.223497588187456,-17.217843513935804,0.8354819543767228,-13.048850074410439,-2.694511879235506,5.587417725473642,15.327064328358773,dispersed,3,2.1,multiplicative,-23.43095946125686,18.2786934573176,8.566521848551929,-0.37370089441537857,33.98869902270038,23.75724206093104,-4.093804094940424,87.78328371047974,8.461853116750717,-889.5522141829133
48,18061.02468006313,6745.49544878304,692.057766020298,-3.1287698373198514,-5.564840278029443,3.8029903583228597,-8.590421614050866,1.3835593722760677,-10.521131506562234,2.258703567087651,6.193551814556123,thrust_loss_85,220,False,inf,no_recovery,17.808631528168917,11.447235802188516,nan,-37.32555076479912,-22.283338429406285,24.09834899008274,nan,dispersed,4,2.1,multiplicative,-7.151190517470241,nan,-8.200520710088313,-9.237127304077148,nan,nan,11.090996437706053,45.092713594436646,668.1425420567393,282.38853234797716
69,8268.342552408576,21924.948969334364,1233.8361594825983,0.31353292241692543,6.685426783561706,-1.267992988228798,7.567916974425316,-4.416823167353869,12.401185521483423,-4.496342562139035,-8.417068809270859,thrust_loss_85,350,False,inf,no_recovery,-21.46521033719182,-11.234737746417522,nan,17.417808026075363,1.5276078134775162,-11.08795185573399,nan,dispersed,5,2.1,multiplicative,16.327280551195145,nan,0.8633477939292789,10.342723824083805,nan,nan,23.228048874996603,110.03066635131836,-11.611809208989143,-311.4810135215521
43,3233.884599581361,8640.629268735647,579.055267572403,-3.835862081497908,-8.491639959812165,-3.3686726018786435,-3.1739290058612823,5.394060943275691,-5.7472205668687835,0.9002296887338161,10.817519035935405,thrust_loss_85,350,False,inf,no_recovery,24.814506247639656,13.002639915794134,nan,35.0087471306324,4.326741257682443,-4.281184310093522,nan,dispersed,6,2.1,multiplicative,5.470084259286523,nan,7.36439120490104,-8.043937347829342,nan,nan,23.93005828000605,60.465378761291504,-181.2008259817958,614.8974476382136
65,12417.100032046437,13699.930745437741,1136.208974197507,1.0246384665369987,7.35519521534443,0.653499785810709,2.155407285690309,-2.282119017094374,0.07421927154064178,-5.857906345278026,-3.3730655103921894,thrust_loss_85,206,False,9.626920207026776,gate_miss,-14.407440833747387,-12.801621528342366,1.8486233893034065,-15.247298032045364,-19.508621003478765,16.85518156737089,11.707115033562225,dispersed,7,2.1,multiplicative,-20.902218483388424,11.476814569653763,-19.05880135949701,8.352647423744202,6.345063718578038,28.88076062108033,4.05860748514533,65.05658221244812,502.01383978128433,-584.2088408768177
42,9852.649263367057,3105.9310483187437,543.1449673138559,-2.168637122958899,-4.341613090038301,3.3179884180426606,-10.37749079167843,-4.7989489920437345,7.868449804186824,3.1961396299302587,-10.33595699965954,thrust_loss_85,125,False,6.676056117921251,gate_miss,-11.121023260056973,6.872975826263428,1.5223748340343066,-34.524074867367744,-5.516533413901925,9.709042590111494,14.145121456848337,dispersed,8,2.1,multiplicative,-11.021937988698483,21.891836687862657,-2.565736356191337,5.286523662507534,5.3180229926989675,20.028168353763753,2.9366729790344834,27.48190450668335,178.1847020611167,40.33500216901302
64,19031.425000354648,18285.242138504982,1103.4562814049423,4.982787586748601,5.012185862660409,-0.6044649593532085,9.35167737901211,1.7748431526124477,-13.310110357403758,-2.0589537061750893,4.301504275202753,thrust_loss_85,350,False,inf,no_recovery,2.777327224612236,-6.281312135979533,nan,14.599166139960289,20.69993894547224,-22.2799941431731,nan,dispersed,9,2.1,multiplicative,15.512012550607324,nan,-11.347620612941682,-4.941924914717674,nan,nan,15.073780491016805,92.0480284690857,-506.0053791850805,-13.000336848199368
59,21665.884421616793,19921.200082823634,977.8677550144494,3.7711582481861123,0.013255181908608193,5.228234019130469,-4.254785397648812,-5.90691988170147,10.382510599493983,4.085221633315087,-4.630997130274773,tvc_bias,149,True,0.6009179496017466,land,5.9088637586683035,1.8271048553287983,0.0002631782649659778,-27.89749503135681,-17.594432923942804,-2.6247508358210325,0.0043908067690072924,dispersed,0,2.7,additive,-1.3074062298983335,0.013953192149812587,-4.263169062323868,6.855388887226582,0.0001308549330041783,1.80275384880524,11.97623470146209,28.42472791671753,-275.08739680051804,150.04899334162474
70,15475.13062030077,12805.261626690626,1286.7638951167464,2.245011046528817,12.36909412443638,-5.184989947825671,-11.458735191822054,5.0364559069275865,-4.801897993683816,0.011279985308647156,2.1294826894998558,tvc_bias,99,True,0.600911762477835,land,-17.526671709492803,20.50213608890772,0.0003252338425277078,22.256572619080544,15.63483476638794,8.043602667748928,0.0054579836417611915,dispersed,1,2.7,additive,6.810544803738594,0.01706577199620079,5.489914226345718,-3.439905233681202,0.00015554694270236756,1.802735287433505,7.156121803447604,26.57636022567749,278.1038258224726,503.3981781452894
50,5660.814609527588,7745.950461104512,746.0660064592957,-5.058803189545871,-11.689718556404115,1.719999834895134,12.011217623949054,-1.9124292209744453,2.819533261656762,-5.249648407101632,-12.5092616468668,tvc_bias,116,True,0.601274606585449,land,21.76842517219484,-21.07012807391584,0.03872816951827405,-2.4867718666791916,-7.380364881828427,-20.8083460573107,1.0931882962576847,dispersed,2,2.7,additive,-16.769399447366595,2.0772699366983054,-21.608061441220343,3.7867012470960617,0.02171958592660893,1.803823819756347,27.020043961703777,23.76522397994995,-852.0418563857675,-478.06894686073065
60,4210.423072949052,15125.279400870204,992.6693591289222,5.679018516093493,9.731979990005495,1.223369836807251,0.37168464660644496,3.529510561376811,-2.7969280868768696,-0.4202941283583641,12.722317689657213,tvc_bias,170,True,0.6009319279596913,land,8.223497588187456,-17.217843513935804,0.0030780419090532286,-13.048850074410439,-2.694511879235506,5.587417725473642,0.05525406818646122,dispersed,3,2.7,additive,-23.43095946125686,0.16775485333534537,8.566521848551929,-0.37370089441537857,0.0014423536212103674,1.802795783879074,-4.093804094940424,34.04492902755737,8.461853116750717,-889.5522141829133
48,18061.02468006313,6745.49544878304,692.057766020298,-3.1287698373198514,-5.564840278029443,3.8029903583228597,-8.590421614050866,1.3835593722760677,-10.521131506562234,2.258703567087651,6.193551814556123,tvc_bias,65,True,0.6009082907896334,land,17.808631528168917,11.447235802188516,0.0013859589199272644,-37.32555076479912,-22.283338429406285,24.09834899008274,0.03102804915472253,dispersed,4,2.7,additive,-7.151190517470241,0.07398991898712078,-8.200520710088313,-9.237127304077148,0.0006892344727256587,1.8027248723689002,11.090996437706053,15.23933744430542,668.1425420567393,282.38853234797716
69,8268.342552408576,21924.948969334364,1233.8361594825983,0.31353292241692543,6.685426783561706,-1.267992988228798,7.567916974425316,-4.416823167353869,12.401185521483423,-4.496342562139035,-8.417068809270859,tvc_bias,195,True,0.6009093724707947,land,-21.46521033719182,-11.234737746417522,0.0001109966397002163,17.417808026075363,1.5276078134775162,-11.08795185573399,0.002075455243210261,dispersed,5,2.7,additive,16.327280551195145,0.005845200194184752,0.8633477939292789,10.342723824083805,5.513908272074564e-05,1.8027281174123841,23.228048874996603,46.87761974334717,-11.611809208989143,-311.4810135215521
43,3233.884599581361,8640.629268735647,579.055267572403,-3.835862081497908,-8.491639959812165,-3.3686726018786435,-3.1739290058612823,5.394060943275691,-5.7472205668687835,0.9002296887338161,10.817519035935405,tvc_bias,60,True,0.6009074993777067,land,24.814506247639656,13.002639915794134,0.002509103797172516,35.0087471306324,4.326741257682443,-4.281184310093522,0.040705182563982076,dispersed,6,2.7,additive,5.470084259286523,0.13197210487118852,7.36439120490104,-8.043937347829342,0.001203206501963613,1.80272249813312,23.93005828000605,14.327832221984863,-181.2008259817958,614.8974476382136
65,12417.100032046437,13699.930745437741,1136.208974197507,1.0246384665369987,7.35519521534443,0.653499785810709,2.155407285690309,-2.282119017094374,0.07421927154064178,-5.857906345278026,-3.3730655103921894,tvc_bias,152,True,0.6009137601893175,land,-14.407440833747387,-12.801621528342366,0.0009814058713368298,-15.247298032045364,-19.508621003478765,16.85518156737089,0.016036329640265468,dispersed,7,2.7,additive,-20.902218483388424,0.05202380527453726,-19.05880135949701,8.352647423744202,0.0004937113796515464,1.8027412805679526,4.05860748514533,32.23388314247131,502.01383978128433,-584.2088408768177
42,9852.649263367057,3105.9310483187437,543.1449673138559,-2.168637122958899,-4.341613090038301,3.3179884180426606,-10.37749079167843,-4.7989489920437345,7.868449804186824,3.1961396299302587,-10.33595699965954,tvc_bias,46,True,0.6009299263069323,land,-11.121023260056973,6.872975826263428,0.0008965578411582683,-34.524074867367744,-5.516533413901925,9.709042590111494,0.03335838888302004,dispersed,8,2.7,additive,-11.021937988698483,0.0537922151520922,-2.565736356191337,5.286523662507534,0.0007483391176226175,1.802789778920797,2.9366729790344834,11.76491641998291,178.1847020611167,40.33500216901302
64,19031.425000354648,18285.242138504982,1103.4562814049423,4.982787586748601,5.012185862660409,-0.6044649593532085,9.35167737901211,1.7748431526124477,-13.310110357403758,-2.0589537061750893,4.301504275202753,tvc_bias,218,True,0.6009068114596797,land,2.777327224612236,-6.281312135979533,0.00011201853214486311,14.599166139960289,20.69993894547224,-22.2799941431731,0.0018998081043264583,dispersed,9,2.7,additive,15.512012550607324,0.005892751600869746,-11.347620612941682,-4.941924914717674,5.5274344751150885e-05,1.802720434379039,15.073780491016805,39.538001537323,-506.0053791850805,-13.000336848199368
59,21665.884421616793,19921.200082823634,977.8677550144494,3.7711582481861123,0.013255181908608193,5.228234019130469,-4.254785397648812,-5.90691988170147,10.382510599493983,4.085221633315087,-4.630997130274773,tvc_gain_loss,88,True,0.6009139347070972,land,5.9088637586683035,1.8271048553287983,0.00015509773394275028,-27.89749503135681,-17.594432923942804,-2.6247508358210325,0.0028169579612243286,dispersed,0,2.7,multiplicative,-1.3074062298983335,0.008150234180937152,-4.263169062323868,6.855388887226582,7.468506484491693e-05,1.8027418041212915,11.97623470146209,21.297661542892456,-275.08739680051804,150.04899334162474
70,15475.13062030077,12805.261626690626,1286.7638951167464,2.245011046528817,12.36909412443638,-5.184989947825671,-11.458735191822054,5.0364559069275865,-4.801897993683816,0.011279985308647156,2.1294826894998558,tvc_gain_loss,83,True,0.6009133533995398,land,-17.526671709492803,20.50213608890772,1.4354685334618301e-05,22.256572619080544,15.63483476638794,8.043602667748928,0.0017518269754019237,dispersed,1,2.7,multiplicative,6.810544803738594,0.0008499609155711967,5.489914226345718,-3.439905233681202,1.010358299923881e-05,1.8027400601986192,7.156121803447604,24.737269639968872,278.1038258224726,503.3981781452894
50,5660.814609527588,7745.950461104512,746.0660064592957,-5.058803189545871,-11.689718556404115,1.719999834895134,12.011217623949054,-1.9124292209744453,2.819533261656762,-5.249648407101632,-12.5092616468668,tvc_gain_loss,102,True,0.601287501176209,land,21.76842517219484,-21.07012807391584,0.03692325099250288,-2.4867718666791916,-7.380364881828427,-20.8083460573107,1.3028403671414925,dispersed,2,2.7,multiplicative,-16.769399447366595,2.21823317497694,-21.608061441220343,3.7867012470960617,0.028305214582255902,1.8038625035286269,27.020043961703777,21.225449323654175,-852.0418563857675,-478.06894686073065
60,4210.423072949052,15125.279400870204,992.6693591289222,5.679018516093493,9.731979990005495,1.223369836807251,0.37168464660644496,3.529510561376811,-2.7969280868768696,-0.4202941283583641,12.722317689657213,tvc_gain_loss,120,True,0.6009145337320986,land,8.223497588187456,-17.217843513935804,0.0017459524433359474,-13.048850074410439,-2.694511879235506,5.587417725473642,0.05563203079191113,dispersed,3,2.7,multiplicative,-23.43095946125686,0.10577780461771151,8.566521848551929,-0.37370089441537857,0.0012299677442157726,1.8027436011962958,-4.093804094940424,27.779303789138794,8.461853116750717,-889.5522141829133
48,18061.02468006313,6745.49544878304,692.057766020298,-3.1287698373198514,-5.564840278029443,3.8029903583228597,-8.590421614050866,1.3835593722760677,-10.521131506562234,2.258703567087651,6.193551814556123,tvc_gain_loss,67,True,0.6009055325074744,land,17.808631528168917,11.447235802188516,0.0009857982840482528,-37.32555076479912,-22.283338429406285,24.09834899008274,0.0295911030983367,dispersed,4,2.7,multiplicative,-7.151190517470241,0.059168817693586985,-8.200520710088313,-9.237127304077148,0.0007813899086067632,1.802716597522423,11.090996437706053,14.999592781066895,668.1425420567393,282.38853234797716
69,8268.342552408576,21924.948969334364,1233.8361594825983,0.31353292241692543,6.685426783561706,-1.267992988228798,7.567916974425316,-4.416823167353869,12.401185521483423,-4.496342562139035,-8.417068809270859,tvc_gain_loss,74,True,0.6009210404319857,land,-21.46521033719182,-11.234737746417522,0.0002790637454877325,17.417808026075363,1.5276078134775162,-11.08795185573399,0.0044159874985533224,dispersed,5,2.7,multiplicative,16.327280551195145,0.014620991832042626,0.8633477939292789,10.342723824083805,0.0001323095831815902,1.8027631212959572,23.228048874996603,25.993444204330444,-11.611809208989143,-311.4810135215521
43,3233.884599581361,8640.629268735647,579.055267572403,-3.835862081497908,-8.491639959812165,-3.3686726018786435,-3.1739290058612823,5.394060943275691,-5.7472205668687835,0.9002296887338161,10.817519035935405,tvc_gain_loss,74,True,0.6009046817592825,land,24.814506247639656,13.002639915794134,0.0009451209735241806,35.0087471306324,4.326741257682443,-4.281184310093522,0.03820910357385136,dispersed,6,2.7,multiplicative,5.470084259286523,0.049615779680695984,7.36439120490104,-8.043937347829342,0.00044457993819891365,1.8027140452778474,23.93005828000605,16.10522985458374,-181.2008259817958,614.8974476382136
65,12417.100032046437,13699.930745437741,1136.208974197507,1.0246384665369987,7.35519521534443,0.653499785810709,2.155407285690309,-2.282119017094374,0.07421927154064178,-5.857906345278026,-3.3730655103921894,tvc_gain_loss,76,True,0.6009159263192841,land,-14.407440833747387,-12.801621528342366,0.0009993406053217281,-15.247298032045364,-19.508621003478765,16.85518156737089,0.02789858676968415,dispersed,7,2.7,multiplicative,-20.902218483388424,0.057076794772652574,-19.05880135949701,8.352647423744202,0.0006659732496297185,1.8027477789578525,4.05860748514533,22.372819900512695,502.01383978128433,-584.2088408768177
42,9852.649263367057,3105.9310483187437,543.1449673138559,-2.168637122958899,-4.341613090038301,3.3179884180426606,-10.37749079167843,-4.7989489920437345,7.868449804186824,3.1961396299302587,-10.33595699965954,tvc_gain_loss,56,True,0.6009151916821637,land,-11.121023260056973,6.872975826263428,0.0012107923987178726,-34.524074867367744,-5.516533413901925,9.709042590111494,0.043819071889928514,dispersed,8,2.7,multiplicative,-11.021937988698483,0.0727266492435,-2.565736356191337,5.286523662507534,0.0010025404265646544,1.802745575046491,2.9366729790344834,12.390824556350708,178.1847020611167,40.33500216901302
64,19031.425000354648,18285.242138504982,1103.4562814049423,4.982787586748601,5.012185862660409,-0.6044649593532085,9.35167737901211,1.7748431526124477,-13.310110357403758,-2.0589537061750893,4.301504275202753,tvc_gain_loss,117,True,0.600906788738757,land,2.777327224612236,-6.281312135979533,7.452794203338884e-06,14.599166139960289,20.69993894547224,-22.2799941431731,0.0014586711935573018,dispersed,9,2.7,multiplicative,15.512012550607324,0.0003555558451511415,-11.347620612941682,-4.941924914717674,5.150508378441491e-06,1.8027203662162712,15.073780491016805,26.51488971710205,-506.0053791850805,-13.000336848199368
59,21665.884421616793,19921.200082823634,977.8677550144494,3.7711582481861123,0.013255181908608193,5.228234019130469,-4.254785397648812,-5.90691988170147,10.382510599493983,4.085221633315087,-4.630997130274773,valve_stuck_open,147,True,0.6939584554242136,land,5.9088637586683035,1.8271048553287983,0.04473942681575493,-27.89749503135681,-17.594432923942804,-2.6247508358210325,0.9833965021964364,dispersed,0,2.2 / 1.4,structural,-1.3074062298983335,4.163750732545282,-4.263169062323868,6.855388887226582,0.10321429890958819,1.850741454784163,11.97623470146209,27.426619291305542,-275.08739680051804,150.04899334162474
70,15475.13062030077,12805.261626690626,1286.7638951167464,2.245011046528817,12.36909412443638,-5.184989947825671,-11.458735191822054,5.0364559069275865,-4.801897993683816,0.011279985308647156,2.1294826894998558,valve_stuck_open,288,True,0.611431049905543,land,-17.526671709492803,20.50213608890772,0.011800378263907087,22.256572619080544,15.63483476638794,8.043602667748928,1.8360147045288768,dispersed,1,2.2 / 1.4,structural,6.810544803738594,2.0950319953494487,5.489914226345718,-3.439905233681202,0.05748920469291818,1.8342931497166288,7.156121803447604,53.895106077194214,278.1038258224726,503.3981781452894
50,5660.814609527588,7745.950461104512,746.0660064592957,-5.058803189545871,-11.689718556404115,1.719999834895134,12.011217623949054,-1.9124292209744453,2.819533261656762,-5.249648407101632,-12.5092616468668,valve_stuck_open,116,True,0.8062878541203237,land,21.76842517219484,-21.07012807391584,0.11234554250761204,-2.4867718666791916,-7.380364881828427,-20.8083460573107,0.9729052651021299,dispersed,2,2.2 / 1.4,structural,-16.769399447366595,4.837727124721942,-21.608061441220343,3.7867012470960617,0.04562578158796888,1.8146298621768113,27.020043961703777,22.871588945388794,-852.0418563857675,-478.06894686073065
60,4210.423072949052,15125.279400870204,992.6693591289222,5.679018516093493,9.731979990005495,1.223369836807251,0.37168464660644496,3.529510561376811,-2.7969280868768696,-0.4202941283583641,12.722317689657213,valve_stuck_open,116,False,2.900868931201273,gate_miss,8.223497588187456,-17.217843513935804,0.4149060282816391,-13.048850074410439,-2.694511879235506,5.587417725473642,3.3717011194965627,dispersed,3,2.2 / 1.4,structural,-23.43095946125686,17.405213587207637,8.566521848551929,-0.37370089441537857,0.19577400924999538,1.9205910854122414,-4.093804094940424,27.1874737739563,8.461853116750717,-889.5522141829133
48,18061.02468006313,6745.49544878304,692.057766020298,-3.1287698373198514,-5.564840278029443,3.8029903583228597,-8.590421614050866,1.3835593722760677,-10.521131506562234,2.258703567087651,6.193551814556123,valve_stuck_open,77,True,0.739370613158481,land,17.808631528168917,11.447235802188516,0.03062899674603354,-37.32555076479912,-22.283338429406285,24.09834899008274,1.309048319383702,dispersed,4,2.2 / 1.4,structural,-7.151190517470241,4.436223678950886,-8.200520710088313,-9.237127304077148,0.11712777478417098,1.8425315654030658,11.090996437706053,15.971882104873657,668.1425420567393,282.38853234797716
69,8268.342552408576,21924.948969334364,1233.8361594825983,0.31353292241692543,6.685426783561706,-1.267992988228798,7.567916974425316,-4.416823167353869,12.401185521483423,-4.496342562139035,-8.417068809270859,valve_stuck_open,195,True,0.6090079387231665,land,-21.46521033719182,-11.234737746417522,0.029908174313427058,17.417808026075363,1.5276078134775162,-11.08795185573399,2.151935172321669,dispersed,5,2.2 / 1.4,structural,16.327280551195145,1.9024535001407998,0.8633477939292789,10.342723824083805,0.04477601603517491,1.8270238161694994,23.228048874996603,47.74117612838745,-11.611809208989143,-311.4810135215521
43,3233.884599581361,8640.629268735647,579.055267572403,-3.835862081497908,-8.491639959812165,-3.3686726018786435,-3.1739290058612823,5.394060943275691,-5.7472205668687835,0.9002296887338161,10.817519035935405,valve_stuck_open,138,True,0.6096635797021952,land,24.814506247639656,13.002639915794134,0.01077814053039163,35.0087471306324,4.326741257682443,-4.281184310093522,1.7221292926735006,dispersed,6,2.2 / 1.4,structural,5.470084259286523,1.5978770001694516,7.36439120490104,-8.043937347829342,0.05820950954522139,1.8289907391065856,23.93005828000605,20.983760118484497,-181.2008259817958,614.8974476382136
65,12417.100032046437,13699.930745437741,1136.208974197507,1.0246384665369987,7.35519521534443,0.653499785810709,2.155407285690309,-2.282119017094374,0.07421927154064178,-5.857906345278026,-3.3730655103921894,valve_stuck_open,317,False,4.024290177882604,gate_miss,-14.407440833747387,-12.801621528342366,0.3486305789499384,-15.247298032045364,-19.508621003478765,16.85518156737089,5.447223345126706,dispersed,7,2.2 / 1.4,structural,-20.902218483388424,24.145741067295628,-19.05880135949701,8.352647423744202,0.43576897589261926,1.8738186206665002,4.05860748514533,54.47244882583618,502.01383978128433,-584.2088408768177
42,9852.649263367057,3105.9310483187437,543.1449673138559,-2.168637122958899,-4.341613090038301,3.3179884180426606,-10.37749079167843,-4.7989489920437345,7.868449804186824,3.1961396299302587,-10.33595699965954,valve_stuck_open,116,True,0.6178837754271763,land,-11.121023260056973,6.872975826263428,0.028620286046718648,-34.524074867367744,-5.516533413901925,9.709042590111494,2.0472853074814004,dispersed,8,2.2 / 1.4,structural,-11.021937988698483,1.1752628700479304,-2.565736356191337,5.286523662507534,0.01733897368609042,1.853651326281529,2.9366729790344834,17.48556900024414,178.1847020611167,40.33500216901302
64,19031.425000354648,18285.242138504982,1103.4562814049423,4.982787586748601,5.012185862660409,-0.6044649593532085,9.35167737901211,1.7748431526124477,-13.310110357403758,-2.0589537061750893,4.301504275202753,valve_stuck_open,167,True,0.6167618064112819,land,2.777327224612236,-6.281312135979533,0.039865970527086556,14.599166139960289,20.69993894547224,-22.2799941431731,1.1768779742037498,dispersed,9,2.2 / 1.4,structural,15.512012550607324,3.3098034437959014,-11.347620612941682,-4.941924914717674,0.07775775990313358,1.8502854192338456,15.073780491016805,34.71250104904175,-506.0053791850805,-13.000336848199368
30,9159.832889292611,8673.780663019517,146.27407791092992,2.514105498790741,0.007363989949226379,3.485489346086979,-2.3637696653604507,-3.9379465878009796,5.7680614441633224,2.7234810888767242,-2.572776183485985,chugging,47,True,0.6020550751235915,land,3.7816728055477142,2.046357437968254,0.000779747049148949,-27.89749503135681,-11.260437071323395,-1.6798405349254608,0.03237742193331279,low_late,0,2.3,additive,-1.4642949774861336,0.048207416099594495,-4.263169062323868,7.997953701764345,0.0007111238628320497,1.8061652253707743,18.889646573923528,9.395792484283447,-61.13053262233734,33.344220742583275
30,7435.148600832908,6691.348854742817,185.58813210576773,1.4966740310192108,6.87171895802021,-3.4566599652171135,-6.365963995456696,3.357637271285057,-2.6677211076021194,0.0075199902057647705,1.1830459386110306,chugging,58,True,0.6020628365707028,land,-11.217069894075394,22.962392419576645,0.0004819540206501164,22.256572619080544,10.006294250488281,5.147905707359314,0.014758117287700427,low_late,1,2.3,additive,7.627810180187225,0.022838317949297728,5.489914226345718,-4.013222772628069,0.00021660213966682027,1.8061885097121084,14.945917839184403,10.134644746780396,61.80085018277168,111.86626181006432
30,4296.909745835809,7337.683426023001,148.1579184345901,3.7860123440623283,5.406655550003052,0.815579891204834,0.20649147033691406,2.3530070409178734,-1.5538489371538162,-0.28019608557224274,7.067954272031784,chugging,29,True,0.6020125022557237,land,5.263038456439972,-19.2839847356081,0.00461561520595169,-13.048850074410439,-1.7244876027107239,3.575947344303131,0.09762624768088723,low_late,2,2.3,additive,-26.242674596607685,0.25660156744604606,8.566521848551929,-0.43598437681794167,0.0027647470881756214,1.806037506767171,5.741433013230562,8.198708295822144,1.8804118037223816,-197.67826981842518
30,8155.553740437288,5003.156454561273,109.89826112985611,-2.085846558213234,-3.091577932238579,2.5353269055485725,-4.772456452250481,0.9223729148507118,-5.8450730592012405,1.5058023780584335,3.4408621191978455,chugging,25,True,0.6020510456042909,land,11.397524178028107,12.820904098451138,0.0009314833852211448,-37.32555076479912,-14.261336594820023,15.422943353652954,0.03485841093066972,low_late,3,2.3,additive,-8.00933337956667,0.05646578047383066,-8.200520710088313,-10.77664852142334,0.000791417843542431,1.8061531368128727,18.165360721759498,8.043084383010864,148.47612045705318,62.75300718843937
30,5427.4069671226025,9232.005773158617,178.85187484323978,0.2090219482779503,3.7141259908676147,-0.8453286588191986,4.2043983191251755,-2.9445487782359123,6.889547511935234,-2.9975617080926895,-4.67614933848381,chugging,30,True,0.6020490847241767,land,-13.737734615802765,-12.582906275987625,0.001126339006172534,17.417808026075363,0.9776690006256104,-7.096289187669754,0.038092963978430594,low_late,4,2.3,additive,18.286554217338562,0.06704374024621379,0.8633477939292789,12.066511128097773,0.0008968377570462814,1.80614725417253,28.095676352269948,8.198030948638916,-2.580402046442032,-69.21800300478935
30,4024.8555475674743,5531.122454938491,95.51612496376038,-2.5572413876652718,-4.717577755451202,-2.245781734585762,-1.7632938921451569,3.59604062885046,-3.192900314927101,0.6001531258225441,6.00973279774189,chugging,223,False,inf,no_recovery,15.88128399848938,14.56295670568943,nan,35.0087471306324,2.7691144049167633,-2.739957958459854,nan,low_late,5,2.3,additive,6.126494370400906,nan,7.36439120490104,-9.384593572467566,nan,nan,28.670047683641315,19.022904872894287,-40.26685021817684,136.64387725293636
30,6583.210778968589,6940.595040586166,166.42659671604633,0.6830923110246658,4.086219564080238,0.435666523873806,1.197448492050171,-1.5214126780629158,0.04123292863368988,-3.9052708968520164,-1.8739252835512161,chugging,47,True,0.6019958378446221,land,-9.220762133598328,-14.33781611174345,0.0033848620679034444,-15.247298032045364,-12.48551744222641,10.78731620311737,0.0823729958644987,low_late,6,2.3,additive,-23.410484701395035,0.1905945886750581,-19.05880135949701,9.744755327701569,0.0022007131194995036,1.8059875135338663,12.411587942391634,9.450079441070557,111.55863106250763,-129.82418686151505
30,5868.779533402092,3989.208922520239,90.94572311267257,-1.445758081972599,-2.4120072722434998,2.2119922786951065,-5.7652726620435715,-3.1992993280291557,4.371361002326012,2.1307597532868385,-5.742198333144188,chugging,55,True,0.6020429217656261,land,-7.117454886436462,7.697732925415039,0.0016919655881540115,-34.524074867367744,-3.530581384897232,6.213787257671356,0.047657378992950986,low_late,7,2.3,additive,-12.3445705473423,0.09770020269688817,-2.565736356191337,6.167610939592123,0.0012007837329892467,1.8061287652968785,11.493641528300941,10.013108015060425,39.59660045802593,8.963333815336227
30,8425.897908471763,8218.018561391858,162.25807217881083,3.3218583911657333,2.7845477014780045,-0.4029766395688057,5.195376321673393,1.1832287684082985,-7.394505754113197,-1.372635804116726,2.3897245973348618,chugging,42,True,0.6020212154096883,land,1.777489423751831,-7.035069592297077,0.0034641997860938847,14.599166139960289,13.247960925102234,-14.259196251630783,0.07738356188566685,low_late,8,2.3,additive,17.373454056680202,0.19381985696522686,-11.347620612941682,-5.76557906717062,0.002145894037025315,1.806063646229065,21.42400221992284,9.441516399383545,-112.44563981890678,-2.888963744044304
30,6169.561385718465,8982.764702197857,199.13286175578833,1.892506755888462,1.4996711611747742,3.7618260830640793,-3.3572901636362076,0.1844578981399536,-4.265023842453957,1.0984376594424248,4.361291348934174,chugging,350,False,inf,no_recovery,-15.702363342046738,3.710419900715351,nan,-20.096019133925438,-6.529767692089081,-8.956890136003494,nan,low_late,9,2.3,additive,-5.744101136922836,nan,-14.970565526746213,-2.18576467782259,nan,nan,25.561352892778814,25.479793071746826,-152.04129964113235,88.68950307369232
30,9159.832889292611,8673.780663019517,146.27407791092992,2.514105498790741,0.007363989949226379,3.485489346086979,-2.3637696653604507,-3.9379465878009796,5.7680614441633224,2.7234810888767242,-2.572776183485985,dead_time,31,True,0.6009025467460266,land,3.7816728055477142,2.046357437968254,0.0003122747316199753,-27.89749503135681,-11.260437071323395,-1.6798405349254608,0.005217937729830769,low_late,0,2.6,structural,-1.4642949774861336,0.016497729105902196,-4.263169062323868,7.997953701764345,0.00015425152647759754,1.80270764023808,18.889646573923528,8.437883853912354,-61.13053262233734,33.344220742583275
30,7435.148600832908,6691.348854742817,185.58813210576773,1.4966740310192108,6.87171895802021,-3.4566599652171135,-6.365963995456696,3.357637271285057,-2.6677211076021194,0.0075199902057647705,1.1830459386110306,dead_time,57,True,0.6009056119786006,land,-11.217069894075394,22.962392419576645,0.0019852948262090073,22.256572619080544,10.006294250488281,5.147905707359314,0.03150620826336363,low_late,1,2.6,structural,7.627810180187225,0.10464642676780099,5.489914226345718,-4.013222772628069,0.0009469532730736829,1.8027168359358017,14.945917839184403,10.149397134780884,61.80085018277168,111.86626181006432
30,4296.909745835809,7337.683426023001,148.1579184345901,3.7860123440623283,5.406655550003052,0.815579891204834,0.20649147033691406,2.3530070409178734,-1.5538489371538162,-0.28019608557224274,7.067954272031784,dead_time,32,True,0.6009071819298927,land,5.263038456439972,-19.2839847356081,0.0029383746238408944,-13.048850074410439,-1.7244876027107239,3.575947344303131,0.049310876278377665,low_late,2,2.6,structural,-26.242674596607685,0.15527776977620858,8.566521848551929,-0.43598437681794167,0.0014143953128540785,1.8027215457896781,5.741433013230562,8.38136601448059,1.8804118037223816,-197.67826981842518
30,8155.553740437288,5003.156454561273,109.89826112985611,-2.085846558213234,-3.091577932238579,2.5353269055485725,-4.772456452250481,0.9223729148507118,-5.8450730592012405,1.5058023780584335,3.4408621191978455,dead_time,32,True,0.6009031015863892,land,11.397524178028107,12.820904098451138,0.0007338454803842109,-37.32555076479912,-14.261336594820023,15.422943353652954,0.011627578840884046,low_late,3,2.6,structural,-8.00933337956667,0.03851152285327342,-8.200520710088313,-10.77664852142334,0.0003503582601448015,1.8027093047591674,18.165360721759498,8.61164402961731,148.47612045705318,62.75300718843937
30,5427.4069671226025,9232.005773158617,178.85187484323978,0.2090219482779503,3.7141259908676147,-0.8453286588191986,4.2043983191251755,-2.9445487782359123,6.889547511935234,-2.9975617080926895,-4.67614933848381,dead_time,33,True,0.6009022922599806,land,-13.737734615802765,-12.582906275987625,1.2066412401761684e-05,17.417808026075363,0.9776690006256104,-7.096289187669754,0.0012924413022550817,low_late,4,2.6,structural,18.286554217338562,0.0006248735627099142,0.8633477939292789,12.066511128097773,5.777318454744329e-06,1.8027068767799417,28.095676352269948,8.838682174682617,-2.580402046442032,-69.21800300478935
30,4024.8555475674743,5531.122454938491,95.51612496376038,-2.5572413876652718,-4.717577755451202,-2.245781734585762,-1.7632938921451569,3.59604062885046,-3.192900314927101,0.6001531258225441,6.00973279774189,dead_time,137,False,inf,no_recovery,15.88128399848938,14.56295670568943,nan,35.0087471306324,2.7691144049167633,-2.739957958459854,nan,low_late,5,2.6,structural,6.126494370400906,nan,7.36439120490104,-9.384593572467566,nan,nan,28.670047683641315,15.052434921264648,-40.26685021817684,136.64387725293636
30,6583.210778968589,6940.595040586166,166.42659671604633,0.6830923110246658,4.086219564080238,0.435666523873806,1.197448492050171,-1.5214126780629158,0.04123292863368988,-3.9052708968520164,-1.8739252835512161,dead_time,54,True,0.6009096687223423,land,-9.220762133598328,-14.33781611174345,0.002424774712991416,-15.247298032045364,-12.48551744222641,10.78731620311737,0.040320395554233536,low_late,6,2.6,structural,-23.410484701395035,0.12717346718105418,-19.05880135949701,9.744755327701569,0.0012161532500114761,1.802729006167027,12.411587942391634,10.040346145629883,111.55863106250763,-129.82418686151505
30,5868.779533402092,3989.208922520239,90.94572311267257,-1.445758081972599,-2.4120072722434998,2.2119922786951065,-5.7652726620435715,-3.1992993280291557,4.371361002326012,2.1307597532868385,-5.742198333144188,dead_time,46,True,0.6009016057365123,land,-7.117454886436462,7.697732925415039,0.0004312291022578128,-34.524074867367744,-3.530581384897232,6.213787257671356,0.0069179233175895435,low_late,7,2.6,structural,-12.3445705473423,0.02259442097513339,-2.565736356191337,6.167610939592123,0.00020552677479470063,1.8027048172095368,11.493641528300941,9.683262348175049,39.59660045802593,8.963333815336227
30,8425.897908471763,8218.018561391858,162.25807217881083,3.3218583911657333,2.7845477014780045,-0.4029766395688057,5.195376321673393,1.1832287684082985,-7.394505754113197,-1.372635804116726,2.3897245973348618,dead_time,350,False,inf,no_recovery,1.777489423751831,-7.035069592297077,nan,14.599166139960289,13.247960925102234,-14.259196251630783,nan,low_late,8,2.6,structural,17.373454056680202,nan,-11.347620612941682,-5.76557906717062,nan,nan,21.42400221992284,26.04411292076111,-112.44563981890678,-2.888963744044304
30,6169.561385718465,8982.764702197857,199.13286175578833,1.892506755888462,1.4996711611747742,3.7618260830640793,-3.3572901636362076,0.1844578981399536,-4.265023842453957,1.0984376594424248,4.361291348934174,dead_time,350,False,inf,no_recovery,-15.702363342046738,3.710419900715351,nan,-20.096019133925438,-6.529767692089081,-8.956890136003494,nan,low_late,9,2.6,structural,-5.744101136922836,nan,-14.970565526746213,-2.18576467782259,nan,nan,25.561352892778814,23.72986125946045,-152.04129964113235,88.68950307369232
30,9159.832889292611,8673.780663019517,146.27407791092992,2.514105498790741,0.007363989949226379,3.485489346086979,-2.3637696653604507,-3.9379465878009796,5.7680614441633224,2.7234810888767242,-2.572776183485985,engine_out,245,False,inf,no_recovery,3.7816728055477142,2.046357437968254,nan,-27.89749503135681,-11.260437071323395,-1.6798405349254608,nan,low_late,0,2.1 / 3.1,structural,-1.4642949774861336,nan,-4.263169062323868,7.997953701764345,nan,nan,18.889646573923528,27.86562418937683,-61.13053262233734,33.344220742583275
30,7435.148600832908,6691.348854742817,185.58813210576773,1.4966740310192108,6.87171895802021,-3.4566599652171135,-6.365963995456696,3.357637271285057,-2.6677211076021194,0.0075199902057647705,1.1830459386110306,engine_out,231,False,inf,no_recovery,-11.217069894075394,22.962392419576645,nan,22.256572619080544,10.006294250488281,5.147905707359314,nan,low_late,1,2.1 / 3.1,structural,7.627810180187225,nan,5.489914226345718,-4.013222772628069,nan,nan,14.945917839184403,26.674746990203857,61.80085018277168,111.86626181006432
30,4296.909745835809,7337.683426023001,148.1579184345901,3.7860123440623283,5.406655550003052,0.815579891204834,0.20649147033691406,2.3530070409178734,-1.5538489371538162,-0.28019608557224274,7.067954272031784,engine_out,216,False,inf,no_recovery,5.263038456439972,-19.2839847356081,nan,-13.048850074410439,-1.7244876027107239,3.575947344303131,nan,low_late,2,2.1 / 3.1,structural,-26.242674596607685,nan,8.566521848551929,-0.43598437681794167,nan,nan,5.741433013230562,25.041895151138306,1.8804118037223816,-197.67826981842518
30,8155.553740437288,5003.156454561273,109.89826112985611,-2.085846558213234,-3.091577932238579,2.5353269055485725,-4.772456452250481,0.9223729148507118,-5.8450730592012405,1.5058023780584335,3.4408621191978455,engine_out,217,False,inf,no_recovery,11.397524178028107,12.820904098451138,nan,-37.32555076479912,-14.261336594820023,15.422943353652954,nan,low_late,3,2.1 / 3.1,structural,-8.00933337956667,nan,-8.200520710088313,-10.77664852142334,nan,nan,18.165360721759498,24.658757209777832,148.47612045705318,62.75300718843937
30,5427.4069671226025,9232.005773158617,178.85187484323978,0.2090219482779503,3.7141259908676147,-0.8453286588191986,4.2043983191251755,-2.9445487782359123,6.889547511935234,-2.9975617080926895,-4.67614933848381,engine_out,188,False,inf,no_recovery,-13.737734615802765,-12.582906275987625,nan,17.417808026075363,0.9776690006256104,-7.096289187669754,nan,low_late,4,2.1 / 3.1,structural,18.286554217338562,nan,0.8633477939292789,12.066511128097773,nan,nan,28.095676352269948,22.894099950790405,-2.580402046442032,-69.21800300478935
30,4024.8555475674743,5531.122454938491,95.51612496376038,-2.5572413876652718,-4.717577755451202,-2.245781734585762,-1.7632938921451569,3.59604062885046,-3.192900314927101,0.6001531258225441,6.00973279774189,engine_out,252,False,inf,no_recovery,15.88128399848938,14.56295670568943,nan,35.0087471306324,2.7691144049167633,-2.739957958459854,nan,low_late,5,2.1 / 3.1,structural,6.126494370400906,nan,7.36439120490104,-9.384593572467566,nan,nan,28.670047683641315,28.939741134643555,-40.26685021817684,136.64387725293636
30,6583.210778968589,6940.595040586166,166.42659671604633,0.6830923110246658,4.086219564080238,0.435666523873806,1.197448492050171,-1.5214126780629158,0.04123292863368988,-3.9052708968520164,-1.8739252835512161,engine_out,172,False,inf,no_recovery,-9.220762133598328,-14.33781611174345,nan,-15.247298032045364,-12.48551744222641,10.78731620311737,nan,low_late,6,2.1 / 3.1,structural,-23.410484701395035,nan,-19.05880135949701,9.744755327701569,nan,nan,12.411587942391634,20.655110359191895,111.55863106250763,-129.82418686151505
30,5868.779533402092,3989.208922520239,90.94572311267257,-1.445758081972599,-2.4120072722434998,2.2119922786951065,-5.7652726620435715,-3.1992993280291557,4.371361002326012,2.1307597532868385,-5.742198333144188,engine_out,267,False,inf,no_recovery,-7.117454886436462,7.697732925415039,nan,-34.524074867367744,-3.530581384897232,6.213787257671356,nan,low_late,7,2.1 / 3.1,structural,-12.3445705473423,nan,-2.565736356191337,6.167610939592123,nan,nan,11.493641528300941,30.735342502593994,39.59660045802593,8.963333815336227
30,8425.897908471763,8218.018561391858,162.25807217881083,3.3218583911657333,2.7845477014780045,-0.4029766395688057,5.195376321673393,1.1832287684082985,-7.394505754113197,-1.372635804116726,2.3897245973348618,engine_out,203,False,inf,no_recovery,1.777489423751831,-7.035069592297077,nan,14.599166139960289,13.247960925102234,-14.259196251630783,nan,low_late,8,2.1 / 3.1,structural,17.373454056680202,nan,-11.347620612941682,-5.76557906717062,nan,nan,21.42400221992284,23.60974907875061,-112.44563981890678,-2.888963744044304
30,6169.561385718465,8982.764702197857,199.13286175578833,1.892506755888462,1.4996711611747742,3.7618260830640793,-3.3572901636362076,0.1844578981399536,-4.265023842453957,1.0984376594424248,4.361291348934174,engine_out,264,False,inf,no_recovery,-15.702363342046738,3.710419900715351,nan,-20.096019133925438,-6.529767692089081,-8.956890136003494,nan,low_late,9,2.1 / 3.1,structural,-5.744101136922836,nan,-14.970565526746213,-2.18576467782259,nan,nan,25.561352892778814,28.769306182861328,-152.04129964113235,88.68950307369232
30,9159.832889292611,8673.780663019517,146.27407791092992,2.514105498790741,0.007363989949226379,3.485489346086979,-2.3637696653604507,-3.9379465878009796,5.7680614441633224,2.7234810888767242,-2.572776183485985,erosion_drift,41,True,0.6010805269559358,land,3.7816728055477142,2.046357437968254,0.0012209808264856505,-27.89749503135681,-11.260437071323395,-1.6798405349254608,0.032704720036986365,low_late,0,2.10,time-varying multiplicative,-1.4642949774861336,0.05836933505578771,-4.263169062323868,7.997953701764345,0.00042156644418563696,1.8032415808678075,18.889646573923528,9.088502168655396,-61.13053262233734,33.344220742583275
30,7435.148600832908,6691.348854742817,185.58813210576773,1.4966740310192108,6.87171895802021,-3.4566599652171135,-6.365963995456696,3.357637271285057,-2.6677211076021194,0.0075199902057647705,1.1830459386110306,erosion_drift,84,True,0.6011381494171938,land,-11.217069894075394,22.962392419576645,0.002176766033373555,22.256572619080544,10.006294250488281,5.147905707359314,0.04915879939550914,low_late,1,2.10,time-varying multiplicative,7.627810180187225,0.1099186975906917,5.489914226345718,-4.013222772628069,0.0009358217722164867,1.8034144482515813,14.945917839184403,12.266000509262085,61.80085018277168,111.86626181006432
30,4296.909745835809,7337.683426023001,148.1579184345901,3.7860123440623283,5.406655550003052,0.815579891204834,0.20649147033691406,2.3530070409178734,-1.5538489371538162,-0.28019608557224274,7.067954272031784,erosion_drift,49,True,0.6012343185659152,land,5.263038456439972,-19.2839847356081,0.004059184420810243,-13.048850074410439,-1.7244876027107239,3.575947344303131,0.08426586140831215,low_late,2,2.10,time-varying multiplicative,-26.242674596607685,0.2122150114426955,8.566521848551929,-0.43598437681794167,0.001934256922520198,1.8037029556977457,5.741433013230562,9.335006952285767,1.8804118037223816,-197.67826981842518
30,8155.553740437288,5003.156454561273,109.89826112985611,-2.085846558213234,-3.091577932238579,2.5353269055485725,-4.772456452250481,0.9223729148507118,-5.8450730592012405,1.5058023780584335,3.4408621191978455,erosion_drift,27,True,0.6011338171414888,land,11.397524178028107,12.820904098451138,0.0019274010309129732,-37.32555076479912,-14.261336594820023,15.422943353652954,0.04494626713880334,low_late,3,2.10,time-varying multiplicative,-8.00933337956667,0.09631896048015767,-8.200520710088313,-10.77664852142334,0.0007879853568783533,1.8034014514244665,18.165360721759498,8.27744174003601,148.47612045705318,62.75300718843937
30,5427.4069671226025,9232.005773158617,178.85187484323978,0.2090219482779503,3.7141259908676147,-0.8453286588191986,4.2043983191251755,-2.9445487782359123,6.889547511935234,-2.9975617080926895,-4.67614933848381,erosion_drift,31,True,0.601141333085046,land,-13.737734615802765,-12.582906275987625,0.0020615800360344687,17.417808026075363,0.9776690006256104,-7.096289187669754,0.04722944780953916,low_late,4,2.10,time-varying multiplicative,18.286554217338562,0.10352857559911365,0.8633477939292789,12.066511128097773,0.0008584564216015728,1.8034239992551382,28.095676352269948,8.450206995010376,-2.580402046442032,-69.21800300478935
30,4024.8555475674743,5531.122454938491,95.51612496376038,-2.5572413876652718,-4.717577755451202,-2.245781734585762,-1.7632938921451569,3.59604062885046,-3.192900314927101,0.6001531258225441,6.00973279774189,erosion_drift,350,False,inf,no_recovery,15.88128399848938,14.56295670568943,nan,35.0087471306324,2.7691144049167633,-2.739957958459854,nan,low_late,5,2.10,time-varying multiplicative,6.126494370400906,nan,7.36439120490104,-9.384593572467566,nan,nan,28.670047683641315,26.49835705757141,-40.26685021817684,136.64387725293636
30,6583.210778968589,6940.595040586166,166.42659671604633,0.6830923110246658,4.086219564080238,0.435666523873806,1.197448492050171,-1.5214126780629158,0.04123292863368988,-3.9052708968520164,-1.8739252835512161,erosion_drift,38,True,0.6012194772472529,land,-9.220762133598328,-14.33781611174345,0.00341223159684552,-15.247298032045364,-12.48551744222641,10.78731620311737,0.07243327023261714,low_late,6,2.10,time-varying multiplicative,-23.410484701395035,0.17929095903818743,-19.05880135949701,9.744755327701569,0.00168867023468611,1.8036584317417588,12.411587942391634,9.254603624343872,111.55863106250763,-129.82418686151505
30,5868.779533402092,3989.208922520239,90.94572311267257,-1.445758081972599,-2.4120072722434998,2.2119922786951065,-5.7652726620435715,-3.1992993280291557,4.371361002326012,2.1307597532868385,-5.742198333144188,erosion_drift,67,True,0.6011425560275265,land,-7.117454886436462,7.697732925415039,0.0020819712080777553,-34.524074867367744,-3.530581384897232,6.213787257671356,0.047557274869098914,low_late,7,2.10,time-varying multiplicative,-12.3445705473423,0.10459428037272671,-2.565736356191337,6.167610939592123,0.0008679108462202725,1.8034276680825796,11.493641528300941,10.95436692237854,39.59660045802593,8.963333815336227
30,8425.897908471763,8218.018561391858,162.25807217881083,3.3218583911657333,2.7845477014780045,-0.4029766395688057,5.195376321673393,1.1832287684082985,-7.394505754113197,-1.372635804116726,2.3897245973348618,erosion_drift,58,True,0.6011489870264254,land,1.777489423751831,-7.035069592297077,0.0021872290492020584,14.599166139960289,13.247960925102234,-14.259196251630783,0.050177159375647776,low_late,8,2.10,time-varying multiplicative,17.373454056680202,0.1105256332962304,-11.347620612941682,-5.76557906717062,0.0009422542352644835,1.8034469610792763,21.42400221992284,10.416505813598633,-112.44563981890678,-2.888963744044304
30,6169.561385718465,8982.764702197857,199.13286175578833,1.892506755888462,1.4996711611747742,3.7618260830640793,-3.3572901636362076,0.1844578981399536,-4.265023842453957,1.0984376594424248,4.361291348934174,erosion_drift,350,False,inf,no_recovery,-15.702363342046738,3.710419900715351,nan,-20.096019133925438,-6.529767692089081,-8.956890136003494,nan,low_late,9,2.10,time-varying multiplicative,-5.744101136922836,nan,-14.970565526746213,-2.18576467782259,nan,nan,25.561352892778814,25.55240559577942,-152.04129964113235,88.68950307369232
30,9159.832889292611,8673.780663019517,146.27407791092992,2.514105498790741,0.007363989949226379,3.485489346086979,-2.3637696653604507,-3.9379465878009796,5.7680614441633224,2.7234810888767242,-2.572776183485985,gimbal_seized,28,True,0.600854381018589,land,3.7816728055477142,2.046357437968254,0.0030171226939212383,-27.89749503135681,-11.260437071323395,-1.6798405349254608,1.4124022343688492,low_late,0,1.7,structural,-1.4642949774861336,0.9825894179589526,-4.263169062323868,7.997953701764345,0.028256388816555903,1.8025631430557671,18.889646573923528,8.866836547851562,-61.13053262233734,33.344220742583275
30,7435.148600832908,6691.348854742817,185.58813210576773,1.4966740310192108,6.87171895802021,-3.4566599652171135,-6.365963995456696,3.357637271285057,-2.6677211076021194,0.0075199902057647705,1.1830459386110306,gimbal_seized,46,True,0.600876166101341,land,-11.217069894075394,22.962392419576645,0.003573165893590032,22.256572619080544,10.006294250488281,5.147905707359314,1.4157321026160343,low_late,1,1.7,structural,7.627810180187225,0.902426182905663,5.489914226345718,-4.013222772628069,0.026203087991099248,1.8026284983040228,14.945917839184403,10.640267848968506,61.80085018277168,111.86626181006432
30,4296.909745835809,7337.683426023001,148.1579184345901,3.7860123440623283,5.406655550003052,0.815579891204834,0.20649147033691406,2.3530070409178734,-1.5538489371538162,-0.28019608557224274,7.067954272031784,gimbal_seized,25,True,0.6009199224714955,land,5.263038456439972,-19.2839847356081,0.002538383376242878,-13.048850074410439,-1.7244876027107239,3.575947344303131,0.358938943202968,low_late,2,1.7,structural,-26.242674596607685,0.2839783789437169,8.566521848551929,-0.43598437681794167,0.007295169594081918,1.8027597674144864,5.741433013230562,7.748268365859985,1.8804118037223816,-197.67826981842518
30,8155.553740437288,5003.156454561273,109.89826112985611,-2.085846558213234,-3.091577932238579,2.5353269055485725,-4.772456452250481,0.9223729148507118,-5.8450730592012405,1.5058023780584335,3.4408621191978455,gimbal_seized,26,True,0.6008781494572853,land,11.397524178028107,12.820904098451138,0.0026187643403212404,-37.32555076479912,-14.261336594820023,15.422943353652954,0.7992768807737028,low_late,3,1.7,structural,-8.00933337956667,0.5738660011729936,-8.200520710088313,-10.77664852142334,0.01656966727937143,1.8026344483718562,18.165360721759498,7.94683575630188,148.47612045705318,62.75300718843937
30,5427.4069671226025,9232.005773158617,178.85187484323978,0.2090219482779503,3.7141259908676147,-0.8453286588191986,4.2043983191251755,-2.9445487782359123,6.889547511935234,-2.9975617080926895,-4.67614933848381,gimbal_seized,27,True,0.6009113604915991,land,-13.737734615802765,-12.582906275987625,0.0015107600354416298,17.417808026075363,0.9776690006256104,-7.096289187669754,0.24386930313485916,low_late,4,1.7,structural,18.286554217338562,0.19045742151195305,0.8633477939292789,12.066511128097773,0.005164592058900605,1.8027340814747974,28.095676352269948,8.521339416503906,-2.580402046442032,-69.21800300478935
30,4024.8555475674743,5531.122454938491,95.51612496376038,-2.5572413876652718,-4.717577755451202,-2.245781734585762,-1.7632938921451569,3.59604062885046,-3.192900314927101,0.6001531258225441,6.00973279774189,gimbal_seized,173,False,inf,no_recovery,15.88128399848938,14.56295670568943,nan,35.0087471306324,2.7691144049167633,-2.739957958459854,nan,low_late,5,1.7,structural,6.126494370400906,nan,7.36439120490104,-9.384593572467566,nan,nan,28.670047683641315,18.949061632156372,-40.26685021817684,136.64387725293636
30,6583.210778968589,6940.595040586166,166.42659671604633,0.6830923110246658,4.086219564080238,0.435666523873806,1.197448492050171,-1.5214126780629158,0.04123292863368988,-3.9052708968520164,-1.8739252835512161,gimbal_seized,41,True,0.6009126190110933,land,-9.220762133598328,-14.33781611174345,0.003168559408629882,-15.247298032045364,-12.48551744222641,10.78731620311737,0.12916334316322295,low_late,6,1.7,structural,-23.410484701395035,0.16498005611497416,-19.05880135949701,9.744755327701569,0.0015431315082520347,1.8027378570332797,12.411587942391634,9.95054817199707,111.55863106250763,-129.82418686151505
30,5868.779533402092,3989.208922520239,90.94572311267257,-1.445758081972599,-2.4120072722434998,2.2119922786951065,-5.7652726620435715,-3.1992993280291557,4.371361002326012,2.1307597532868385,-5.742198333144188,gimbal_seized,22,True,0.6008912428334371,land,-7.117454886436462,7.697732925415039,0.002382063264253737,-34.524074867367744,-3.530581384897232,6.213787257671356,0.7725963578001307,low_late,7,1.7,structural,-12.3445705473423,0.554753392954053,-2.565736356191337,6.167610939592123,0.015922281531188087,1.8026737285003114,11.493641528300941,8.136444807052612,39.59660045802593,8.963333815336227
30,8425.897908471763,8218.018561391858,162.25807217881083,3.3218583911657333,2.7845477014780045,-0.4029766395688057,5.195376321673393,1.1832287684082985,-7.394505754113197,-1.372635804116726,2.3897245973348618,gimbal_seized,29,True,0.60091462473334,land,1.777489423751831,-7.035069592297077,0.0023735938155220594,14.599166139960289,13.247960925102234,-14.259196251630783,0.24726129572557592,low_late,8,1.7,structural,17.373454056680202,0.16173222486705804,-11.347620612941682,-5.76557906717062,0.004093258754243571,1.80274387420002,21.42400221992284,8.755921125411987,-112.44563981890678,-2.888963744044304
30,6169.561385718465,8982.764702197857,199.13286175578833,1.892506755888462,1.4996711611747742,3.7618260830640793,-3.3572901636362076,0.1844578981399536,-4.265023842453957,1.0984376594424248,4.361291348934174,gimbal_seized,186,False,inf,no_recovery,-15.702363342046738,3.710419900715351,nan,-20.096019133925438,-6.529767692089081,-8.956890136003494,nan,low_late,9,1.7,structural,-5.744101136922836,nan,-14.970565526746213,-2.18576467782259,nan,nan,25.561352892778814,19.664485931396484,-152.04129964113235,88.68950307369232
30,9159.832889292611,8673.780663019517,146.27407791092992,2.514105498790741,0.007363989949226379,3.485489346086979,-2.3637696653604507,-3.9379465878009796,5.7680614441633224,2.7234810888767242,-2.572776183485985,gimbal_slow,48,True,0.6009021856128131,land,3.7816728055477142,2.046357437968254,0.00033322436421301025,-27.89749503135681,-11.260437071323395,-1.6798405349254608,0.004953700835212436,low_late,0,2.5,multiplicative,-1.4642949774861336,0.017719647515923014,-4.263169062323868,7.997953701764345,0.00017006770993971548,1.8027065568384393,18.889646573923528,9.547793626785278,-61.13053262233734,33.344220742583275
30,7435.148600832908,6691.348854742817,185.58813210576773,1.4966740310192108,6.87171895802021,-3.4566599652171135,-6.365963995456696,3.357637271285057,-2.6677211076021194,0.0075199902057647705,1.1830459386110306,gimbal_slow,21,False,inf,no_recovery,-11.217069894075394,22.962392419576645,nan,22.256572619080544,10.006294250488281,5.147905707359314,nan,low_late,1,2.5,multiplicative,7.627810180187225,nan,5.489914226345718,-4.013222772628069,nan,nan,14.945917839184403,7.922041416168213,61.80085018277168,111.86626181006432
30,4296.909745835809,7337.683426023001,148.1579184345901,3.7860123440623283,5.406655550003052,0.815579891204834,0.20649147033691406,2.3530070409178734,-1.5538489371538162,-0.28019608557224274,7.067954272031784,gimbal_slow,33,True,0.6009083590479397,land,5.263038456439972,-19.2839847356081,0.003013311727940214,-13.048850074410439,-1.7244876027107239,3.575947344303131,0.057865993979196,low_late,2,2.5,multiplicative,-26.242674596607685,0.15979109331415606,8.566521848551929,-0.43598437681794167,0.0014900627699382524,1.8027250771438192,5.741433013230562,8.313210010528564,1.8804118037223816,-197.67826981842518
30,8155.553740437288,5003.156454561273,109.89826112985611,-2.085846558213234,-3.091577932238579,2.5353269055485725,-4.772456452250481,0.9223729148507118,-5.8450730592012405,1.5058023780584335,3.4408621191978455,gimbal_slow,25,True,0.6009025108327437,land,11.397524178028107,12.820904098451138,0.0006626074652779065,-37.32555076479912,-14.261336594820023,15.422943353652954,0.01131277644573985,low_late,3,2.5,multiplicative,-8.00933337956667,0.03472420399576546,-8.200520710088313,-10.77664852142334,0.0003168715827866579,1.8027075324982311,18.165360721759498,7.992908239364624,148.47612045705318,62.75300718843937
30,5427.4069671226025,9232.005773158617,178.85187484323978,0.2090219482779503,3.7141259908676147,-0.8453286588191986,4.2043983191251755,-2.9445487782359123,6.889547511935234,-2.9975617080926895,-4.67614933848381,gimbal_slow,30,True,0.6009020162784046,land,-13.737734615802765,-12.582906275987625,3.730781300294746e-05,17.417808026075363,0.9776690006256104,-7.096289187669754,0.0016215528698000662,low_late,4,2.5,multiplicative,18.286554217338562,0.002079631531695938,0.8633477939292789,12.066511128097773,2.421661723689151e-05,1.8027060488352136,28.095676352269948,8.152052402496338,-2.580402046442032,-69.21800300478935
30,4024.8555475674743,5531.122454938491,95.51612496376038,-2.5572413876652718,-4.717577755451202,-2.245781734585762,-1.7632938921451569,3.59604062885046,-3.192900314927101,0.6001531258225441,6.00973279774189,gimbal_slow,193,False,inf,no_recovery,15.88128399848938,14.56295670568943,nan,35.0087471306324,2.7691144049167633,-2.739957958459854,nan,low_late,5,2.5,multiplicative,6.126494370400906,nan,7.36439120490104,-9.384593572467566,nan,nan,28.670047683641315,17.868735551834106,-40.26685021817684,136.64387725293636
30,6583.210778968589,6940.595040586166,166.42659671604633,0.6830923110246658,4.086219564080238,0.435666523873806,1.197448492050171,-1.5214126780629158,0.04123292863368988,-3.9052708968520164,-1.8739252835512161,gimbal_slow,34,True,0.6009118423398472,land,-9.220762133598328,-14.33781611174345,0.002530791968373039,-15.247298032045364,-12.48551744222641,10.78731620311737,0.0465581554726613,low_late,6,2.5,multiplicative,-23.410484701395035,0.13726729494637432,-19.05880135949701,9.744755327701569,0.0014157398767337189,1.8027355270195415,12.411587942391634,8.802510738372803,111.55863106250763,-129.82418686151505
30,5868.779533402092,3989.208922520239,90.94572311267257,-1.445758081972599,-2.4120072722434998,2.2119922786951065,-5.7652726620435715,-3.1992993280291557,4.371361002326012,2.1307597532868385,-5.742198333144188,gimbal_slow,28,True,0.6009017633675471,land,-7.117454886436462,7.697732925415039,0.000529940116548923,-34.524074867367744,-3.530581384897232,6.213787257671356,0.009012327064536751,low_late,7,2.5,multiplicative,-12.3445705473423,0.027886015949751618,-2.565736356191337,6.167610939592123,0.0002600511521200671,1.8027052901026412,11.493641528300941,8.356313228607178,39.59660045802593,8.963333815336227
30,8425.897908471763,8218.018561391858,162.25807217881083,3.3218583911657333,2.7845477014780045,-0.4029766395688057,5.195376321673393,1.1832287684082985,-7.394505754113197,-1.372635804116726,2.3897245973348618,gimbal_slow,34,True,0.6009084127519929,land,1.777489423751831,-7.035069592297077,0.00287709367808777,14.599166139960289,13.247960925102234,-14.259196251630783,0.05717455826821183,low_late,8,2.5,multiplicative,17.373454056680202,0.15095497904078334,-11.347620612941682,-5.76557906717062,0.001386174255217384,1.8027252382559789,21.42400221992284,8.578307628631592,-112.44563981890678,-2.888963744044304
30,6169.561385718465,8982.764702197857,199.13286175578833,1.892506755888462,1.4996711611747742,3.7618260830640793,-3.3572901636362076,0.1844578981399536,-4.265023842453957,1.0984376594424248,4.361291348934174,gimbal_slow,262,False,inf,no_recovery,-15.702363342046738,3.710419900715351,nan,-20.096019133925438,-6.529767692089081,-8.956890136003494,nan,low_late,9,2.5,multiplicative,-5.744101136922836,nan,-14.970565526746213,-2.18576467782259,nan,nan,25.561352892778814,21.478672981262207,-152.04129964113235,88.68950307369232
30,9159.832889292611,8673.780663019517,146.27407791092992,2.514105498790741,0.007363989949226379,3.485489346086979,-2.3637696653604507,-3.9379465878009796,5.7680614441633224,2.7234810888767242,-2.572776183485985,gimbal_underdamped,41,True,0.6009020320149132,land,3.7816728055477142,2.046357437968254,0.0005867151509531809,-27.89749503135681,-11.260437071323395,-1.6798405349254608,0.00958775736386083,low_late,0,2.3 / 2.8,multiplicative,-1.4642949774861336,0.031085569305428343,-4.263169062323868,7.997953701764345,0.00029225576889011553,1.8027060960447396,18.889646573923528,8.982841968536377,-61.13053262233734,33.344220742583275
30,7435.148600832908,6691.348854742817,185.58813210576773,1.4966740310192108,6.87171895802021,-3.4566599652171135,-6.365963995456696,3.357637271285057,-2.6677211076021194,0.0075199902057647705,1.1830459386110306,gimbal_underdamped,42,True,0.6009038532050696,land,-11.217069894075394,22.962392419576645,0.0018170345407462947,22.256572619080544,10.006294250488281,5.147905707359314,0.038968755237314676,low_late,1,2.3 / 2.8,multiplicative,7.627810180187225,0.09525681726203529,5.489914226345718,-4.013222772628069,0.0008613158080374223,1.8027115596152086,14.945917839184403,9.105353355407715,61.80085018277168,111.86626181006432
30,4296.909745835809,7337.683426023001,148.1579184345901,3.7860123440623283,5.406655550003052,0.815579891204834,0.20649147033691406,2.3530070409178734,-1.5538489371538162,-0.28019608557224274,7.067954272031784,gimbal_underdamped,30,True,0.6009070804886133,land,5.263038456439972,-19.2839847356081,0.002518970953407961,-13.048850074410439,-1.7244876027107239,3.575947344303131,0.04278426838406201,low_late,2,2.3 / 2.8,multiplicative,-26.242674596607685,0.13349930883937508,8.566521848551929,-0.43598437681794167,0.0012202573651059819,1.80272124146584,5.741433013230562,8.374686002731323,1.8804118037223816,-197.67826981842518
30,8155.553740437288,5003.156454561273,109.89826112985611,-2.085846558213234,-3.091577932238579,2.5353269055485725,-4.772456452250481,0.9223729148507118,-5.8450730592012405,1.5058023780584335,3.4408621191978455,gimbal_underdamped,26,True,0.6009021032597669,land,11.397524178028107,12.820904098451138,0.000819400897233468,-37.32555076479912,-14.261336594820023,15.422943353652954,0.013081471830279396,low_late,3,2.3 / 2.8,multiplicative,-8.00933337956667,0.04295425673412614,-8.200520710088313,-10.77664852142334,0.00038999569637304546,1.8027063097793008,18.165360721759498,8.200700998306274,148.47612045705318,62.75300718843937
30,5427.4069671226025,9232.005773158617,178.85187484323978,0.2090219482779503,3.7141259908676147,-0.8453286588191986,4.2043983191251755,-2.9445487782359123,6.889547511935234,-2.9975617080926895,-4.67614933848381,gimbal_underdamped,29,True,0.6009023906871566,land,-13.737734615802765,-12.582906275987625,2.2093771430112505e-05,17.417808026075363,0.9776690006256104,-7.096289187669754,0.0020600278518608474,low_late,4,2.3 / 2.8,multiplicative,18.286554217338562,0.0011771438728107844,0.8633477939292789,12.066511128097773,1.3816370342665373e-05,1.8027071720614696,28.095676352269948,8.24442744255066,-2.580402046442032,-69.21800300478935
30,4024.8555475674743,5531.122454938491,95.51612496376038,-2.5572413876652718,-4.717577755451202,-2.245781734585762,-1.7632938921451569,3.59604062885046,-3.192900314927101,0.6001531258225441,6.00973279774189,gimbal_underdamped,188,False,inf,no_recovery,15.88128399848938,14.56295670568943,nan,35.0087471306324,2.7691144049167633,-2.739957958459854,nan,low_late,5,2.3 / 2.8,multiplicative,6.126494370400906,nan,7.36439120490104,-9.384593572467566,nan,nan,28.670047683641315,17.292712450027466,-40.26685021817684,136.64387725293636
30,6583.210778968589,6940.595040586166,166.42659671604633,0.6830923110246658,4.086219564080238,0.435666523873806,1.197448492050171,-1.5214126780629158,0.04123292863368988,-3.9052708968520164,-1.8739252835512161,gimbal_underdamped,49,True,0.6009083994782903,land,-9.220762133598328,-14.33781611174345,0.002045199937980538,-15.247298032045364,-12.48551744222641,10.78731620311737,0.03929944780632424,low_late,6,2.3 / 2.8,multiplicative,-23.410484701395035,0.10767182824019951,-19.05880135949701,9.744755327701569,0.001022948640769372,1.8027251984348711,12.411587942391634,9.659129858016968,111.55863106250763,-129.82418686151505
30,5868.779533402092,3989.208922520239,90.94572311267257,-1.445758081972599,-2.4120072722434998,2.2119922786951065,-5.7652726620435715,-3.1992993280291557,4.371361002326012,2.1307597532868385,-5.742198333144188,gimbal_underdamped,37,True,0.6009020217447659,land,-7.117454886436462,7.697732925415039,0.00030636922613676396,-34.524074867367744,-3.530581384897232,6.213787257671356,0.006418673383953718,low_late,7,2.3 / 2.8,multiplicative,-12.3445705473423,0.016119221066111567,-2.565736356191337,6.167610939592123,0.00015159065949693775,1.8027060652342977,11.493641528300941,8.781590223312378,39.59660045802593,8.963333815336227
30,8425.897908471763,8218.018561391858,162.25807217881083,3.3218583911657333,2.7845477014780045,-0.4029766395688057,5.195376321673393,1.1832287684082985,-7.394505754113197,-1.372635804116726,2.3897245973348618,gimbal_underdamped,29,True,0.600925029942188,land,1.777489423751831,-7.035069592297077,0.00215529573206471,14.599166139960289,13.247960925102234,-14.259196251630783,0.04134469640450163,low_late,8,2.3 / 2.8,multiplicative,17.373454056680202,0.11235429819693445,-11.347620612941682,-5.76557906717062,0.001005940640358823,1.802775089826564,21.42400221992284,8.26627516746521,-112.44563981890678,-2.888963744044304
30,6169.561385718465,8982.764702197857,199.13286175578833,1.892506755888462,1.4996711611747742,3.7618260830640793,-3.3572901636362076,0.1844578981399536,-4.265023842453957,1.0984376594424248,4.361291348934174,gimbal_underdamped,261,False,inf,no_recovery,-15.702363342046738,3.710419900715351,nan,-20.096019133925438,-6.529767692089081,-8.956890136003494,nan,low_late,9,2.3 / 2.8,multiplicative,-5.744101136922836,nan,-14.970565526746213,-2.18576467782259,nan,nan,25.561352892778814,19.29791522026062,-152.04129964113235,88.68950307369232
30,9159.832889292611,8673.780663019517,146.27407791092992,2.514105498790741,0.007363989949226379,3.485489346086979,-2.3637696653604507,-3.9379465878009796,5.7680614441633224,2.7234810888767242,-2.572776183485985,healthy,43,True,0.6009022779039958,land,3.7816728055477142,2.046357437968254,0.00047478640067966283,-27.89749503135681,-11.260437071323395,-1.6798405349254608,0.0077503846585466225,low_late,0,—,none,-1.4642949774861336,0.02499071781252994,-4.263169062323868,7.997953701764345,0.00023034488981063856,1.8027068337119874,18.889646573923528,8.1372811794281,-61.13053262233734,33.344220742583275
30,7435.148600832908,6691.348854742817,185.58813210576773,1.4966740310192108,6.87171895802021,-3.4566599652171135,-6.365963995456696,3.357637271285057,-2.6677211076021194,0.0075199902057647705,1.1830459386110306,healthy,59,True,0.6009037058825525,land,-11.217069894075394,22.962392419576645,0.0015106985855513756,22.256572619080544,10.006294250488281,5.147905707359314,0.024151369470088387,low_late,1,—,none,7.627810180187225,0.07962605189253445,5.489914226345718,-4.013222772628069,0.000721049075832322,1.8027111176476576,14.945917839184403,9.215125322341919,61.80085018277168,111.86626181006432
30,4296.909745835809,7337.683426023001,148.1579184345901,3.7860123440623283,5.406655550003052,0.815579891204834,0.20649147033691406,2.3530070409178734,-1.5538489371538162,-0.28019608557224274,7.067954272031784,healthy,40,True,0.6009081003684636,land,5.263038456439972,-19.2839847356081,0.0029841323117903444,-13.048850074410439,-1.7244876027107239,3.575947344303131,0.05111725634637172,low_late,2,—,none,-26.242674596607685,0.15745159774223877,8.566521848551929,-0.43598437681794167,0.0014396939128573712,1.802724301105391,5.741433013230562,7.967586278915405,1.8804118037223816,-197.67826981842518
30,8155.553740437288,5003.156454561273,109.89826112985611,-2.085846558213234,-3.091577932238579,2.5353269055485725,-4.772456452250481,0.9223729148507118,-5.8450730592012405,1.5058023780584335,3.4408621191978455,healthy,29,True,0.6009018714524709,land,11.397524178028107,12.820904098451138,0.0004696057008166872,-37.32555076479912,-14.261336594820023,15.422943353652954,0.007677904643441895,low_late,3,—,none,-8.00933337956667,0.024610228814146498,-8.200520710088313,-10.77664852142334,0.00022316686551934886,1.8027056143574125,18.165360721759498,7.424265384674072,148.47612045705318,62.75300718843937
30,5427.4069671226025,9232.005773158617,178.85187484323978,0.2090219482779503,3.7141259908676147,-0.8453286588191986,4.2043983191251755,-2.9445487782359123,6.889547511935234,-2.9975617080926895,-4.67614933848381,healthy,28,True,0.6009026623318591,land,-13.737734615802765,-12.582906275987625,5.680263600228489e-06,17.417808026075363,0.9776690006256104,-7.096289187669754,0.0014284356729237636,low_late,4,—,none,18.286554217338562,0.00028751797589496466,0.8633477939292789,12.066511128097773,2.704251409678485e-06,1.8027079869955773,28.095676352269948,7.512545108795166,-2.580402046442032,-69.21800300478935
30,4024.8555475674743,5531.122454938491,95.51612496376038,-2.5572413876652718,-4.717577755451202,-2.245781734585762,-1.7632938921451569,3.59604062885046,-3.192900314927101,0.6001531258225441,6.00973279774189,healthy,350,False,inf,no_recovery,15.88128399848938,14.56295670568943,nan,35.0087471306324,2.7691144049167633,-2.739957958459854,nan,low_late,5,—,none,6.126494370400906,nan,7.36439120490104,-9.384593572467566,nan,nan,28.670047683641315,23.27420997619629,-40.26685021817684,136.64387725293636
30,6583.210778968589,6940.595040586166,166.42659671604633,0.6830923110246658,4.086219564080238,0.435666523873806,1.197448492050171,-1.5214126780629158,0.04123292863368988,-3.9052708968520164,-1.8739252835512161,healthy,39,True,0.6009103861497962,land,-9.220762133598328,-14.33781611174345,0.002010031005469542,-15.247298032045364,-12.48551744222641,10.78731620311737,0.03793607255516482,low_late,6,—,none,-23.410484701395035,0.10911385868139818,-19.05880135949701,9.744755327701569,0.0011383084166927324,1.8027311584493886,12.411587942391634,8.15481972694397,111.55863106250763,-129.82418686151505
30,5868.779533402092,3989.208922520239,90.94572311267257,-1.445758081972599,-2.4120072722434998,2.2119922786951065,-5.7652726620435715,-3.1992993280291557,4.371361002326012,2.1307597532868385,-5.742198333144188,healthy,48,True,0.6009016902741392,land,-7.117454886436462,7.697732925415039,0.0004064143036046612,-34.524074867367744,-3.530581384897232,6.213787257671356,0.006603939480522509,low_late,7,—,none,-12.3445705473423,0.021283800124821475,-2.565736356191337,6.167610939592123,0.00019357787520294384,1.8027050708224175,11.493641528300941,8.703426361083984,39.59660045802593,8.963333815336227
30,8425.897908471763,8218.018561391858,162.25807217881083,3.3218583911657333,2.7845477014780045,-0.4029766395688057,5.195376321673393,1.1832287684082985,-7.394505754113197,-1.372635804116726,2.3897245973348618,healthy,40,True,0.6009037186148656,land,1.777489423751831,-7.035069592297077,0.002127689569249969,14.599166139960289,13.247960925102234,-14.259196251630783,0.03614071932722315,low_late,8,—,none,17.373454056680202,0.11163801398604838,-11.347620612941682,-5.76557906717062,0.001016163974690864,1.8027111558445967,21.42400221992284,8.160789728164673,-112.44563981890678,-2.888963744044304
30,6169.561385718465,8982.764702197857,199.13286175578833,1.892506755888462,1.4996711611747742,3.7618260830640793,-3.3572901636362076,0.1844578981399536,-4.265023842453957,1.0984376594424248,4.361291348934174,healthy,350,False,inf,no_recovery,-15.702363342046738,3.710419900715351,nan,-20.096019133925438,-6.529767692089081,-8.956890136003494,nan,low_late,9,—,none,-5.744101136922836,nan,-14.970565526746213,-2.18576467782259,nan,nan,25.561352892778814,21.826691389083862,-152.04129964113235,88.68950307369232
30,9159.832889292611,8673.780663019517,146.27407791092992,2.514105498790741,0.007363989949226379,3.485489346086979,-2.3637696653604507,-3.9379465878009796,5.7680614441633224,2.7234810888767242,-2.572776183485985,mixture_ratio,37,True,0.600913576854077,land,3.7816728055477142,2.046357437968254,0.0018126188256802984,-27.89749503135681,-11.260437071323395,-1.6798405349254608,0.03100125885529877,low_late,0,2.4,multiplicative (coupled),-1.4642949774861336,0.09680645582556571,-4.263169062323868,7.997953701764345,0.0009271241308023237,1.802740730562231,18.889646573923528,9.338468074798584,-61.13053262233734,33.344220742583275
30,7435.148600832908,6691.348854742817,185.58813210576773,1.4966740310192108,6.87171895802021,-3.4566599652171135,-6.365963995456696,3.357637271285057,-2.6677211076021194,0.0075199902057647705,1.1830459386110306,mixture_ratio,38,True,0.6009033090871901,land,-11.217069894075394,22.962392419576645,0.00043587945353907865,22.256572619080544,10.006294250488281,5.147905707359314,0.006649788288864546,low_late,1,2.4,multiplicative (coupled),7.627810180187225,0.02388825828579539,5.489914226345718,-4.013222772628069,0.00024340155335332114,1.8027099272615703,14.945917839184403,8.542565107345581,61.80085018277168,111.86626181006432
30,4296.909745835809,7337.683426023001,148.1579184345901,3.7860123440623283,5.406655550003052,0.815579891204834,0.20649147033691406,2.3530070409178734,-1.5538489371538162,-0.28019608557224274,7.067954272031784,mixture_ratio,29,True,0.60103572424799,land,5.263038456439972,-19.2839847356081,0.0031696474089111166,-13.048850074410439,-1.7244876027107239,3.575947344303131,0.058272560005227764,low_late,2,2.4,multiplicative (coupled),-26.242674596607685,0.1691697411449275,8.566521848551929,-0.43598437681794167,0.001591149354705192,1.80310717274397,5.741433013230562,8.01686978340149,1.8804118037223816,-197.67826981842518
30,8155.553740437288,5003.156454561273,109.89826112985611,-2.085846558213234,-3.091577932238579,2.5353269055485725,-4.772456452250481,0.9223729148507118,-5.8450730592012405,1.5058023780584335,3.4408621191978455,mixture_ratio,33,True,0.6009908670192707,land,11.397524178028107,12.820904098451138,0.000894813633981239,-37.32555076479912,-14.261336594820023,15.422943353652954,0.016315641921965347,low_late,3,2.4,multiplicative (coupled),-8.00933337956667,0.04773607826476522,-8.200520710088313,-10.77664852142334,0.0004596466496630179,1.8029726010578122,18.165360721759498,8.732994794845581,148.47612045705318,62.75300718843937
30,5427.4069671226025,9232.005773158617,178.85187484323978,0.2090219482779503,3.7141259908676147,-0.8453286588191986,4.2043983191251755,-2.9445487782359123,6.889547511935234,-2.9975617080926895,-4.67614933848381,mixture_ratio,33,True,0.6010078486366282,land,-13.737734615802765,-12.582906275987625,0.0010593130161783433,17.417808026075363,0.9776690006256104,-7.096289187669754,0.01928970979165264,low_late,4,2.4,multiplicative (coupled),18.286554217338562,0.05645332627898838,0.8633477939292789,12.066511128097773,0.0005417795027970443,1.8030235459098845,28.095676352269948,9.126405000686646,-2.580402046442032,-69.21800300478935
30,4024.8555475674743,5531.122454938491,95.51612496376038,-2.5572413876652718,-4.717577755451202,-2.245781734585762,-1.7632938921451569,3.59604062885046,-3.192900314927101,0.6001531258225441,6.00973279774189,mixture_ratio,166,False,inf,no_recovery,15.88128399848938,14.56295670568943,nan,35.0087471306324,2.7691144049167633,-2.739957958459854,nan,low_late,5,2.4,multiplicative (coupled),6.126494370400906,nan,7.36439120490104,-9.384593572467566,nan,nan,28.670047683641315,17.37855577468872,-40.26685021817684,136.64387725293636
30,6583.210778968589,6940.595040586166,166.42659671604633,0.6830923110246658,4.086219564080238,0.435666523873806,1.197448492050171,-1.5214126780629158,0.04123292863368988,-3.9052708968520164,-1.8739252835512161,mixture_ratio,59,True,0.6012373455941332,land,-9.220762133598328,-14.33781611174345,0.0023405592529341045,-15.247298032045364,-12.48551744222641,10.78731620311737,0.05365097555322632,low_late,6,2.4,multiplicative (coupled),-23.410484701395035,0.12714340370046542,-19.05880135949701,9.744755327701569,0.0013236986199272932,1.8037120367823996,12.411587942391634,10.250349760055542,111.55863106250763,-129.82418686151505
30,5868.779533402092,3989.208922520239,90.94572311267257,-1.445758081972599,-2.4120072722434998,2.2119922786951065,-5.7652726620435715,-3.1992993280291557,4.371361002326012,2.1307597532868385,-5.742198333144188,mixture_ratio,36,True,0.6009858965434977,land,-7.117454886436462,7.697732925415039,0.00084513960726514,-34.524074867367744,-3.530581384897232,6.213787257671356,0.015467305660793745,low_late,7,2.4,multiplicative (coupled),-12.3445705473423,0.045048500113875775,-2.565736356191337,6.167610939592123,0.00043309909823992455,1.8029576896304929,11.493641528300941,8.890080213546753,39.59660045802593,8.963333815336227
30,8425.897908471763,8218.018561391858,162.25807217881083,3.3218583911657333,2.7845477014780045,-0.4029766395688057,5.195376321673393,1.1832287684082985,-7.394505754113197,-1.372635804116726,2.3897245973348618,mixture_ratio,350,False,inf,no_recovery,1.777489423751831,-7.035069592297077,nan,14.599166139960289,13.247960925102234,-14.259196251630783,nan,low_late,8,2.4,multiplicative (coupled),17.373454056680202,nan,-11.347620612941682,-5.76557906717062,nan,nan,21.42400221992284,28.58072590827942,-112.44563981890678,-2.888963744044304
30,6169.561385718465,8982.764702197857,199.13286175578833,1.892506755888462,1.4996711611747742,3.7618260830640793,-3.3572901636362076,0.1844578981399536,-4.265023842453957,1.0984376594424248,4.361291348934174,mixture_ratio,145,False,inf,no_recovery,-15.702363342046738,3.710419900715351,nan,-20.096019133925438,-6.529767692089081,-8.956890136003494,nan,low_late,9,2.4,multiplicative (coupled),-5.744101136922836,nan,-14.970565526746213,-2.18576467782259,nan,nan,25.561352892778814,16.35027241706848,-152.04129964113235,88.68950307369232
30,9159.832889292611,8673.780663019517,146.27407791092992,2.514105498790741,0.007363989949226379,3.485489346086979,-2.3637696653604507,-3.9379465878009796,5.7680614441633224,2.7234810888767242,-2.572776183485985,slow_thrust,54,True,0.6009010705238379,land,3.7816728055477142,2.046357437968254,0.0020838086396473836,-27.89749503135681,-11.260437071323395,-1.6798405349254608,0.03607806822866379,low_late,0,2.5,multiplicative,-1.4642949774861336,0.1110532655479524,-4.263169062323868,7.997953701764345,0.0010597742488808806,1.8027032115715136,18.889646573923528,10.630584478378296,-61.13053262233734,33.344220742583275
30,7435.148600832908,6691.348854742817,185.58813210576773,1.4966740310192108,6.87171895802021,-3.4566599652171135,-6.365963995456696,3.357637271285057,-2.6677211076021194,0.0075199902057647705,1.1830459386110306,slow_thrust,51,True,0.600911658478589,land,-11.217069894075394,22.962392419576645,0.002691912084436443,22.256572619080544,10.006294250488281,5.147905707359314,0.04594815930309005,low_late,1,2.5,multiplicative,7.627810180187225,0.14605064064621268,5.489914226345718,-4.013222772628069,0.0014379443525871646,1.8027349754357669,14.945917839184403,9.52027440071106,61.80085018277168,111.86626181006432
30,4296.909745835809,7337.683426023001,148.1579184345901,3.7860123440623283,5.406655550003052,0.815579891204834,0.20649147033691406,2.3530070409178734,-1.5538489371538162,-0.28019608557224274,7.067954272031784,slow_thrust,28,True,0.6009297774459396,land,5.263038456439972,-19.2839847356081,0.00213554579263489,-13.048850074410439,-1.7244876027107239,3.575947344303131,0.05064153811949137,low_late,2,2.5,multiplicative,-26.242674596607685,0.1175442545740519,8.566521848551929,-0.43598437681794167,0.0012890104241017502,1.8027893323378186,5.741433013230562,8.281996965408325,1.8804118037223816,-197.67826981842518
30,8155.553740437288,5003.156454561273,109.89826112985611,-2.085846558213234,-3.091577932238579,2.5353269055485725,-4.772456452250481,0.9223729148507118,-5.8450730592012405,1.5058023780584335,3.4408621191978455,slow_thrust,30,True,0.6009008882495395,land,11.397524178028107,12.820904098451138,0.001559053064536324,-37.32555076479912,-14.261336594820023,15.422943353652954,0.02707926206825079,low_late,3,2.5,multiplicative,-8.00933337956667,0.0828148375825865,-8.200520710088313,-10.77664852142334,0.0007857128491405619,1.8027026647486184,18.165360721759498,8.355429649353027,148.47612045705318,62.75300718843937
30,5427.4069671226025,9232.005773158617,178.85187484323978,0.2090219482779503,3.7141259908676147,-0.8453286588191986,4.2043983191251755,-2.9445487782359123,6.889547511935234,-2.9975617080926895,-4.67614933848381,slow_thrust,39,True,0.6009009299113032,land,-13.737734615802765,-12.582906275987625,0.0015371427381427165,17.417808026075363,0.9776690006256104,-7.096289187669754,0.026558140727237382,low_late,4,2.5,multiplicative,18.286554217338562,0.08159953477670316,0.8633477939292789,12.066511128097773,0.000771842430290308,1.8027027897339094,28.095676352269948,9.746401309967041,-2.580402046442032,-69.21800300478935
30,4024.8555475674743,5531.122454938491,95.51612496376038,-2.5572413876652718,-4.717577755451202,-2.245781734585762,-1.7632938921451569,3.59604062885046,-3.192900314927101,0.6001531258225441,6.00973279774189,slow_thrust,283,False,inf,no_recovery,15.88128399848938,14.56295670568943,nan,35.0087471306324,2.7691144049167633,-2.739957958459854,nan,low_late,5,2.5,multiplicative,6.126494370400906,nan,7.36439120490104,-9.384593572467566,nan,nan,28.670047683641315,25.30225682258606,-40.26685021817684,136.64387725293636
30,6583.210778968589,6940.595040586166,166.42659671604633,0.6830923110246658,4.086219564080238,0.435666523873806,1.197448492050171,-1.5214126780629158,0.04123292863368988,-3.9052708968520164,-1.8739252835512161,slow_thrust,31,True,0.6012350836927216,land,-9.220762133598328,-14.33781611174345,0.0008354432551046646,-15.247298032045364,-12.48551744222641,10.78731620311737,0.017578310202953727,low_late,6,2.5,multiplicative,-23.410484701395035,0.04969474113683565,-19.05880135949701,9.744755327701569,0.0006813284728431747,1.8037052510781648,12.411587942391634,8.483567476272583,111.55863106250763,-129.82418686151505
30,5868.779533402092,3989.208922520239,90.94572311267257,-1.445758081972599,-2.4120072722434998,2.2119922786951065,-5.7652726620435715,-3.1992993280291557,4.371361002326012,2.1307597532868385,-5.742198333144188,slow_thrust,35,True,0.600983306104086,land,-7.117454886436462,7.697732925415039,0.0006569748251336309,-34.524074867367744,-3.530581384897232,6.213787257671356,0.012612621050692833,low_late,7,2.5,multiplicative,-12.3445705473423,0.03509415118719534,-2.565736356191337,6.167610939592123,0.00034108741025137737,1.802949918312258,11.493641528300941,8.848636865615845,39.59660045802593,8.963333815336227
30,8425.897908471763,8218.018561391858,162.25807217881083,3.3218583911657333,2.7845477014780045,-0.4029766395688057,5.195376321673393,1.1832287684082985,-7.394505754113197,-1.372635804116726,2.3897245973348618,slow_thrust,350,False,inf,no_recovery,1.777489423751831,-7.035069592297077,nan,14.599166139960289,13.247960925102234,-14.259196251630783,nan,low_late,8,2.5,multiplicative,17.373454056680202,nan,-11.347620612941682,-5.76557906717062,nan,nan,21.42400221992284,28.13093328475952,-112.44563981890678,-2.888963744044304
30,6169.561385718465,8982.764702197857,199.13286175578833,1.892506755888462,1.4996711611747742,3.7618260830640793,-3.3572901636362076,0.1844578981399536,-4.265023842453957,1.0984376594424248,4.361291348934174,slow_thrust,254,False,inf,no_recovery,-15.702363342046738,3.710419900715351,nan,-20.096019133925438,-6.529767692089081,-8.956890136003494,nan,low_late,9,2.5,multiplicative,-5.744101136922836,nan,-14.970565526746213,-2.18576467782259,nan,nan,25.561352892778814,24.799578189849854,-152.04129964113235,88.68950307369232
30,9159.832889292611,8673.780663019517,146.27407791092992,2.514105498790741,0.007363989949226379,3.485489346086979,-2.3637696653604507,-3.9379465878009796,5.7680614441633224,2.7234810888767242,-2.572776183485985,thrust_excess,43,True,0.6009187328689737,land,3.7816728055477142,2.046357437968254,0.00024706678200537825,-27.89749503135681,-11.260437071323395,-1.6798405349254608,0.004605756084427962,low_late,0,2.2,multiplicative,-1.4642949774861336,0.012999115980168174,-4.263169062323868,7.997953701764345,0.00012181414260538957,1.802756198606921,18.889646573923528,9.503487348556519,-61.13053262233734,33.344220742583275
30,7435.148600832908,6691.348854742817,185.58813210576773,1.4966740310192108,6.87171895802021,-3.4566599652171135,-6.365963995456696,3.357637271285057,-2.6677211076021194,0.0075199902057647705,1.1830459386110306,thrust_excess,86,True,0.6009842555941256,land,-11.217069894075394,22.962392419576645,0.0025290716080036764,22.256572619080544,10.006294250488281,5.147905707359314,0.040075271014536465,low_late,1,2.2,multiplicative,7.627810180187225,0.1323343097537008,5.489914226345718,-4.013222772628069,0.001179297514465425,1.8029527667823768,14.945917839184403,12.101445436477661,61.80085018277168,111.86626181006432
30,4296.909745835809,7337.683426023001,148.1579184345901,3.7860123440623283,5.406655550003052,0.815579891204834,0.20649147033691406,2.3530070409178734,-1.5538489371538162,-0.28019608557224274,7.067954272031784,thrust_excess,36,True,0.6009027469713436,land,5.263038456439972,-19.2839847356081,0.0030454691272136522,-13.048850074410439,-1.7244876027107239,3.575947344303131,0.04742034916826895,low_late,2,2.2,multiplicative,-26.242674596607685,0.15966846898089185,8.566521848551929,-0.43598437681794167,0.0013856716242569194,1.8027082409140307,5.741433013230562,8.68235731124878,1.8804118037223816,-197.67826981842518
30,8155.553740437288,5003.156454561273,109.89826112985611,-2.085846558213234,-3.091577932238579,2.5353269055485725,-4.772456452250481,0.9223729148507118,-5.8450730592012405,1.5058023780584335,3.4408621191978455,thrust_excess,26,True,0.6009440239250007,land,11.397524178028107,12.820904098451138,0.0013006596034745243,-37.32555076479912,-14.261336594820023,15.422943353652954,0.019806148165282526,low_late,3,2.2,multiplicative,-8.00933337956667,0.06786133263388094,-8.200520710088313,-10.77664852142334,0.0006052340115252608,1.8028320717750022,18.165360721759498,8.244070053100586,148.47612045705318,62.75300718843937
30,5427.4069671226025,9232.005773158617,178.85187484323978,0.2090219482779503,3.7141259908676147,-0.8453286588191986,4.2043983191251755,-2.9445487782359123,6.889547511935234,-2.9975617080926895,-4.67614933848381,thrust_excess,32,True,0.6009283687898271,land,-13.737734615802765,-12.582906275987625,0.0008320116899468152,17.417808026075363,0.9776690006256104,-7.096289187669754,0.012712671515533186,low_late,4,2.2,multiplicative,18.286554217338562,0.04337884354051971,0.8633477939292789,12.066511128097773,0.00038605942006842277,1.8027851063694815,28.095676352269948,8.484874248504639,-2.580402046442032,-69.21800300478935
30,4024.8555475674743,5531.122454938491,95.51612496376038,-2.5572413876652718,-4.717577755451202,-2.245781734585762,-1.7632938921451569,3.59604062885046,-3.192900314927101,0.6001531258225441,6.00973279774189,thrust_excess,307,False,inf,no_recovery,15.88128399848938,14.56295670568943,nan,35.0087471306324,2.7691144049167633,-2.739957958459854,nan,low_late,5,2.2,multiplicative,6.126494370400906,nan,7.36439120490104,-9.384593572467566,nan,nan,28.670047683641315,24.482170820236206,-40.26685021817684,136.64387725293636
30,6583.210778968589,6940.595040586166,166.42659671604633,0.6830923110246658,4.086219564080238,0.435666523873806,1.197448492050171,-1.5214126780629158,0.04123292863368988,-3.9052708968520164,-1.8739252835512161,thrust_excess,35,True,0.6009028715364338,land,-9.220762133598328,-14.33781611174345,0.00172740018303643,-15.247298032045364,-12.48551744222641,10.78731620311737,0.026737958977638,low_late,6,2.2,multiplicative,-23.410484701395035,0.08967551048402428,-19.05880135949701,9.744755327701569,0.0008304803622749538,1.8027086146093014,12.411587942391634,8.640539646148682,111.55863106250763,-129.82418686151505
30,5868.779533402092,3989.208922520239,90.94572311267257,-1.445758081972599,-2.4120072722434998,2.2119922786951065,-5.7652726620435715,-3.1992993280291557,4.371361002326012,2.1307597532868385,-5.742198333144188,thrust_excess,34,True,0.6009010529468736,land,-7.117454886436462,7.697732925415039,0.0010296307450789015,-34.524074867367744,-3.530581384897232,6.213787257671356,0.015487369862538137,low_late,7,2.2,multiplicative,-12.3445705473423,0.05359780725072361,-2.565736356191337,6.167610939592123,0.00047462980227175756,1.8027031588406206,11.493641528300941,8.814789533615112,39.59660045802593,8.963333815336227
30,8425.897908471763,8218.018561391858,162.25807217881083,3.3218583911657333,2.7845477014780045,-0.4029766395688057,5.195376321673393,1.1832287684082985,-7.394505754113197,-1.372635804116726,2.3897245973348618,thrust_excess,45,True,0.6009014615749912,land,1.777489423751831,-7.035069592297077,0.002348977463241183,14.599166139960289,13.247960925102234,-14.259196251630783,0.036988411815780706,low_late,8,2.2,multiplicative,17.373454056680202,0.12237987743219102,-11.347620612941682,-5.76557906717062,0.001081781445273627,1.8027043847249737,21.42400221992284,9.296821117401123,-112.44563981890678,-2.888963744044304
30,6169.561385718465,8982.764702197857,199.13286175578833,1.892506755888462,1.4996711611747742,3.7618260830640793,-3.3572901636362076,0.1844578981399536,-4.265023842453957,1.0984376594424248,4.361291348934174,thrust_excess,235,False,inf,no_recovery,-15.702363342046738,3.710419900715351,nan,-20.096019133925438,-6.529767692089081,-8.956890136003494,nan,low_late,9,2.2,multiplicative,-5.744101136922836,nan,-14.970565526746213,-2.18576467782259,nan,nan,25.561352892778814,21.63563108444214,-152.04129964113235,88.68950307369232
30,9159.832889292611,8673.780663019517,146.27407791092992,2.514105498790741,0.007363989949226379,3.485489346086979,-2.3637696653604507,-3.9379465878009796,5.7680614441633224,2.7234810888767242,-2.572776183485985,thrust_loss_50,350,False,inf,no_recovery,3.7816728055477142,2.046357437968254,nan,-27.89749503135681,-11.260437071323395,-1.6798405349254608,nan,low_late,0,2.1,multiplicative,-1.4642949774861336,nan,-4.263169062323868,7.997953701764345,nan,nan,18.889646573923528,24.558858156204224,-61.13053262233734,33.344220742583275
30,7435.148600832908,6691.348854742817,185.58813210576773,1.4966740310192108,6.87171895802021,-3.4566599652171135,-6.365963995456696,3.357637271285057,-2.6677211076021194,0.0075199902057647705,1.1830459386110306,thrust_loss_50,34,True,0.6009707779703323,land,-11.217069894075394,22.962392419576645,0.000994686379037534,22.256572619080544,10.006294250488281,5.147905707359314,0.03482724133408653,low_late,1,2.1,multiplicative,7.627810180187225,0.05505333546889641,5.489914226345718,-4.013222772628069,0.0006447796932130832,1.8029123339109967,14.945917839184403,7.772834777832031,61.80085018277168,111.86626181006432
30,4296.909745835809,7337.683426023001,148.1579184345901,3.7860123440623283,5.406655550003052,0.815579891204834,0.20649147033691406,2.3530070409178734,-1.5538489371538162,-0.28019608557224274,7.067954272031784,thrust_loss_50,28,True,0.6011972727173057,land,5.263038456439972,-19.2839847356081,0.003563154927709329,-13.048850074410439,-1.7244876027107239,3.575947344303131,0.06319837624834682,low_late,2,2.1,multiplicative,-26.242674596607685,0.1926506582964962,8.566521848551929,-0.43598437681794167,0.0019142053847665882,1.8035918181519173,5.741433013230562,7.386471748352051,1.8804118037223816,-197.67826981842518
30,8155.553740437288,5003.156454561273,109.89826112985611,-2.085846558213234,-3.091577932238579,2.5353269055485725,-4.772456452250481,0.9223729148507118,-5.8450730592012405,1.5058023780584335,3.4408621191978455,thrust_loss_50,30,True,0.6009629297447762,land,11.397524178028107,12.820904098451138,0.0005927630768167326,-37.32555076479912,-14.261336594820023,15.422943353652954,0.011742933568155069,low_late,3,2.1,multiplicative,-8.00933337956667,0.03170377052482186,-8.200520710088313,-10.77664852142334,0.0003097106708842347,1.8028887892343284,18.165360721759498,7.370458364486694,148.47612045705318,62.75300718843937
30,5427.4069671226025,9232.005773158617,178.85187484323978,0.2090219482779503,3.7141259908676147,-0.8453286588191986,4.2043983191251755,-2.9445487782359123,6.889547511935234,-2.9975617080926895,-4.67614933848381,thrust_loss_50,350,False,inf,no_recovery,-13.737734615802765,-12.582906275987625,nan,17.417808026075363,0.9776690006256104,-7.096289187669754,nan,low_late,4,2.1,multiplicative,18.286554217338562,nan,0.8633477939292789,12.066511128097773,nan,nan,28.095676352269948,29.141136407852173,-2.580402046442032,-69.21800300478935
30,4024.8555475674743,5531.122454938491,95.51612496376038,-2.5572413876652718,-4.717577755451202,-2.245781734585762,-1.7632938921451569,3.59604062885046,-3.192900314927101,0.6001531258225441,6.00973279774189,thrust_loss_50,207,False,inf,no_recovery,15.88128399848938,14.56295670568943,nan,35.0087471306324,2.7691144049167633,-2.739957958459854,nan,low_late,5,2.1,multiplicative,6.126494370400906,nan,7.36439120490104,-9.384593572467566,nan,nan,28.670047683641315,16.721927642822266,-40.26685021817684,136.64387725293636
30,6583.210778968589,6940.595040586166,166.42659671604633,0.6830923110246658,4.086219564080238,0.435666523873806,1.197448492050171,-1.5214126780629158,0.04123292863368988,-3.9052708968520164,-1.8739252835512161,thrust_loss_50,48,True,0.6010453889949005,land,-9.220762133598328,-14.33781611174345,0.0018780427112337485,-15.247298032045364,-12.48551744222641,10.78731620311737,0.04454811946342286,low_late,6,2.1,multiplicative,-23.410484701395035,0.10002108419331115,-19.05880135949701,9.744755327701569,0.0010415167974573672,1.8031361669847015,12.411587942391634,8.544847965240479,111.55863106250763,-129.82418686151505
30,5868.779533402092,3989.208922520239,90.94572311267257,-1.445758081972599,-2.4120072722434998,2.2119922786951065,-5.7652726620435715,-3.1992993280291557,4.371361002326012,2.1307597532868385,-5.742198333144188,thrust_loss_50,29,True,0.6009766770380848,land,-7.117454886436462,7.697732925415039,0.0007382841506720307,-34.524074867367744,-3.530581384897232,6.213787257671356,0.013497731365969974,low_late,7,2.1,multiplicative,-12.3445705473423,0.039535833113626496,-2.565736356191337,6.167610939592123,0.00038458862833176097,1.8029300311142544,11.493641528300941,7.465038061141968,39.59660045802593,8.963333815336227
30,8425.897908471763,8218.018561391858,162.25807217881083,3.3218583911657333,2.7845477014780045,-0.4029766395688057,5.195376321673393,1.1832287684082985,-7.394505754113197,-1.372635804116726,2.3897245973348618,thrust_loss_50,310,False,inf,no_recovery,1.777489423751831,-7.035069592297077,nan,14.599166139960289,13.247960925102234,-14.259196251630783,nan,low_late,8,2.1,multiplicative,17.373454056680202,nan,-11.347620612941682,-5.76557906717062,nan,nan,21.42400221992284,19.973012685775757,-112.44563981890678,-2.888963744044304
30,6169.561385718465,8982.764702197857,199.13286175578833,1.892506755888462,1.4996711611747742,3.7618260830640793,-3.3572901636362076,0.1844578981399536,-4.265023842453957,1.0984376594424248,4.361291348934174,thrust_loss_50,117,False,inf,no_recovery,-15.702363342046738,3.710419900715351,nan,-20.096019133925438,-6.529767692089081,-8.956890136003494,nan,low_late,9,2.1,multiplicative,-5.744101136922836,nan,-14.970565526746213,-2.18576467782259,nan,nan,25.561352892778814,11.492969036102295,-152.04129964113235,88.68950307369232
30,9159.832889292611,8673.780663019517,146.27407791092992,2.514105498790741,0.007363989949226379,3.485489346086979,-2.3637696653604507,-3.9379465878009796,5.7680614441633224,2.7234810888767242,-2.572776183485985,thrust_loss_85,202,False,inf,no_recovery,3.7816728055477142,2.046357437968254,nan,-27.89749503135681,-11.260437071323395,-1.6798405349254608,nan,low_late,0,2.1,multiplicative,-1.4642949774861336,nan,-4.263169062323868,7.997953701764345,nan,nan,18.889646573923528,22.842215061187744,-61.13053262233734,33.344220742583275
30,7435.148600832908,6691.348854742817,185.58813210576773,1.4966740310192108,6.87171895802021,-3.4566599652171135,-6.365963995456696,3.357637271285057,-2.6677211076021194,0.0075199902057647705,1.1830459386110306,thrust_loss_85,234,False,inf,no_recovery,-11.217069894075394,22.962392419576645,nan,22.256572619080544,10.006294250488281,5.147905707359314,nan,low_late,1,2.1,multiplicative,7.627810180187225,nan,5.489914226345718,-4.013222772628069,nan,nan,14.945917839184403,27.167280673980713,61.80085018277168,111.86626181006432
30,4296.909745835809,7337.683426023001,148.1579184345901,3.7860123440623283,5.406655550003052,0.815579891204834,0.20649147033691406,2.3530070409178734,-1.5538489371538162,-0.28019608557224274,7.067954272031784,thrust_loss_85,315,False,inf,no_recovery,5.263038456439972,-19.2839847356081,nan,-13.048850074410439,-1.7244876027107239,3.575947344303131,nan,low_late,2,2.1,multiplicative,-26.242674596607685,nan,8.566521848551929,-0.43598437681794167,nan,nan,5.741433013230562,33.688892126083374,1.8804118037223816,-197.67826981842518
30,8155.553740437288,5003.156454561273,109.89826112985611,-2.085846558213234,-3.091577932238579,2.5353269055485725,-4.772456452250481,0.9223729148507118,-5.8450730592012405,1.5058023780584335,3.4408621191978455,thrust_loss_85,226,False,inf,no_recovery,11.397524178028107,12.820904098451138,nan,-37.32555076479912,-14.261336594820023,15.422943353652954,nan,low_late,3,2.1,multiplicative,-8.00933337956667,nan,-8.200520710088313,-10.77664852142334,nan,nan,18.165360721759498,25.004576921463013,148.47612045705318,62.75300718843937
30,5427.4069671226025,9232.005773158617,178.85187484323978,0.2090219482779503,3.7141259908676147,-0.8453286588191986,4.2043983191251755,-2.9445487782359123,6.889547511935234,-2.9975617080926895,-4.67614933848381,thrust_loss_85,251,False,inf,no_recovery,-13.737734615802765,-12.582906275987625,nan,17.417808026075363,0.9776690006256104,-7.096289187669754,nan,low_late,4,2.1,multiplicative,18.286554217338562,nan,0.8633477939292789,12.066511128097773,nan,nan,28.095676352269948,29.743608474731445,-2.580402046442032,-69.21800300478935
30,4024.8555475674743,5531.122454938491,95.51612496376038,-2.5572413876652718,-4.717577755451202,-2.245781734585762,-1.7632938921451569,3.59604062885046,-3.192900314927101,0.6001531258225441,6.00973279774189,thrust_loss_85,203,False,inf,no_recovery,15.88128399848938,14.56295670568943,nan,35.0087471306324,2.7691144049167633,-2.739957958459854,nan,low_late,5,2.1,multiplicative,6.126494370400906,nan,7.36439120490104,-9.384593572467566,nan,nan,28.670047683641315,32.32290601730347,-40.26685021817684,136.64387725293636
30,6583.210778968589,6940.595040586166,166.42659671604633,0.6830923110246658,4.086219564080238,0.435666523873806,1.197448492050171,-1.5214126780629158,0.04123292863368988,-3.9052708968520164,-1.8739252835512161,thrust_loss_85,350,False,inf,no_recovery,-9.220762133598328,-14.33781611174345,nan,-15.247298032045364,-12.48551744222641,10.78731620311737,nan,low_late,6,2.1,multiplicative,-23.410484701395035,nan,-19.05880135949701,9.744755327701569,nan,nan,12.411587942391634,49.76416206359863,111.55863106250763,-129.82418686151505
30,5868.779533402092,3989.208922520239,90.94572311267257,-1.445758081972599,-2.4120072722434998,2.2119922786951065,-5.7652726620435715,-3.1992993280291557,4.371361002326012,2.1307597532868385,-5.742198333144188,thrust_loss_85,224,False,inf,no_recovery,-7.117454886436462,7.697732925415039,nan,-34.524074867367744,-3.530581384897232,6.213787257671356,nan,low_late,7,2.1,multiplicative,-12.3445705473423,nan,-2.565736356191337,6.167610939592123,nan,nan,11.493641528300941,30.717525482177734,39.59660045802593,8.963333815336227
30,8425.897908471763,8218.018561391858,162.25807217881083,3.3218583911657333,2.7845477014780045,-0.4029766395688057,5.195376321673393,1.1832287684082985,-7.394505754113197,-1.372635804116726,2.3897245973348618,thrust_loss_85,239,False,inf,no_recovery,1.777489423751831,-7.035069592297077,nan,14.599166139960289,13.247960925102234,-14.259196251630783,nan,low_late,8,2.1,multiplicative,17.373454056680202,nan,-11.347620612941682,-5.76557906717062,nan,nan,21.42400221992284,32.36860370635986,-112.44563981890678,-2.888963744044304
30,6169.561385718465,8982.764702197857,199.13286175578833,1.892506755888462,1.4996711611747742,3.7618260830640793,-3.3572901636362076,0.1844578981399536,-4.265023842453957,1.0984376594424248,4.361291348934174,thrust_loss_85,350,False,inf,no_recovery,-15.702363342046738,3.710419900715351,nan,-20.096019133925438,-6.529767692089081,-8.956890136003494,nan,low_late,9,2.1,multiplicative,-5.744101136922836,nan,-14.970565526746213,-2.18576467782259,nan,nan,25.561352892778814,46.877094984054565,-152.04129964113235,88.68950307369232
30,9159.832889292611,8673.780663019517,146.27407791092992,2.514105498790741,0.007363989949226379,3.485489346086979,-2.3637696653604507,-3.9379465878009796,5.7680614441633224,2.7234810888767242,-2.572776183485985,tvc_bias,50,True,0.600902417917338,land,3.7816728055477142,2.046357437968254,0.0013975942910158135,-27.89749503135681,-11.260437071323395,-1.6798405349254608,0.02223484991492304,low_late,0,2.7,additive,-1.4642949774861336,0.07370214705830347,-4.263169062323868,7.997953701764345,0.0006800793214231897,1.8027072537520141,18.889646573923528,9.837791919708252,-61.13053262233734,33.344220742583275
30,7435.148600832908,6691.348854742817,185.58813210576773,1.4966740310192108,6.87171895802021,-3.4566599652171135,-6.365963995456696,3.357637271285057,-2.6677211076021194,0.0075199902057647705,1.1830459386110306,tvc_bias,59,True,0.6009041426309547,land,-11.217069894075394,22.962392419576645,0.0022547572680649826,22.256572619080544,10.006294250488281,5.147905707359314,0.03629553370527025,low_late,1,2.7,additive,7.627810180187225,0.11875979560595534,5.489914226345718,-4.013222772628069,0.0010768672312256834,1.8027124278928641,14.945917839184403,10.19301462173462,61.80085018277168,111.86626181006432
30,4296.909745835809,7337.683426023001,148.1579184345901,3.7860123440623283,5.406655550003052,0.815579891204834,0.20649147033691406,2.3530070409178734,-1.5538489371538162,-0.28019608557224274,7.067954272031784,tvc_bias,39,True,0.6009063277077836,land,5.263038456439972,-19.2839847356081,0.002418469955720492,-13.048850074410439,-1.7244876027107239,3.575947344303131,0.04218783489617479,low_late,2,2.7,additive,-26.242674596607685,0.12820119424272464,8.566521848551929,-0.43598437681794167,0.0011935666777412432,1.802718983123351,5.741433013230562,9.208686113357544,1.8804118037223816,-197.67826981842518
30,8155.553740437288,5003.156454561273,109.89826112985611,-2.085846558213234,-3.091577932238579,2.5353269055485725,-4.772456452250481,0.9223729148507118,-5.8450730592012405,1.5058023780584335,3.4408621191978455,tvc_bias,28,True,0.6009017471566522,land,11.397524178028107,12.820904098451138,0.0005395289566037467,-37.32555076479912,-14.261336594820023,15.422943353652954,0.008541800142956404,low_late,3,2.7,additive,-8.00933337956667,0.028310909817590095,-8.200520710088313,-10.77664852142334,0.00025804499941622385,1.8027052414699567,18.165360721759498,8.4222252368927,148.47612045705318,62.75300718843937
30,5427.4069671226025,9232.005773158617,178.85187484323978,0.2090219482779503,3.7141259908676147,-0.8453286588191986,4.2043983191251755,-2.9445487782359123,6.889547511935234,-2.9975617080926895,-4.67614933848381,tvc_bias,32,True,0.6009024701777143,land,-13.737734615802765,-12.582906275987625,0.00011183914579229069,17.417808026075363,0.9776690006256104,-7.096289187669754,0.0027668611819369696,low_late,4,2.7,additive,18.286554217338562,0.0058860484098736,0.8633477939292789,12.066511128097773,5.5394243920357333e-05,1.8027074105331427,28.095676352269948,8.682608604431152,-2.580402046442032,-69.21800300478935
30,4024.8555475674743,5531.122454938491,95.51612496376038,-2.5572413876652718,-4.717577755451202,-2.245781734585762,-1.7632938921451569,3.59604062885046,-3.192900314927101,0.6001531258225441,6.00973279774189,tvc_bias,251,False,inf,no_recovery,15.88128399848938,14.56295670568943,nan,35.0087471306324,2.7691144049167633,-2.739957958459854,nan,low_late,5,2.7,additive,6.126494370400906,nan,7.36439120490104,-9.384593572467566,nan,nan,28.670047683641315,22.490862131118774,-40.26685021817684,136.64387725293636
30,6583.210778968589,6940.595040586166,166.42659671604633,0.6830923110246658,4.086219564080238,0.435666523873806,1.197448492050171,-1.5214126780629158,0.04123292863368988,-3.9052708968520164,-1.8739252835512161,tvc_bias,77,True,0.6009088215232024,land,-9.220762133598328,-14.33781611174345,0.0019188845781292784,-15.247298032045364,-12.48551744222641,10.78731620311737,0.039428030086877064,low_late,6,2.7,additive,-23.410484701395035,0.10365551588528445,-19.05880135949701,9.744755327701569,0.0010681645083704709,1.802726464569607,12.411587942391634,11.092575073242188,111.55863106250763,-129.82418686151505
30,5868.779533402092,3989.208922520239,90.94572311267257,-1.445758081972599,-2.4120072722434998,2.2119922786951065,-5.7652726620435715,-3.1992993280291557,4.371361002326012,2.1307597532868385,-5.742198333144188,tvc_bias,57,True,0.6009042104746098,land,-7.117454886436462,7.697732925415039,0.0006071449033657576,-34.524074867367744,-3.530581384897232,6.213787257671356,0.009932746896677443,low_late,7,2.7,additive,-12.3445705473423,0.031902123767169735,-2.565736356191337,6.167610939592123,0.00029239349753084996,1.8027126314238295,11.493641528300941,9.998116493225098,39.59660045802593,8.963333815336227
30,8425.897908471763,8218.018561391858,162.25807217881083,3.3218583911657333,2.7845477014780045,-0.4029766395688057,5.195376321673393,1.1832287684082985,-7.394505754113197,-1.372635804116726,2.3897245973348618,tvc_bias,35,True,0.6009044430247749,land,1.777489423751831,-7.035069592297077,0.0021561575198471004,14.599166139960289,13.247960925102234,-14.259196251630783,0.039233839851296484,low_late,8,2.7,additive,17.373454056680202,0.11378311782580008,-11.347620612941682,-5.76557906717062,0.0010583853883870107,1.8027133290743247,21.42400221992284,8.722928285598755,-112.44563981890678,-2.888963744044304
30,6169.561385718465,8982.764702197857,199.13286175578833,1.892506755888462,1.4996711611747742,3.7618260830640793,-3.3572901636362076,0.1844578981399536,-4.265023842453957,1.0984376594424248,4.361291348934174,tvc_bias,306,False,inf,no_recovery,-15.702363342046738,3.710419900715351,nan,-20.096019133925438,-6.529767692089081,-8.956890136003494,nan,low_late,9,2.7,additive,-5.744101136922836,nan,-14.970565526746213,-2.18576467782259,nan,nan,25.561352892778814,22.755285501480103,-152.04129964113235,88.68950307369232
30,9159.832889292611,8673.780663019517,146.27407791092992,2.514105498790741,0.007363989949226379,3.485489346086979,-2.3637696653604507,-3.9379465878009796,5.7680614441633224,2.7234810888767242,-2.572776183485985,tvc_gain_loss,41,True,0.600903047356418,land,3.7816728055477142,2.046357437968254,0.00021086310459155855,-27.89749503135681,-11.260437071323395,-1.6798405349254608,0.00785753289443354,low_late,0,2.7,multiplicative,-1.4642949774861336,0.010536950073302725,-4.263169062323868,7.997953701764345,0.000106303062761259,1.802709142069254,18.889646573923528,9.135186433792114,-61.13053262233734,33.344220742583275
30,7435.148600832908,6691.348854742817,185.58813210576773,1.4966740310192108,6.87171895802021,-3.4566599652171135,-6.365963995456696,3.357637271285057,-2.6677211076021194,0.0075199902057647705,1.1830459386110306,tvc_gain_loss,52,True,0.6009033888858831,land,-11.217069894075394,22.962392419576645,0.001128549360494123,22.256572619080544,10.006294250488281,5.147905707359314,0.05005313598025393,low_late,1,2.7,multiplicative,7.627810180187225,0.06017352940176612,5.489914226345718,-4.013222772628069,0.0005461612988360644,1.8027101666576493,14.945917839184403,9.957066535949707,61.80085018277168,111.86626181006432
30,4296.909745835809,7337.683426023001,148.1579184345901,3.7860123440623283,5.406655550003052,0.815579891204834,0.20649147033691406,2.3530070409178734,-1.5538489371538162,-0.28019608557224274,7.067954272031784,tvc_gain_loss,32,True,0.6009067183970593,land,5.263038456439972,-19.2839847356081,0.0021578751778941955,-13.048850074410439,-1.7244876027107239,3.575947344303131,0.0446409899151575,low_late,2,2.7,multiplicative,-26.242674596607685,0.11669125954568296,8.566521848551929,-0.43598437681794167,0.001177530614876811,1.802720155191178,5.741433013230562,8.537185192108154,1.8804118037223816,-197.67826981842518
30,8155.553740437288,5003.156454561273,109.89826112985611,-2.085846558213234,-3.091577932238579,2.5353269055485725,-4.772456452250481,0.9223729148507118,-5.8450730592012405,1.5058023780584335,3.4408621191978455,tvc_gain_loss,25,True,0.6009024754987843,land,11.397524178028107,12.820904098451138,0.0005146452305109218,-37.32555076479912,-14.261336594820023,15.422943353652954,0.009335456743539383,low_late,3,2.7,multiplicative,-8.00933337956667,0.026960448414746502,-8.200520710088313,-10.77664852142334,0.00024495258887512883,1.8027074264963527,18.165360721759498,8.331120252609253,148.47612045705318,62.75300718843937
30,5427.4069671226025,9232.005773158617,178.85187484323978,0.2090219482779503,3.7141259908676147,-0.8453286588191986,4.2043983191251755,-2.9445487782359123,6.889547511935234,-2.9975617080926895,-4.67614933848381,tvc_gain_loss,28,True,0.6009032401795981,land,-13.737734615802765,-12.582906275987625,1.8855491505246142e-05,17.417808026075363,0.9776690006256104,-7.096289187669754,0.0008058419174970192,low_late,4,2.7,multiplicative,18.286554217338562,0.0008467723559306723,0.8633477939292789,12.066511128097773,6.138145384853933e-06,1.8027097205387943,28.095676352269948,8.401985168457031,-2.580402046442032,-69.21800300478935
30,4024.8555475674743,5531.122454938491,95.51612496376038,-2.5572413876652718,-4.717577755451202,-2.245781734585762,-1.7632938921451569,3.59604062885046,-3.192900314927101,0.6001531258225441,6.00973279774189,tvc_gain_loss,233,False,inf,no_recovery,15.88128399848938,14.56295670568943,nan,35.0087471306324,2.7691144049167633,-2.739957958459854,nan,low_late,5,2.7,multiplicative,6.126494370400906,nan,7.36439120490104,-9.384593572467566,nan,nan,28.670047683641315,20.276505947113037,-40.26685021817684,136.64387725293636
30,6583.210778968589,6940.595040586166,166.42659671604633,0.6830923110246658,4.086219564080238,0.435666523873806,1.197448492050171,-1.5214126780629158,0.04123292863368988,-3.9052708968520164,-1.8739252835512161,tvc_gain_loss,58,True,0.6009127841821025,land,-9.220762133598328,-14.33781611174345,0.0021415837951339104,-15.247298032045364,-12.48551744222641,10.78731620311737,0.037498492006991416,low_late,6,2.7,multiplicative,-23.410484701395035,0.11300656182842951,-19.05880135949701,9.744755327701569,0.001058474396947099,1.8027383525463074,12.411587942391634,10.369696855545044,111.55863106250763,-129.82418686151505
30,5868.779533402092,3989.208922520239,90.94572311267257,-1.445758081972599,-2.4120072722434998,2.2119922786951065,-5.7652726620435715,-3.1992993280291557,4.371361002326012,2.1307597532868385,-5.742198333144188,tvc_gain_loss,36,True,0.6009018210976491,land,-7.117454886436462,7.697732925415039,0.0005579033441285039,-34.524074867367744,-3.530581384897232,6.213787257671356,0.009979821706445546,low_late,7,2.7,multiplicative,-12.3445705473423,0.029113646089081794,-2.565736356191337,6.167610939592123,0.00026189832733044784,1.8027054632929473,11.493641528300941,8.939665794372559,39.59660045802593,8.963333815336227
30,8425.897908471763,8218.018561391858,162.25807217881083,3.3218583911657333,2.7845477014780045,-0.4029766395688057,5.195376321673393,1.1832287684082985,-7.394505754113197,-1.372635804116726,2.3897245973348618,tvc_gain_loss,32,True,0.6009047559910873,land,1.777489423751831,-7.035069592297077,0.001676611313587155,14.599166139960289,13.247960925102234,-14.259196251630783,0.037729247186626916,low_late,8,2.7,multiplicative,17.373454056680202,0.08831065126929748,-11.347620612941682,-5.76557906717062,0.0008210930087400223,1.8027142679732617,21.42400221992284,8.636778831481934,-112.44563981890678,-2.888963744044304
30,6169.561385718465,8982.764702197857,199.13286175578833,1.892506755888462,1.4996711611747742,3.7618260830640793,-3.3572901636362076,0.1844578981399536,-4.265023842453957,1.0984376594424248,4.361291348934174,tvc_gain_loss,350,False,inf,no_recovery,-15.702363342046738,3.710419900715351,nan,-20.096019133925438,-6.529767692089081,-8.956890136003494,nan,low_late,9,2.7,multiplicative,-5.744101136922836,nan,-14.970565526746213,-2.18576467782259,nan,nan,25.561352892778814,24.591469526290894,-152.04129964113235,88.68950307369232
30,9159.832889292611,8673.780663019517,146.27407791092992,2.514105498790741,0.007363989949226379,3.485489346086979,-2.3637696653604507,-3.9379465878009796,5.7680614441633224,2.7234810888767242,-2.572776183485985,valve_stuck_open,99,True,0.6079897528666699,land,3.7816728055477142,2.046357437968254,0.030199959530036537,-27.89749503135681,-11.260437071323395,-1.6798405349254608,2.1512672367601953,low_late,0,2.2 / 1.4,structural,-1.4642949774861336,2.1706961857927465,-4.263169062323868,7.997953701764345,0.05206104526145989,1.8239692586000096,18.889646573923528,12.40241289138794,-61.13053262233734,33.344220742583275
30,7435.148600832908,6691.348854742817,185.58813210576773,1.4966740310192108,6.87171895802021,-3.4566599652171135,-6.365963995456696,3.357637271285057,-2.6677211076021194,0.0075199902057647705,1.1830459386110306,valve_stuck_open,62,True,0.6607883082587133,land,-11.217069894075394,22.962392419576645,0.042508643341280884,22.256572619080544,10.006294250488281,5.147905707359314,0.8693736145658915,low_late,1,2.2 / 1.4,structural,7.627810180187225,3.96472984955228,5.489914226345718,-4.013222772628069,0.13480938511707946,1.869809147764195,14.945917839184403,10.148377656936646,61.80085018277168,111.86626181006432
30,4296.909745835809,7337.683426023001,148.1579184345901,3.7860123440623283,5.406655550003052,0.815579891204834,0.20649147033691406,2.3530070409178734,-1.5538489371538162,-0.28019608557224274,7.067954272031784,valve_stuck_open,42,True,0.6089191371943773,land,5.263038456439972,-19.2839847356081,0.03319752010303205,-13.048850074410439,-1.7244876027107239,3.575947344303131,1.4399832730055742,low_late,2,2.2 / 1.4,structural,-26.242674596607685,2.0306101501182705,8.566521848551929,-0.43598437681794167,0.06464341425208255,1.826757411583132,5.741433013230562,8.862407207489014,1.8804118037223816,-197.67826981842518
30,8155.553740437288,5003.156454561273,109.89826112985611,-2.085846558213234,-3.091577932238579,2.5353269055485725,-4.772456452250481,0.9223729148507118,-5.8450730592012405,1.5058023780584335,3.4408621191978455,valve_stuck_open,67,True,0.6401189702084964,land,11.397524178028107,12.820904098451138,0.04341356860896285,-37.32555076479912,-14.261336594820023,15.422943353652954,0.8076885575499309,low_late,3,2.2 / 1.4,structural,-8.00933337956667,3.8407138212509784,-8.200520710088313,-10.77664852142334,0.12370310706450974,1.8624179280936688,18.165360721759498,10.50714373588562,148.47612045705318,62.75300718843937
30,5427.4069671226025,9232.005773158617,178.85187484323978,0.2090219482779503,3.7141259908676147,-0.8453286588191986,4.2043983191251755,-2.9445487782359123,6.889547511935234,-2.9975617080926895,-4.67614933848381,valve_stuck_open,70,True,0.6168944361847629,land,-13.737734615802765,-12.582906275987625,0.031401308289711174,17.417808026075363,0.9776690006256104,-7.096289187669754,1.7232682772721908,low_late,4,2.2 / 1.4,structural,18.286554217338562,3.184947113909822,0.8633477939292789,12.066511128097773,0.0749656920952828,1.8506833085542886,28.095676352269948,10.823207139968872,-2.580402046442032,-69.21800300478935
30,4024.8555475674743,5531.122454938491,95.51612496376038,-2.5572413876652718,-4.717577755451202,-2.245781734585762,-1.7632938921451569,3.59604062885046,-3.192900314927101,0.6001531258225441,6.00973279774189,valve_stuck_open,194,False,inf,no_recovery,15.88128399848938,14.56295670568943,nan,35.0087471306324,2.7691144049167633,-2.739957958459854,nan,low_late,5,2.2 / 1.4,structural,6.126494370400906,nan,7.36439120490104,-9.384593572467566,nan,nan,28.670047683641315,16.996447563171387,-40.26685021817684,136.64387725293636
30,6583.210778968589,6940.595040586166,166.42659671604633,0.6830923110246658,4.086219564080238,0.435666523873806,1.197448492050171,-1.5214126780629158,0.04123292863368988,-3.9052708968520164,-1.8739252835512161,valve_stuck_open,95,True,0.6202095609087123,land,-9.220762133598328,-14.33781611174345,0.03502385626685124,-15.247298032045364,-12.48551744222641,10.78731620311737,1.412372841408837,low_late,6,2.2 / 1.4,structural,-23.410484701395035,3.018153386834497,-19.05880135949701,9.744755327701569,0.07399576769408293,1.8606286827261367,12.411587942391634,12.42426347732544,111.55863106250763,-129.82418686151505
30,5868.779533402092,3989.208922520239,90.94572311267257,-1.445758081972599,-2.4120072722434998,2.2119922786951065,-5.7652726620435715,-3.1992993280291557,4.371361002326012,2.1307597532868385,-5.742198333144188,valve_stuck_open,112,True,0.6812576317043432,land,-7.117454886436462,7.697732925415039,0.026818892193977286,-34.524074867367744,-3.530581384897232,6.213787257671356,0.8850309570323004,low_late,7,2.2 / 1.4,structural,-12.3445705473423,4.087545790226059,-2.565736356191337,6.167610939592123,0.1203199262020462,1.8543851838381498,11.493641528300941,13.127938508987427,39.59660045802593,8.963333815336227
30,8425.897908471763,8218.018561391858,162.25807217881083,3.3218583911657333,2.7845477014780045,-0.4029766395688057,5.195376321673393,1.1832287684082985,-7.394505754113197,-1.372635804116726,2.3897245973348618,valve_stuck_open,65,True,0.6179320059299475,land,1.777489423751831,-7.035069592297077,0.04083799101301854,14.599166139960289,13.247960925102234,-14.259196251630783,1.2315536928026032,low_late,8,2.2 / 1.4,structural,17.373454056680202,3.2338660947702547,-11.347620612941682,-5.76557906717062,0.07593152046333504,1.8537960177898423,21.42400221992284,10.4868745803833,-112.44563981890678,-2.888963744044304
30,6169.561385718465,8982.764702197857,199.13286175578833,1.892506755888462,1.4996711611747742,3.7618260830640793,-3.3572901636362076,0.1844578981399536,-4.265023842453957,1.0984376594424248,4.361291348934174,valve_stuck_open,350,False,inf,no_recovery,-15.702363342046738,3.710419900715351,nan,-20.096019133925438,-6.529767692089081,-8.956890136003494,nan,low_late,9,2.2 / 1.4,structural,-5.744101136922836,nan,-14.970565526746213,-2.18576467782259,nan,nan,25.561352892778814,25.284350156784058,-152.04129964113235,88.68950307369232
55,21665.884421616793,19921.200082823634,869.7460481896996,3.7711582481861123,0.013255181908608193,5.228234019130469,-4.254785397648812,-5.90691988170147,10.382510599493983,4.085221633315087,-4.630997130274773,chugging,97,True,0.6009932153874025,land,7.090636510401964,2.9233677685260773,0.0012335793191300321,-41.84624254703522,-21.113319508731365,-3.149701002985239,0.011422697556867678,upset,0,2.3,additive,-2.0918499678373337,0.07055933246780506,-3.3383602229878306,8.569236109033227,0.0007580814208479551,1.8029796461622074,15.432940637692809,19.85846495628357,-183.39159786701202,100.03266222774982
43,11853.228565305471,4741.898530721664,574.1985084488988,-0.9602987207472324,-1.1268620967864997,-1.764527142047882,4.814999082684519,2.8941670954227456,-12.596058145165445,-2.6669877916574483,9.558249422907831,chugging,65,True,0.6011182823079787,land,-9.499618615955114,-3.2071886211633682,0.0018904602791943086,11.967980414628983,11.206124480813742,18.47838643938303,0.015943613010323952,upset,1,2.3,additive,35.533369183540344,0.10182510308106554,-15.871154344640672,-8.178770877420902,0.0009312738724293941,1.8033548469239362,4.406107971444726,13.190349102020264,570.6887047737837,-80.61700612306595
62,15475.13062030077,12805.261626690626,1038.2348518818617,2.245011046528817,12.36909412443638,-5.184989947825671,-11.458735191822054,5.0364559069275865,-4.801897993683816,0.011279985308647156,2.1294826894998558,chugging,127,True,0.6015910540671321,land,-21.032006051391363,32.80341774225235,0.0002626871918033134,33.384858928620815,18.761801719665527,9.652323201298714,0.03224057849592029,upset,2,2.3,additive,10.89687168598175,0.008837316575156488,9.201318291015923,-4.299881542101502,0.0002503182456098103,1.8047731622013963,11.051019821316004,26.075438261032104,185.40255054831505,335.59878543019295
50,5660.814609527588,7745.950461104512,743.3087307959795,-5.058803189545871,-11.689718556404115,1.719999834895134,12.011217623949054,-1.9124292209744453,2.819533261656762,-5.249648407101632,-12.5092616468668,chugging,139,True,0.7435230692282042,land,26.122110206633806,-33.71220491826534,0.08384042989025725,-3.7301578000187874,-8.856437858194113,-24.97001526877284,0.997058707961418,upset,3,2.3,additive,-26.831039115786552,4.461138415369225,-25.63893613871187,4.733376558870077,0.059109779884250396,1.8093613851479344,29.10913087427616,26.552592992782593,-568.0279042571783,-318.7126312404871
43,14005.151402428746,10065.81619143486,582.8523395583034,-2.8667084053158765,-10.418438467383385,-3.759647581726313,-1.386485606431961,-0.4201347939670086,4.880754885077476,4.837797559797765,-1.4388034343719482,chugging,79,True,0.601115734110978,land,-6.755174361169338,28.513503298163414,0.002907382674536405,49.24096930772066,28.13845982775092,-22.321047205477953,0.11271156129714502,upset,4,2.3,additive,0.2955925464630127,0.17195335676597118,-21.156298010610044,1.776795107871294,0.0023759326683827527,1.803347202332934,18.888776879757643,14.14275312423706,-448.03161956369877,576.0913610458374
55,4210.423072949052,15125.279400870204,877.8196504339576,5.679018516093493,9.731979990005495,1.223369836807251,0.37168464660644496,3.529510561376811,-2.7969280868768696,-0.4202941283583641,12.722317689657213,chugging,148,True,0.600987544572713,land,9.868197105824947,-27.548549622297287,0.00034192605364383215,-19.573275111615658,-3.2334142550826073,6.704901270568371,0.009056773153568712,upset,5,2.3,additive,-37.48953513801098,0.022245110294207424,13.156956662423909,-0.4671261180192232,0.00032556660432296396,1.802962633718139,0.8238144591450691,25.451251745224,5.641235411167145,-593.0348094552755
49,18061.02468006313,6745.49544878304,713.8496905565262,-3.1287698373198514,-5.564840278029443,3.8029903583228597,-8.590421614050866,1.3835593722760677,-10.521131506562234,2.258703567087651,6.193551814556123,chugging,86,True,0.6010711354003019,land,21.3703578338027,18.315577283501625,0.00022800304910524952,-55.98832614719868,-26.740006115287542,28.91801878809929,0.01843889919674282,upset,6,2.3,additive,-11.441904827952385,0.010919384214520945,-8.400669484399259,-11.546409130096436,0.00011498059575195778,1.8032134062009058,14.628178579732776,17.47970485687256,445.42836137115955,188.2590215653181
60,8268.342552408576,21924.948969334364,1009.3651778995991,0.31353292241692543,6.685426783561706,-1.267992988228798,7.567916974425316,-4.416823167353869,12.401185521483423,-4.496342562139035,-8.417068809270859,chugging,59,True,0.600901246584643,land,-25.758252404630184,-17.975580394268036,0.002318429664489585,26.126712039113045,1.8331293761730194,-13.305542226880789,0.0726711718499916,upset,7,2.3,additive,26.12364888191223,0.13582628273993846,3.25287573505193,12.928404780104756,0.0016970288295952603,1.802703739753929,25.661862613633275,19.475562810897827,-7.741206139326096,-207.65400901436806
46,3233.884599581361,8640.629268735647,652.2119641304016,-3.835862081497908,-8.491639959812165,-3.3686726018786435,-3.1739290058612823,5.394060943275691,-5.7472205668687835,0.9002296887338161,10.817519035935405,chugging,144,True,0.6021632780413531,land,29.777407497167587,20.804223865270615,9.806049339574064e-05,52.5131206959486,5.192089509218931,-5.1374211721122265,0.02983461113494674,upset,8,2.3,additive,8.752134814858437,0.003937777404533577,11.611360120587051,-10.054921684786677,0.0002981499616727543,1.8064898341240592,26.300052981823683,25.212503671646118,-120.80055065453053,409.9316317588091
58,12417.100032046437,13699.930745437741,956.1139859259129,1.0246384665369987,7.35519521534443,0.653499785810709,2.155407285690309,-2.282119017094374,0.07421927154064178,-5.857906345278026,-3.3730655103921894,chugging,77,True,0.6019069871987742,land,-17.288929000496864,-20.482594445347786,0.0013466256985442675,-22.870947048068047,-23.41034520417452,20.22621788084507,0.11337149743903102,upset,9,2.3,additive,-33.44354957342148,0.07782499748842081,-22.361316033639014,10.440809279680252,0.0012480703947173385,1.8057209615963226,8.235097713768482,19.278829336166382,334.6758931875229,-389.47256058454514
55,21665.884421616793,19921.200082823634,869.7460481896996,3.7711582481861123,0.013255181908608193,5.228234019130469,-4.254785397648812,-5.90691988170147,10.382510599493983,4.085221633315087,-4.630997130274773,dead_time,82,True,0.6009095006228654,land,7.090636510401964,2.9233677685260773,6.446228113762247e-05,-41.84624254703522,-21.113319508731365,-3.149701002985239,0.0027735909874625625,upset,0,2.6,structural,-2.0918499678373337,0.003386466167862433,-3.3383602229878306,8.569236109033227,3.1308459692176495e-05,1.8027285018685961,15.432940637692809,19.05872130393982,-183.39159786701202,100.03266222774982
43,11853.228565305471,4741.898530721664,574.1985084488988,-0.9602987207472324,-1.1268620967864997,-1.764527142047882,4.814999082684519,2.8941670954227456,-12.596058145165445,-2.6669877916574483,9.558249422907831,dead_time,70,True,0.6009036169577906,land,-9.499618615955114,-3.2071886211633682,0.0004927126828553589,11.967980414628983,11.206124480813742,18.47838643938303,0.023269097866660093,upset,1,2.6,structural,35.533369183540344,0.026866333823314187,-15.871154344640672,-8.178770877420902,0.0003103637735215042,1.8027108508733718,4.406107971444726,13.651304483413696,570.6887047737837,-80.61700612306595
62,15475.13062030077,12805.261626690626,1038.2348518818617,2.245011046528817,12.36909412443638,-5.184989947825671,-11.458735191822054,5.0364559069275865,-4.801897993683816,0.011279985308647156,2.1294826894998558,dead_time,184,True,0.6009159766986952,land,-21.032006051391363,32.80341774225235,0.00017727471548824468,33.384858928620815,18.761801719665527,9.652323201298714,0.0072263529489972715,upset,2,2.6,structural,10.89687168598175,0.010013220967957287,9.201318291015923,-4.299881542101502,0.00013027052811431946,1.8027479300960858,11.051019821316004,33.22802996635437,185.40255054831505,335.59878543019295
50,5660.814609527588,7745.950461104512,743.3087307959795,-5.058803189545871,-11.689718556404115,1.719999834895134,12.011217623949054,-1.9124292209744453,2.819533261656762,-5.249648407101632,-12.5092616468668,dead_time,102,True,0.6027134116047437,land,26.122110206633806,-33.71220491826534,0.052643795411266375,-3.7301578000187874,-8.856437858194113,-24.97001526877284,0.7894655259661806,upset,3,2.6,structural,-26.831039115786552,2.7792581011952033,-25.63893613871187,4.733376558870077,0.05825250000420927,1.808140234814231,29.10913087427616,22.852295637130737,-568.0279042571783,-318.7126312404871
43,14005.151402428746,10065.81619143486,582.8523395583034,-2.8667084053158765,-10.418438467383385,-3.759647581726313,-1.386485606431961,-0.4201347939670086,4.880754885077476,4.837797559797765,-1.4388034343719482,dead_time,87,True,0.6009275237090455,land,-6.755174361169338,28.513503298163414,0.0031052001456592856,49.24096930772066,28.13845982775092,-22.321047205477953,0.08839609925833546,upset,4,2.6,structural,0.2955925464630127,0.18096532020442674,-21.156298010610044,1.776795107871294,0.0024125956865711402,1.8027825711271364,18.888776879757643,14.891791582107544,-448.03161956369877,576.0913610458374
55,4210.423072949052,15125.279400870204,877.8196504339576,5.679018516093493,9.731979990005495,1.223369836807251,0.37168464660644496,3.529510561376811,-2.7969280868768696,-0.4202941283583641,12.722317689657213,dead_time,166,True,0.6009197052288723,land,9.868197105824947,-27.548549622297287,0.0006921411351070939,-19.573275111615658,-3.2334142550826073,6.704901270568371,0.02345921171623897,upset,5,2.6,structural,-37.48953513801098,0.03778777379862141,13.156956662423909,-0.4671261180192232,0.00029428624756006196,1.8027591156866167,0.8238144591450691,27.154493808746338,5.641235411167145,-593.0348094552755
49,18061.02468006313,6745.49544878304,713.8496905565262,-3.1287698373198514,-5.564840278029443,3.8029903583228597,-8.590421614050866,1.3835593722760677,-10.521131506562234,2.258703567087651,6.193551814556123,dead_time,92,True,0.6009107815520645,land,21.3703578338027,18.315577283501625,0.0005076619352187445,-55.98832614719868,-26.740006115287542,28.91801878809929,0.009029967512229148,upset,6,2.6,structural,-11.441904827952385,0.02685216163660616,-8.400669484399259,-11.546409130096436,0.00024360814971677023,1.8027323446561934,14.628178579732776,17.825926542282104,445.42836137115955,188.2590215653181
60,8268.342552408576,21924.948969334364,1009.3651778995991,0.31353292241692543,6.685426783561706,-1.267992988228798,7.567916974425316,-4.416823167353869,12.401185521483423,-4.496342562139035,-8.417068809270859,dead_time,44,False,inf,no_recovery,-25.758252404630184,-17.975580394268036,nan,26.126712039113045,1.8331293761730194,-13.305542226880789,nan,upset,7,2.6,structural,26.12364888191223,nan,3.25287573505193,12.928404780104756,nan,nan,25.661862613633275,18.94173264503479,-7.741206139326096,-207.65400901436806
46,3233.884599581361,8640.629268735647,652.2119641304016,-3.835862081497908,-8.491639959812165,-3.3686726018786435,-3.1739290058612823,5.394060943275691,-5.7472205668687835,0.9002296887338161,10.817519035935405,dead_time,115,True,0.6009060603765107,land,29.777407497167587,20.804223865270615,0.001809284226093511,52.5131206959486,5.192089509218931,-5.1374211721122265,0.02963230252134888,upset,8,2.6,structural,8.752134814858437,0.09497615833146149,11.611360120587051,-10.054921684786677,0.0008578148696001339,1.802718181129532,26.300052981823683,21.734212636947632,-120.80055065453053,409.9316317588091
58,12417.100032046437,13699.930745437741,956.1139859259129,1.0246384665369987,7.35519521534443,0.653499785810709,2.155407285690309,-2.282119017094374,0.07421927154064178,-5.857906345278026,-3.3730655103921894,dead_time,114,True,0.6009592123411422,land,-17.288929000496864,-20.482594445347786,0.0016210585869389637,-22.870947048068047,-23.41034520417452,20.22621788084507,0.09994630763823431,upset,9,2.6,structural,-33.44354957342148,0.10597476528050047,-22.361316033639014,10.440809279680252,0.0019053849602929326,1.8028776370234267,8.235097713768482,23.471327304840088,334.6758931875229,-389.47256058454514
55,21665.884421616793,19921.200082823634,869.7460481896996,3.7711582481861123,0.013255181908608193,5.228234019130469,-4.254785397648812,-5.90691988170147,10.382510599493983,4.085221633315087,-4.630997130274773,engine_out,321,False,inf,no_recovery,7.090636510401964,2.9233677685260773,nan,-41.84624254703522,-21.113319508731365,-3.149701002985239,nan,upset,0,2.1 / 3.1,structural,-2.0918499678373337,nan,-3.3383602229878306,8.569236109033227,nan,nan,15.432940637692809,61.47561717033386,-183.39159786701202,100.03266222774982
43,11853.228565305471,4741.898530721664,574.1985084488988,-0.9602987207472324,-1.1268620967864997,-1.764527142047882,4.814999082684519,2.8941670954227456,-12.596058145165445,-2.6669877916574483,9.558249422907831,engine_out,212,False,inf,no_recovery,-9.499618615955114,-3.2071886211633682,nan,11.967980414628983,11.206124480813742,18.47838643938303,nan,upset,1,2.1 / 3.1,structural,35.533369183540344,nan,-15.871154344640672,-8.178770877420902,nan,nan,4.406107971444726,34.08467078208923,570.6887047737837,-80.61700612306595
62,15475.13062030077,12805.261626690626,1038.2348518818617,2.245011046528817,12.36909412443638,-5.184989947825671,-11.458735191822054,5.0364559069275865,-4.801897993683816,0.011279985308647156,2.1294826894998558,engine_out,340,False,inf,no_recovery,-21.032006051391363,32.80341774225235,nan,33.384858928620815,18.761801719665527,9.652323201298714,nan,upset,2,2.1 / 3.1,structural,10.89687168598175,nan,9.201318291015923,-4.299881542101502,nan,nan,11.051019821316004,75.56186270713806,185.40255054831505,335.59878543019295
50,5660.814609527588,7745.950461104512,743.3087307959795,-5.058803189545871,-11.689718556404115,1.719999834895134,12.011217623949054,-1.9124292209744453,2.819533261656762,-5.249648407101632,-12.5092616468668,engine_out,320,False,inf,no_recovery,26.122110206633806,-33.71220491826534,nan,-3.7301578000187874,-8.856437858194113,-24.97001526877284,nan,upset,3,2.1 / 3.1,structural,-26.831039115786552,nan,-25.63893613871187,4.733376558870077,nan,nan,29.10913087427616,54.45027756690979,-568.0279042571783,-318.7126312404871
43,14005.151402428746,10065.81619143486,582.8523395583034,-2.8667084053158765,-10.418438467383385,-3.759647581726313,-1.386485606431961,-0.4201347939670086,4.880754885077476,4.837797559797765,-1.4388034343719482,engine_out,255,False,inf,no_recovery,-6.755174361169338,28.513503298163414,nan,49.24096930772066,28.13845982775092,-22.321047205477953,nan,upset,4,2.1 / 3.1,structural,0.2955925464630127,nan,-21.156298010610044,1.776795107871294,nan,nan,18.888776879757643,37.23337697982788,-448.03161956369877,576.0913610458374
55,4210.423072949052,15125.279400870204,877.8196504339576,5.679018516093493,9.731979990005495,1.223369836807251,0.37168464660644496,3.529510561376811,-2.7969280868768696,-0.4202941283583641,12.722317689657213,engine_out,228,False,inf,no_recovery,9.868197105824947,-27.548549622297287,nan,-19.573275111615658,-3.2334142550826073,6.704901270568371,nan,upset,5,2.1 / 3.1,structural,-37.48953513801098,nan,13.156956662423909,-0.4671261180192232,nan,nan,0.8238144591450691,45.101858139038086,5.641235411167145,-593.0348094552755
49,18061.02468006313,6745.49544878304,713.8496905565262,-3.1287698373198514,-5.564840278029443,3.8029903583228597,-8.590421614050866,1.3835593722760677,-10.521131506562234,2.258703567087651,6.193551814556123,engine_out,266,False,inf,no_recovery,21.3703578338027,18.315577283501625,nan,-55.98832614719868,-26.740006115287542,28.91801878809929,nan,upset,6,2.1 / 3.1,structural,-11.441904827952385,nan,-8.400669484399259,-11.546409130096436,nan,nan,14.628178579732776,46.45597457885742,445.42836137115955,188.2590215653181
60,8268.342552408576,21924.948969334364,1009.3651778995991,0.31353292241692543,6.685426783561706,-1.267992988228798,7.567916974425316,-4.416823167353869,12.401185521483423,-4.496342562139035,-8.417068809270859,engine_out,350,False,inf,no_recovery,-25.758252404630184,-17.975580394268036,nan,26.126712039113045,1.8331293761730194,-13.305542226880789,nan,upset,7,2.1 / 3.1,structural,26.12364888191223,nan,3.25287573505193,12.928404780104756,nan,nan,25.661862613633275,75.00462174415588,-7.741206139326096,-207.65400901436806
46,3233.884599581361,8640.629268735647,652.2119641304016,-3.835862081497908,-8.491639959812165,-3.3686726018786435,-3.1739290058612823,5.394060943275691,-5.7472205668687835,0.9002296887338161,10.817519035935405,engine_out,255,False,inf,no_recovery,29.777407497167587,20.804223865270615,nan,52.5131206959486,5.192089509218931,-5.1374211721122265,nan,upset,8,2.1 / 3.1,structural,8.752134814858437,nan,11.611360120587051,-10.054921684786677,nan,nan,26.300052981823683,41.901670932769775,-120.80055065453053,409.9316317588091
58,12417.100032046437,13699.930745437741,956.1139859259129,1.0246384665369987,7.35519521534443,0.653499785810709,2.155407285690309,-2.282119017094374,0.07421927154064178,-5.857906345278026,-3.3730655103921894,engine_out,310,False,inf,no_recovery,-17.288929000496864,-20.482594445347786,nan,-22.870947048068047,-23.41034520417452,20.22621788084507,nan,upset,9,2.1 / 3.1,structural,-33.44354957342148,nan,-22.361316033639014,10.440809279680252,nan,nan,8.235097713768482,62.09806990623474,334.6758931875229,-389.47256058454514
55,21665.884421616793,19921.200082823634,869.7460481896996,3.7711582481861123,0.013255181908608193,5.228234019130469,-4.254785397648812,-5.90691988170147,10.382510599493983,4.085221633315087,-4.630997130274773,erosion_drift,122,True,0.6022627723204109,land,7.090636510401964,2.9233677685260773,0.007302882538371515,-41.84624254703522,-21.113319508731365,-3.149701002985239,0.21240310382735783,upset,0,2.10,time-varying multiplicative,-2.0918499678373337,0.3735878872136444,-3.3383602229878306,8.569236109033227,0.003332719906353366,1.8067883169612329,15.432940637692809,23.196808338165283,-183.39159786701202,100.03266222774982
43,11853.228565305471,4741.898530721664,574.1985084488988,-0.9602987207472324,-1.1268620967864997,-1.764527142047882,4.814999082684519,2.8941670954227456,-12.596058145165445,-2.6669877916574483,9.558249422907831,erosion_drift,130,True,0.6015720486699163,land,-9.499618615955114,-3.2071886211633682,0.005513434453221695,11.967980414628983,11.206124480813742,18.47838643938303,0.12874177124054706,upset,1,2.10,time-varying multiplicative,35.533369183540344,0.28672246676189755,-15.871154344640672,-8.178770877420902,0.0025862542156001333,1.804716146009749,4.406107971444726,18.500282526016235,570.6887047737837,-80.61700612306595
62,15475.13062030077,12805.261626690626,1038.2348518818617,2.245011046528817,12.36909412443638,-5.184989947825671,-11.458735191822054,5.0364559069275865,-4.801897993683816,0.011279985308647156,2.1294826894998558,erosion_drift,95,True,0.602676950750892,land,-21.032006051391363,32.80341774225235,0.008212239996133503,33.384858928620815,18.761801719665527,9.652323201298714,0.3073867040652618,upset,2,2.10,time-varying multiplicative,10.89687168598175,0.4014661750987018,9.201318291015923,-4.299881542101502,0.0032625052090546115,1.808030852252676,11.051019821316004,23.472779750823975,185.40255054831505,335.59878543019295
50,5660.814609527588,7745.950461104512,743.3087307959795,-5.058803189545871,-11.689718556404115,1.719999834895134,12.011217623949054,-1.9124292209744453,2.819533261656762,-5.249648407101632,-12.5092616468668,erosion_drift,122,False,5.1930146087505245,gate_miss,26.122110206633806,-33.71220491826534,0.7662802096171889,-3.7301578000187874,-8.856437858194113,-24.97001526877284,10.086455938143867,upset,3,2.10,time-varying multiplicative,-26.831039115786552,31.15808765250315,-25.63893613871187,4.733376558870077,0.666175214464777,2.027803149843456,29.10913087427616,24.360978603363037,-568.0279042571783,-318.7126312404871
43,14005.151402428746,10065.81619143486,582.8523395583034,-2.8667084053158765,-10.418438467383385,-3.759647581726313,-1.386485606431961,-0.4201347939670086,4.880754885077476,4.837797559797765,-1.4388034343719482,erosion_drift,186,True,0.6012926427395524,land,-6.755174361169338,28.513503298163414,0.0019815043072892785,49.24096930772066,28.13845982775092,-22.321047205477953,0.13628939816131128,upset,4,2.10,time-varying multiplicative,0.2955925464630127,0.09698047277179686,-21.156298010610044,1.776795107871294,0.0009306583872180914,1.8038779282186572,18.888776879757643,22.791194200515747,-448.03161956369877,576.0913610458374
55,4210.423072949052,15125.279400870204,877.8196504339576,5.679018516093493,9.731979990005495,1.223369836807251,0.37168464660644496,3.529510561376811,-2.7969280868768696,-0.4202941283583641,12.722317689657213,erosion_drift,143,True,0.6021562724303655,land,9.868197105824947,-27.548549622297287,0.007096652461764611,-19.573275111615658,-3.2334142550826073,6.704901270568371,0.21156834260680768,upset,5,2.10,time-varying multiplicative,-37.48953513801098,0.36286512236437374,13.156956662423909,-0.4671261180192232,0.0033032447104769545,1.8064688172910965,0.8238144591450691,25.387409448623657,5.641235411167145,-593.0348094552755
49,18061.02468006313,6745.49544878304,713.8496905565262,-3.1287698373198514,-5.564840278029443,3.8029903583228597,-8.590421614050866,1.3835593722760677,-10.521131506562234,2.258703567087651,6.193551814556123,erosion_drift,144,True,0.6019366865380413,land,21.3703578338027,18.315577283501625,0.006280129461563209,-55.98832614719868,-26.740006115287542,28.91801878809929,0.16144177199478602,upset,6,2.10,time-varying multiplicative,-11.441904827952385,0.3242515295969647,-8.400669484399259,-11.546409130096436,0.00293589406490797,1.805810059614124,14.628178579732776,22.720574617385864,445.42836137115955,188.2590215653181
60,8268.342552408576,21924.948969334364,1009.3651778995991,0.31353292241692543,6.685426783561706,-1.267992988228798,7.567916974425316,-4.416823167353869,12.401185521483423,-4.496342562139035,-8.417068809270859,erosion_drift,58,True,0.6025848901511267,land,-25.758252404630184,-17.975580394268036,0.008063364307036273,26.126712039113045,1.8331293761730194,-13.305542226880789,0.27648492321049944,upset,7,2.10,time-varying multiplicative,26.12364888191223,0.4031215508444386,3.25287573505193,12.928404780104756,0.00343156072193196,1.80775467045338,25.661862613633275,19.71308660507202,-7.741206139326096,-207.65400901436806
46,3233.884599581361,8640.629268735647,652.2119641304016,-3.835862081497908,-8.491639959812165,-3.3686726018786435,-3.1739290058612823,5.394060943275691,-5.7472205668687835,0.9002296887338161,10.817519035935405,erosion_drift,100,True,0.601441580344484,land,29.777407497167587,20.804223865270615,0.0030691070953557274,52.5131206959486,5.192089509218931,-5.1374211721122265,0.09183386576356149,upset,8,2.10,time-varying multiplicative,8.752134814858437,0.14766069169267115,11.611360120587051,-10.054921684786677,0.0011106071721439562,1.804324741033452,26.300052981823683,20.02084517478943,-120.80055065453053,409.9316317588091
58,12417.100032046437,13699.930745437741,956.1139859259129,1.0246384665369987,7.35519521534443,0.653499785810709,2.155407285690309,-2.282119017094374,0.07421927154064178,-5.857906345278026,-3.3730655103921894,erosion_drift,94,False,1.9114493489009685,gate_miss,-17.288929000496864,-20.482594445347786,0.1328579214354258,-22.870947048068047,-23.41034520417452,20.22621788084507,5.744538185366629,upset,9,2.10,time-varying multiplicative,-33.44354957342148,11.46869609340581,-22.361316033639014,10.440809279680252,0.7809893595214936,1.794758056554105,8.235097713768482,22.348334550857544,334.6758931875229,-389.47256058454514
55,21665.884421616793,19921.200082823634,869.7460481896996,3.7711582481861123,0.013255181908608193,5.228234019130469,-4.254785397648812,-5.90691988170147,10.382510599493983,4.085221633315087,-4.630997130274773,gimbal_seized,196,True,0.6007877090164625,land,7.090636510401964,2.9233677685260773,0.0037923422948337514,-41.84624254703522,-21.113319508731365,-3.149701002985239,2.0438431231479006,upset,0,1.7,structural,-2.0918499678373337,1.4569728024504502,-3.3383602229878306,8.569236109033227,0.04193042073447907,1.8023631270493874,15.432940637692809,46.931474447250366,-183.39159786701202,100.03266222774982
43,11853.228565305471,4741.898530721664,574.1985084488988,-0.9602987207472324,-1.1268620967864997,-1.764527142047882,4.814999082684519,2.8941670954227456,-12.596058145165445,-2.6669877916574483,9.558249422907831,gimbal_seized,43,True,0.6009030197713289,land,-9.499618615955114,-3.2071886211633682,0.004391244121922298,11.967980414628983,11.206124480813742,18.47838643938303,0.7363757548672892,upset,1,1.7,structural,35.533369183540344,0.5581011892098301,-15.871154344640672,-8.178770877420902,0.014777492594251436,1.8027090593139867,4.406107971444726,12.51109528541565,570.6887047737837,-80.61700612306595
62,15475.13062030077,12805.261626690626,1038.2348518818617,2.245011046528817,12.36909412443638,-5.184989947825671,-11.458735191822054,5.0364559069275865,-4.801897993683816,0.011279985308647156,2.1294826894998558,gimbal_seized,101,True,0.6008310500222372,land,-21.032006051391363,32.80341774225235,0.004911502750791003,33.384858928620815,18.761801719665527,9.652323201298714,2.0222206201656294,upset,2,1.7,structural,10.89687168598175,1.3956869562485799,9.201318291015923,-4.299881542101502,0.03941428659200365,1.8024931500667118,11.051019821316004,30.776153564453125,185.40255054831505,335.59878543019295
50,5660.814609527588,7745.950461104512,743.3087307959795,-5.058803189545871,-11.689718556404115,1.719999834895134,12.011217623949054,-1.9124292209744453,2.819533261656762,-5.249648407101632,-12.5092616468668,gimbal_seized,101,False,1.0019237928840772,gate_miss,26.122110206633806,-33.71220491826534,0.2372246442693509,-3.7301578000187874,-8.856437858194113,-24.97001526877284,2.889279007392913,upset,3,1.7,structural,-26.831039115786552,6.011542757304463,-25.63893613871187,4.733376558870077,0.29315885867275887,1.817834731761988,29.10913087427616,24.63419818878174,-568.0279042571783,-318.7126312404871
43,14005.151402428746,10065.81619143486,582.8523395583034,-2.8667084053158765,-10.418438467383385,-3.759647581726313,-1.386485606431961,-0.4201347939670086,4.880754885077476,4.837797559797765,-1.4388034343719482,gimbal_seized,72,True,0.6008708035650828,land,-6.755174361169338,28.513503298163414,0.002779744085255211,49.24096930772066,28.13845982775092,-22.321047205477953,0.8593827901620241,upset,4,1.7,structural,0.2955925464630127,0.5182577481591758,-21.156298010610044,1.776795107871294,0.019328418634469553,1.8026124106952484,18.888776879757643,16.977596759796143,-448.03161956369877,576.0913610458374
55,4210.423072949052,15125.279400870204,877.8196504339576,5.679018516093493,9.731979990005495,1.223369836807251,0.37168464660644496,3.529510561376811,-2.7969280868768696,-0.4202941283583641,12.722317689657213,gimbal_seized,108,True,0.6009142818808955,land,9.868197105824947,-27.548549622297287,0.0020368204213706406,-19.573275111615658,-3.2334142550826073,6.704901270568371,0.3985428386799999,upset,5,1.7,structural,-37.48953513801098,0.27697731557183675,13.156956662423909,-0.4671261180192232,0.00794470710604225,1.8027428456426864,0.8238144591450691,28.830500841140747,5.641235411167145,-593.0348094552755
49,18061.02468006313,6745.49544878304,713.8496905565262,-3.1287698373198514,-5.564840278029443,3.8029903583228597,-8.590421614050866,1.3835593722760677,-10.521131506562234,2.258703567087651,6.193551814556123,gimbal_seized,123,True,0.6008536884461869,land,21.3703578338027,18.315577283501625,0.003213517300862957,-55.98832614719868,-26.740006115287542,28.91801878809929,1.4583452984904832,upset,6,1.7,structural,-11.441904827952385,1.017445150936033,-8.400669484399259,-11.546409130096436,0.029272711734887408,1.8025610653385609,14.628178579732776,26.65640115737915,445.42836137115955,188.2590215653181
60,8268.342552408576,21924.948969334364,1009.3651778995991,0.31353292241692543,6.685426783561706,-1.267992988228798,7.567916974425316,-4.416823167353869,12.401185521483423,-4.496342562139035,-8.417068809270859,gimbal_seized,126,True,0.6009086472980047,land,-25.758252404630184,-17.975580394268036,0.0030405999220783652,26.126712039113045,1.8331293761730194,-13.305542226880789,0.427209656848641,upset,7,1.7,structural,26.12364888191223,0.32972486941939283,3.25287573505193,12.928404780104756,0.008685012349132118,1.8027259418940142,25.661862613633275,36.52808976173401,-7.741206139326096,-207.65400901436806
46,3233.884599581361,8640.629268735647,652.2119641304016,-3.835862081497908,-8.491639959812165,-3.3686726018786435,-3.1739290058612823,5.394060943275691,-5.7472205668687835,0.9002296887338161,10.817519035935405,gimbal_seized,124,True,0.6008533769815626,land,29.777407497167587,20.804223865270615,0.003392324402211335,52.5131206959486,5.192089509218931,-5.1374211721122265,1.2052085520788756,upset,8,1.7,structural,8.752134814858437,0.864160172365979,11.611360120587051,-10.054921684786677,0.0247126670352443,1.802560130944688,26.300052981823683,28.199572563171387,-120.80055065453053,409.9316317588091
58,12417.100032046437,13699.930745437741,956.1139859259129,1.0246384665369987,7.35519521534443,0.653499785810709,2.155407285690309,-2.282119017094374,0.07421927154064178,-5.857906345278026,-3.3730655103921894,gimbal_seized,72,True,0.6010124218641363,land,-17.288929000496864,-20.482594445347786,0.010119695958360162,-22.870947048068047,-23.41034520417452,20.22621788084507,0.35204027033769636,upset,9,1.7,structural,-33.44354957342148,0.7331326971426373,-22.361316033639014,10.440809279680252,0.011232546490813863,1.803037265592409,8.235097713768482,23.54358196258545,334.6758931875229,-389.47256058454514
55,21665.884421616793,19921.200082823634,869.7460481896996,3.7711582481861123,0.013255181908608193,5.228234019130469,-4.254785397648812,-5.90691988170147,10.382510599493983,4.085221633315087,-4.630997130274773,gimbal_slow,47,True,0.6009069897454451,land,7.090636510401964,2.9233677685260773,0.00029135148768607086,-41.84624254703522,-21.113319508731365,-3.149701002985239,0.005731488315033407,upset,0,2.5,multiplicative,-2.0918499678373337,0.015379103179078252,-3.3383602229878306,8.569236109033227,0.00014361781307854285,1.8027209692363353,15.432940637692809,15.459352731704712,-183.39159786701202,100.03266222774982
43,11853.228565305471,4741.898530721664,574.1985084488988,-0.9602987207472324,-1.1268620967864997,-1.764527142047882,4.814999082684519,2.8941670954227456,-12.596058145165445,-2.6669877916574483,9.558249422907831,gimbal_slow,58,True,0.6009067030424737,land,-9.499618615955114,-3.2071886211633682,0.0006885534090613683,11.967980414628983,11.206124480813742,18.47838643938303,0.0351772222092529,upset,1,2.5,multiplicative,35.533369183540344,0.04320367208590351,-15.871154344640672,-8.178770877420902,0.0006413335772997399,1.8027201091274212,4.406107971444726,12.609111309051514,570.6887047737837,-80.61700612306595
62,15475.13062030077,12805.261626690626,1038.2348518818617,2.245011046528817,12.36909412443638,-5.184989947825671,-11.458735191822054,5.0364559069275865,-4.801897993683816,0.011279985308647156,2.1294826894998558,gimbal_slow,85,False,inf,no_recovery,-21.032006051391363,32.80341774225235,nan,33.384858928620815,18.761801719665527,9.652323201298714,nan,upset,2,2.5,multiplicative,10.89687168598175,nan,9.201318291015923,-4.299881542101502,nan,nan,11.051019821316004,21.696007013320923,185.40255054831505,335.59878543019295
50,5660.814609527588,7745.950461104512,743.3087307959795,-5.058803189545871,-11.689718556404115,1.719999834895134,12.011217623949054,-1.9124292209744453,2.819533261656762,-5.249648407101632,-12.5092616468668,gimbal_slow,78,False,inf,no_recovery,26.122110206633806,-33.71220491826534,nan,-3.7301578000187874,-8.856437858194113,-24.97001526877284,nan,upset,3,2.5,multiplicative,-26.831039115786552,nan,-25.63893613871187,4.733376558870077,nan,nan,29.10913087427616,17.93601942062378,-568.0279042571783,-318.7126312404871
43,14005.151402428746,10065.81619143486,582.8523395583034,-2.8667084053158765,-10.418438467383385,-3.759647581726313,-1.386485606431961,-0.4201347939670086,4.880754885077476,4.837797559797765,-1.4388034343719482,gimbal_slow,78,True,0.6009183129691656,land,-6.755174361169338,28.513503298163414,0.003426935505875414,49.24096930772066,28.13845982775092,-22.321047205477953,0.11193831013722617,upset,4,2.5,multiplicative,0.2955925464630127,0.20581546336143386,-21.156298010610044,1.776795107871294,0.0028494869350152406,1.8027549389074968,18.888776879757643,14.40989089012146,-448.03161956369877,576.0913610458374
55,4210.423072949052,15125.279400870204,877.8196504339576,5.679018516093493,9.731979990005495,1.223369836807251,0.37168464660644496,3.529510561376811,-2.7969280868768696,-0.4202941283583641,12.722317689657213,gimbal_slow,48,False,inf,no_recovery,9.868197105824947,-27.548549622297287,nan,-19.573275111615658,-3.2334142550826073,6.704901270568371,nan,upset,5,2.5,multiplicative,-37.48953513801098,nan,13.156956662423909,-0.4671261180192232,nan,nan,0.8238144591450691,15.423832178115845,5.641235411167145,-593.0348094552755
49,18061.02468006313,6745.49544878304,713.8496905565262,-3.1287698373198514,-5.564840278029443,3.8029903583228597,-8.590421614050866,1.3835593722760677,-10.521131506562234,2.258703567087651,6.193551814556123,gimbal_slow,55,True,0.6009074865971499,land,21.3703578338027,18.315577283501625,0.0004595470052936683,-55.98832614719868,-26.740006115287542,28.91801878809929,0.008801958920224996,upset,6,2.5,multiplicative,-11.441904827952385,0.0245931588862674,-8.400669484399259,-11.546409130096436,0.00022699933791757063,1.8027224597914495,14.628178579732776,14.232073545455933,445.42836137115955,188.2590215653181
60,8268.342552408576,21924.948969334364,1009.3651778995991,0.31353292241692543,6.685426783561706,-1.267992988228798,7.567916974425316,-4.416823167353869,12.401185521483423,-4.496342562139035,-8.417068809270859,gimbal_slow,44,False,inf,no_recovery,-25.758252404630184,-17.975580394268036,nan,26.126712039113045,1.8331293761730194,-13.305542226880789,nan,upset,7,2.5,multiplicative,26.12364888191223,nan,3.25287573505193,12.928404780104756,nan,nan,25.661862613633275,17.71397352218628,-7.741206139326096,-207.65400901436806
46,3233.884599581361,8640.629268735647,652.2119641304016,-3.835862081497908,-8.491639959812165,-3.3686726018786435,-3.1739290058612823,5.394060943275691,-5.7472205668687835,0.9002296887338161,10.817519035935405,gimbal_slow,29,False,inf,no_recovery,29.777407497167587,20.804223865270615,nan,52.5131206959486,5.192089509218931,-5.1374211721122265,nan,upset,8,2.5,multiplicative,8.752134814858437,nan,11.611360120587051,-10.054921684786677,nan,nan,26.300052981823683,12.191321849822998,-120.80055065453053,409.9316317588091
58,12417.100032046437,13699.930745437741,956.1139859259129,1.0246384665369987,7.35519521534443,0.653499785810709,2.155407285690309,-2.282119017094374,0.07421927154064178,-5.857906345278026,-3.3730655103921894,gimbal_slow,95,False,inf,no_recovery,-17.288929000496864,-20.482594445347786,nan,-22.870947048068047,-23.41034520417452,20.22621788084507,nan,upset,9,2.5,multiplicative,-33.44354957342148,nan,-22.361316033639014,10.440809279680252,nan,nan,8.235097713768482,20.119845390319824,334.6758931875229,-389.47256058454514
55,21665.884421616793,19921.200082823634,869.7460481896996,3.7711582481861123,0.013255181908608193,5.228234019130469,-4.254785397648812,-5.90691988170147,10.382510599493983,4.085221633315087,-4.630997130274773,gimbal_underdamped,85,True,0.6009128706728498,land,7.090636510401964,2.9233677685260773,0.0003338733747180895,-41.84624254703522,-21.113319508731365,-3.149701002985239,0.006658752408712869,upset,0,2.3 / 2.8,multiplicative,-2.0918499678373337,0.017468022341440355,-3.3383602229878306,8.569236109033227,0.00015778484355361312,1.8027386120185496,15.432940637692809,19.18140697479248,-183.39159786701202,100.03266222774982
43,11853.228565305471,4741.898530721664,574.1985084488988,-0.9602987207472324,-1.1268620967864997,-1.764527142047882,4.814999082684519,2.8941670954227456,-12.596058145165445,-2.6669877916574483,9.558249422907831,gimbal_underdamped,63,True,0.6009037563831238,land,-9.499618615955114,-3.2071886211633682,0.0008987222822533751,11.967980414628983,11.206124480813742,18.47838643938303,0.027537700754494243,upset,1,2.3 / 2.8,multiplicative,35.533369183540344,0.04828427141732441,-15.871154344640672,-8.178770877420902,0.0005200160447321124,1.8027112691493714,4.406107971444726,13.418456792831421,570.6887047737837,-80.61700612306595
62,15475.13062030077,12805.261626690626,1038.2348518818617,2.245011046528817,12.36909412443638,-5.184989947825671,-11.458735191822054,5.0364559069275865,-4.801897993683816,0.011279985308647156,2.1294826894998558,gimbal_underdamped,71,False,inf,no_recovery,-21.032006051391363,32.80341774225235,nan,33.384858928620815,18.761801719665527,9.652323201298714,nan,upset,2,2.3 / 2.8,multiplicative,10.89687168598175,nan,9.201318291015923,-4.299881542101502,nan,nan,11.051019821316004,19.502941608428955,185.40255054831505,335.59878543019295
50,5660.814609527588,7745.950461104512,743.3087307959795,-5.058803189545871,-11.689718556404115,1.719999834895134,12.011217623949054,-1.9124292209744453,2.819533261656762,-5.249648407101632,-12.5092616468668,gimbal_underdamped,48,False,inf,no_recovery,26.122110206633806,-33.71220491826534,nan,-3.7301578000187874,-8.856437858194113,-24.97001526877284,nan,upset,3,2.3 / 2.8,multiplicative,-26.831039115786552,nan,-25.63893613871187,4.733376558870077,nan,nan,29.10913087427616,15.047908544540405,-568.0279042571783,-318.7126312404871
43,14005.151402428746,10065.81619143486,582.8523395583034,-2.8667084053158765,-10.418438467383385,-3.759647581726313,-1.386485606431961,-0.4201347939670086,4.880754885077476,4.837797559797765,-1.4388034343719482,gimbal_underdamped,58,True,0.6009165030416183,land,-6.755174361169338,28.513503298163414,0.0014823107775592177,49.24096930772066,28.13845982775092,-22.321047205477953,0.07628016061806506,upset,4,2.3 / 2.8,multiplicative,0.2955925464630127,0.08424246578983327,-21.156298010610044,1.776795107871294,0.0011394809605804355,1.8027495091248547,18.888776879757643,12.51632809638977,-448.03161956369877,576.0913610458374
55,4210.423072949052,15125.279400870204,877.8196504339576,5.679018516093493,9.731979990005495,1.223369836807251,0.37168464660644496,3.529510561376811,-2.7969280868768696,-0.4202941283583641,12.722317689657213,gimbal_underdamped,74,True,0.6009056175108637,land,9.868197105824947,-27.548549622297287,0.0014894007711751297,-19.573275111615658,-3.2334142550826073,6.704901270568371,0.024972823508042738,upset,5,2.3 / 2.8,multiplicative,-37.48953513801098,0.07830116355054638,13.156956662423909,-0.4671261180192232,0.0006800289088619916,1.8027168525325912,0.8238144591450691,17.77036762237549,5.641235411167145,-593.0348094552755
49,18061.02468006313,6745.49544878304,713.8496905565262,-3.1287698373198514,-5.564840278029443,3.8029903583228597,-8.590421614050866,1.3835593722760677,-10.521131506562234,2.258703567087651,6.193551814556123,gimbal_underdamped,110,True,0.6009094150649787,land,21.3703578338027,18.315577283501625,0.0006504074573237401,-55.98832614719868,-26.740006115287542,28.91801878809929,0.010845946554686275,upset,6,2.3 / 2.8,multiplicative,-11.441904827952385,0.03457138041578703,-8.400669484399259,-11.546409130096436,0.000316838847733518,1.8027282451949362,14.628178579732776,19.193716764450073,445.42836137115955,188.2590215653181
60,8268.342552408576,21924.948969334364,1009.3651778995991,0.31353292241692543,6.685426783561706,-1.267992988228798,7.567916974425316,-4.416823167353869,12.401185521483423,-4.496342562139035,-8.417068809270859,gimbal_underdamped,82,True,0.6009094314119654,land,-25.758252404630184,-17.975580394268036,0.0006171100955783542,26.126712039113045,1.8331293761730194,-13.305542226880789,0.009878885663078448,upset,7,2.3 / 2.8,multiplicative,26.12364888191223,0.032353838282415275,3.25287573505193,12.928404780104756,0.00029416427243588795,1.8027282942358962,25.661862613633275,23.419393062591553,-7.741206139326096,-207.65400901436806
46,3233.884599581361,8640.629268735647,652.2119641304016,-3.835862081497908,-8.491639959812165,-3.3686726018786435,-3.1739290058612823,5.394060943275691,-5.7472205668687835,0.9002296887338161,10.817519035935405,gimbal_underdamped,62,True,0.6009269712676192,land,29.777407497167587,20.804223865270615,0.0010281415288791514,52.5131206959486,5.192089509218931,-5.1374211721122265,0.018506785960513725,upset,8,2.3 / 2.8,multiplicative,8.752134814858437,0.0542223924733989,11.611360120587051,-10.054921684786677,0.0004995788680859775,1.8027809138028574,26.300052981823683,15.775156497955322,-120.80055065453053,409.9316317588091
58,12417.100032046437,13699.930745437741,956.1139859259129,1.0246384665369987,7.35519521534443,0.653499785810709,2.155407285690309,-2.282119017094374,0.07421927154064178,-5.857906345278026,-3.3730655103921894,gimbal_underdamped,83,True,0.600971224033729,land,-17.288929000496864,-20.482594445347786,0.0016547012655291457,-22.870947048068047,-23.41034520417452,20.22621788084507,0.06395915457100909,upset,9,2.3 / 2.8,multiplicative,-33.44354957342148,0.0897440056021908,-22.361316033639014,10.440809279680252,0.0006696951875646876,1.8029136721011871,8.235097713768482,19.40988254547119,334.6758931875229,-389.47256058454514
55,21665.884421616793,19921.200082823634,869.7460481896996,3.7711582481861123,0.013255181908608193,5.228234019130469,-4.254785397648812,-5.90691988170147,10.382510599493983,4.085221633315087,-4.630997130274773,healthy,160,True,0.6009106284821589,land,7.090636510401964,2.9233677685260773,0.0003190588137850442,-41.84624254703522,-21.113319508731365,-3.149701002985239,0.005459315594298982,upset,0,—,none,-2.0918499678373337,0.016720570250362415,-3.3383602229878306,8.569236109033227,0.0001513056905187894,1.8027318854464767,15.432940637692809,27.22335124015808,-183.39159786701202,100.03266222774982
43,11853.228565305471,4741.898530721664,574.1985084488988,-0.9602987207472324,-1.1268620967864997,-1.764527142047882,4.814999082684519,2.8941670954227456,-12.596058145165445,-2.6669877916574483,9.558249422907831,healthy,57,True,0.6009042988486882,land,-9.499618615955114,-3.2071886211633682,0.0009629116128681756,11.967980414628983,11.206124480813742,18.47838643938303,0.024019212460761052,upset,1,—,none,35.533369183540344,0.050529799232741646,-15.871154344640672,-8.178770877420902,0.0004782179256615022,1.8027128965460648,4.406107971444726,12.773822546005249,570.6887047737837,-80.61700612306595
62,15475.13062030077,12805.261626690626,1038.2348518818617,2.245011046528817,12.36909412443638,-5.184989947825671,-11.458735191822054,5.0364559069275865,-4.801897993683816,0.011279985308647156,2.1294826894998558,healthy,114,True,0.6009094248894421,land,-21.032006051391363,32.80341774225235,0.00013095150427213192,33.384858928620815,18.761801719665527,9.652323201298714,0.006784554264289217,upset,2,—,none,10.89687168598175,0.006979952306535767,9.201318291015923,-4.299881542101502,7.186276240720361e-05,1.8027282746683264,11.051019821316004,25.472440242767334,185.40255054831505,335.59878543019295
50,5660.814609527588,7745.950461104512,743.3087307959795,-5.058803189545871,-11.689718556404115,1.719999834895134,12.011217623949054,-1.9124292209744453,2.819533261656762,-5.249648407101632,-12.5092616468668,healthy,139,True,0.7402673468324514,land,26.122110206633806,-33.71220491826534,0.07802868367932622,-3.7301578000187874,-8.856437858194113,-24.97001526877284,1.0176489195524143,upset,3,—,none,-26.831039115786552,4.441604080994709,-25.63893613871187,4.733376558870077,0.04919942388068699,1.8071815582389223,29.10913087427616,27.126654624938965,-568.0279042571783,-318.7126312404871
43,14005.151402428746,10065.81619143486,582.8523395583034,-2.8667084053158765,-10.418438467383385,-3.759647581726313,-1.386485606431961,-0.4201347939670086,4.880754885077476,4.837797559797765,-1.4388034343719482,healthy,83,True,0.6009227672987354,land,-6.755174361169338,28.513503298163414,0.0022284913825181573,49.24096930772066,28.13845982775092,-22.321047205477953,0.09233417198828274,upset,4,—,none,0.2955925464630127,0.13468623388798223,-21.156298010610044,1.776795107871294,0.001976653529596501,1.8027683018962062,18.888776879757643,14.93515133857727,-448.03161956369877,576.0913610458374
55,4210.423072949052,15125.279400870204,877.8196504339576,5.679018516093493,9.731979990005495,1.223369836807251,0.37168464660644496,3.529510561376811,-2.7969280868768696,-0.4202941283583641,12.722317689657213,healthy,149,True,0.6009060484380635,land,9.868197105824947,-27.548549622297287,0.00163302017093708,-19.573275111615658,-3.2334142550826073,6.704901270568371,0.02774881371824838,upset,5,—,none,-37.48953513801098,0.08615821956153824,13.156956662423909,-0.4671261180192232,0.0007601868050534498,1.8027181453141905,0.8238144591450691,25.912291049957275,5.641235411167145,-593.0348094552755
49,18061.02468006313,6745.49544878304,713.8496905565262,-3.1287698373198514,-5.564840278029443,3.8029903583228597,-8.590421614050866,1.3835593722760677,-10.521131506562234,2.258703567087651,6.193551814556123,healthy,56,True,0.600923078244332,land,21.3703578338027,18.315577283501625,0.0004937398130151812,-55.98832614719868,-26.740006115287542,28.91801878809929,0.008892176904824238,upset,6,—,none,-11.441904827952385,0.02610942959804013,-8.400669484399259,-11.546409130096436,0.00023671216194054862,1.802769234732996,14.628178579732776,14.50259804725647,445.42836137115955,188.2590215653181
60,8268.342552408576,21924.948969334364,1009.3651778995991,0.31353292241692543,6.685426783561706,-1.267992988228798,7.567916974425316,-4.416823167353869,12.401185521483423,-4.496342562139035,-8.417068809270859,healthy,104,True,0.6009110565666688,land,-25.758252404630184,-17.975580394268036,0.0006910218712292809,26.126712039113045,1.8331293761730194,-13.305542226880789,0.010924286437248165,upset,7,—,none,26.12364888191223,0.03622188018111531,3.25287573505193,12.928404780104756,0.000328692731984028,1.8027331697000062,25.661862613633275,28.27997064590454,-7.741206139326096,-207.65400901436806
46,3233.884599581361,8640.629268735647,652.2119641304016,-3.835862081497908,-8.491639959812165,-3.3686726018786435,-3.1739290058612823,5.394060943275691,-5.7472205668687835,0.9002296887338161,10.817519035935405,healthy,153,True,0.6009091599517048,land,29.777407497167587,20.804223865270615,0.0016471415794805874,52.5131206959486,5.192089509218931,-5.1374211721122265,0.02625854423984229,upset,8,—,none,8.752134814858437,0.08630004903769788,11.611360120587051,-10.054921684786677,0.0007779120017982761,1.8027274798551143,26.300052981823683,26.107258558273315,-120.80055065453053,409.9316317588091
58,12417.100032046437,13699.930745437741,956.1139859259129,1.0246384665369987,7.35519521534443,0.653499785810709,2.155407285690309,-2.282119017094374,0.07421927154064178,-5.857906345278026,-3.3730655103921894,healthy,124,True,0.6009860101980496,land,-17.288929000496864,-20.482594445347786,0.003850411678601003,-22.870947048068047,-23.41034520417452,20.22621788084507,0.1940240436988446,upset,9,—,none,-33.44354957342148,0.2198027725518381,-22.361316033639014,10.440809279680252,0.002234194205812479,1.8029580305941488,8.235097713768482,24.86477756500244,334.6758931875229,-389.47256058454514
55,21665.884421616793,19921.200082823634,869.7460481896996,3.7711582481861123,0.013255181908608193,5.228234019130469,-4.254785397648812,-5.90691988170147,10.382510599493983,4.085221633315087,-4.630997130274773,mixture_ratio,131,True,0.6009043980959486,land,7.090636510401964,2.9233677685260773,0.0011329858664145401,-41.84624254703522,-21.113319508731365,-3.149701002985239,0.020049096489362976,upset,0,2.4,multiplicative (coupled),-2.0918499678373337,0.06041988945435802,-3.3383602229878306,8.569236109033227,0.0005780613050868369,1.8027131942878458,15.432940637692809,24.755474090576172,-183.39159786701202,100.03266222774982
43,11853.228565305471,4741.898530721664,574.1985084488988,-0.9602987207472324,-1.1268620967864997,-1.764527142047882,4.814999082684519,2.8941670954227456,-12.596058145165445,-2.6669877916574483,9.558249422907831,mixture_ratio,58,True,0.6009173926288177,land,-9.499618615955114,-3.2071886211633682,0.0014220158869686465,11.967980414628983,11.206124480813742,18.47838643938303,0.03256416672142831,upset,1,2.4,multiplicative (coupled),35.533369183540344,0.07680297050393603,-15.871154344640672,-8.178770877420902,0.0006495697977922778,1.802752177886453,4.406107971444726,13.000578165054321,570.6887047737837,-80.61700612306595
62,15475.13062030077,12805.261626690626,1038.2348518818617,2.245011046528817,12.36909412443638,-5.184989947825671,-11.458735191822054,5.0364559069275865,-4.801897993683816,0.011279985308647156,2.1294826894998558,mixture_ratio,158,True,0.6009026020132584,land,-21.032006051391363,32.80341774225235,0.0009556283528835712,33.384858928620815,18.761801719665527,9.652323201298714,0.018312850475946968,upset,2,2.4,multiplicative (coupled),10.89687168598175,0.05067865790384541,9.201318291015923,-4.299881542101502,0.00048367225573931735,1.8027078060397752,11.051019821316004,29.81358051300049,185.40255054831505,335.59878543019295
50,5660.814609527588,7745.950461104512,743.3087307959795,-5.058803189545871,-11.689718556404115,1.719999834895134,12.011217623949054,-1.9124292209744453,2.819533261656762,-5.249648407101632,-12.5092616468668,mixture_ratio,173,False,1.1740137221310432,gate_miss,26.122110206633806,-33.71220491826534,0.19745195594460746,-3.7301578000187874,-8.856437858194113,-24.97001526877284,3.401279726781668,upset,3,2.4,multiplicative (coupled),-26.831039115786552,7.0440823327862585,-25.63893613871187,4.733376558870077,0.1733204035502047,1.828924268498611,29.10913087427616,33.01903033256531,-568.0279042571783,-318.7126312404871
43,14005.151402428746,10065.81619143486,582.8523395583034,-2.8667084053158765,-10.418438467383385,-3.759647581726313,-1.386485606431961,-0.4201347939670086,4.880754885077476,4.837797559797765,-1.4388034343719482,mixture_ratio,167,True,0.6009814879602163,land,-6.755174361169338,28.513503298163414,0.0031247958625488675,49.24096930772066,28.13845982775092,-22.321047205477953,0.07622214367985067,upset,4,2.4,multiplicative (coupled),0.2955925464630127,0.16673789403161693,-21.156298010610044,1.776795107871294,0.0018748724345427317,1.802944463880649,18.888776879757643,21.463205575942993,-448.03161956369877,576.0913610458374
55,4210.423072949052,15125.279400870204,877.8196504339576,5.679018516093493,9.731979990005495,1.223369836807251,0.37168464660644496,3.529510561376811,-2.7969280868768696,-0.4202941283583641,12.722317689657213,mixture_ratio,73,True,0.6009096698273523,land,9.868197105824947,-27.548549622297287,0.0004084192145797971,-19.573275111615658,-3.2334142550826073,6.704901270568371,0.022706937072993837,upset,5,2.4,multiplicative (coupled),-37.48953513801098,0.019674579784670385,13.156956662423909,-0.4671261180192232,0.0001765018435631174,1.8027290094820567,0.8238144591450691,17.953147411346436,5.641235411167145,-593.0348094552755
49,18061.02468006313,6745.49544878304,713.8496905565262,-3.1287698373198514,-5.564840278029443,3.8029903583228597,-8.590421614050866,1.3835593722760677,-10.521131506562234,2.258703567087651,6.193551814556123,mixture_ratio,42,True,0.6009022007679071,land,21.3703578338027,18.315577283501625,0.0015665321107574616,-55.98832614719868,-26.740006115287542,28.91801878809929,0.030546265254003214,upset,6,2.4,multiplicative (coupled),-11.441904827952385,0.08382653123267224,-8.400669484399259,-11.546409130096436,0.0007934823761866985,1.8027066023037215,14.628178579732776,13.883684873580933,445.42836137115955,188.2590215653181
60,8268.342552408576,21924.948969334364,1009.3651778995991,0.31353292241692543,6.685426783561706,-1.267992988228798,7.567916974425316,-4.416823167353869,12.401185521483423,-4.496342562139035,-8.417068809270859,mixture_ratio,136,True,0.600911294054578,land,-25.758252404630184,-17.975580394268036,0.0007119128376678988,26.126712039113045,1.8331293761730194,-13.305542226880789,0.012290724294447993,upset,7,2.4,multiplicative (coupled),26.12364888191223,0.037929116932620806,3.25287573505193,12.928404780104756,0.000362716753878344,1.802733882163734,25.661862613633275,33.11333775520325,-7.741206139326096,-207.65400901436806
46,3233.884599581361,8640.629268735647,652.2119641304016,-3.835862081497908,-8.491639959812165,-3.3686726018786435,-3.1739290058612823,5.394060943275691,-5.7472205668687835,0.9002296887338161,10.817519035935405,mixture_ratio,146,True,0.6009012172287188,land,29.777407497167587,20.804223865270615,0.0015443945172913533,52.5131206959486,5.192089509218931,-5.1374211721122265,0.02767710514365389,upset,8,2.4,multiplicative (coupled),8.752134814858437,0.08205798692074173,11.611360120587051,-10.054921684786677,0.0007720140239707794,1.8027036516861565,26.300052981823683,26.95174264907837,-120.80055065453053,409.9316317588091
58,12417.100032046437,13699.930745437741,956.1139859259129,1.0246384665369987,7.35519521534443,0.653499785810709,2.155407285690309,-2.282119017094374,0.07421927154064178,-5.857906345278026,-3.3730655103921894,mixture_ratio,81,True,0.6009218648710696,land,-17.288929000496864,-20.482594445347786,0.009754928973175585,-22.870947048068047,-23.41034520417452,20.22621788084507,0.27133509053453647,upset,9,2.4,multiplicative (coupled),-33.44354957342148,0.5669300067660955,-22.361316033639014,10.440809279680252,0.005829951610624155,1.8027655946132088,8.235097713768482,20.11423397064209,334.6758931875229,-389.47256058454514
55,21665.884421616793,19921.200082823634,869.7460481896996,3.7711582481861123,0.013255181908608193,5.228234019130469,-4.254785397648812,-5.90691988170147,10.382510599493983,4.085221633315087,-4.630997130274773,slow_thrust,90,True,0.6009182379423488,land,7.090636510401964,2.9233677685260773,0.0011408208486216518,-41.84624254703522,-21.113319508731365,-3.149701002985239,0.019616427392705783,upset,0,2.5,multiplicative,-2.0918499678373337,0.06050178602623624,-3.3383602229878306,8.569236109033227,0.0005702797751019576,1.8027547138270463,15.432940637692809,19.79159379005432,-183.39159786701202,100.03266222774982
43,11853.228565305471,4741.898530721664,574.1985084488988,-0.9602987207472324,-1.1268620967864997,-1.764527142047882,4.814999082684519,2.8941670954227456,-12.596058145165445,-2.6669877916574483,9.558249422907831,slow_thrust,69,True,0.6009565470889215,land,-9.499618615955114,-3.2071886211633682,0.0013302059730005208,11.967980414628983,11.206124480813742,18.47838643938303,0.03350319718871621,upset,1,2.5,multiplicative,35.533369183540344,0.07488968425258301,-15.871154344640672,-8.178770877420902,0.0009795479216854696,1.8028696412667646,4.406107971444726,13.902905464172363,570.6887047737837,-80.61700612306595
62,15475.13062030077,12805.261626690626,1038.2348518818617,2.245011046528817,12.36909412443638,-5.184989947825671,-11.458735191822054,5.0364559069275865,-4.801897993683816,0.011279985308647156,2.1294826894998558,slow_thrust,250,True,0.6009053900358994,land,-21.032006051391363,32.80341774225235,0.0008161270855469608,33.384858928620815,18.761801719665527,9.652323201298714,0.02089715478378832,upset,2,2.5,multiplicative,10.89687168598175,0.04445536685180909,9.201318291015923,-4.299881542101502,0.0004791474834615136,1.8027161701076981,11.051019821316004,39.74269914627075,185.40255054831505,335.59878543019295
50,5660.814609527588,7745.950461104512,743.3087307959795,-5.058803189545871,-11.689718556404115,1.719999834895134,12.011217623949054,-1.9124292209744453,2.819533261656762,-5.249648407101632,-12.5092616468668,slow_thrust,99,False,1.0030182372130028,gate_miss,26.122110206633806,-33.71220491826534,0.17040501217638307,-3.7301578000187874,-8.856437858194113,-24.97001526877284,2.3406899282842906,upset,3,2.5,multiplicative,-26.831039115786552,6.018109423278017,-25.63893613871187,4.733376558870077,0.24335563987920047,1.824274323347832,29.10913087427616,22.02410125732422,-568.0279042571783,-318.7126312404871
43,14005.151402428746,10065.81619143486,582.8523395583034,-2.8667084053158765,-10.418438467383385,-3.759647581726313,-1.386485606431961,-0.4201347939670086,4.880754885077476,4.837797559797765,-1.4388034343719482,slow_thrust,60,True,0.6009028227910637,land,-6.755174361169338,28.513503298163414,0.0029038030688309058,49.24096930772066,28.13845982775092,-22.321047205477953,0.07191535880021141,upset,4,2.5,multiplicative,0.2955925464630127,0.1518451407730106,-21.156298010610044,1.776795107871294,0.001339053871964379,1.8027084683731909,18.888776879757643,12.71274471282959,-448.03161956369877,576.0913610458374
55,4210.423072949052,15125.279400870204,877.8196504339576,5.679018516093493,9.731979990005495,1.223369836807251,0.37168464660644496,3.529510561376811,-2.7969280868768696,-0.4202941283583641,12.722317689657213,slow_thrust,99,True,0.6013178980824639,land,9.868197105824947,-27.548549622297287,0.002510261953418953,-19.573275111615658,-3.2334142550826073,6.704901270568371,0.045940277142839325,upset,5,2.5,multiplicative,-37.48953513801098,0.12415642188048243,13.156956662423909,-0.4671261180192232,0.0010123266145734796,1.8039536942473917,0.8238144591450691,20.746173858642578,5.641235411167145,-593.0348094552755
49,18061.02468006313,6745.49544878304,713.8496905565262,-3.1287698373198514,-5.564840278029443,3.8029903583228597,-8.590421614050866,1.3835593722760677,-10.521131506562234,2.258703567087651,6.193551814556123,slow_thrust,77,True,0.6009045512658048,land,21.3703578338027,18.315577283501625,0.001576270854957871,-55.98832614719868,-26.740006115287542,28.91801878809929,0.03184847724887412,upset,6,2.5,multiplicative,-11.441904827952385,0.08470479274917173,-8.400669484399259,-11.546409130096436,0.000873918072251756,1.8027136537974142,14.628178579732776,16.53158187866211,445.42836137115955,188.2590215653181
60,8268.342552408576,21924.948969334364,1009.3651778995991,0.31353292241692543,6.685426783561706,-1.267992988228798,7.567916974425316,-4.416823167353869,12.401185521483423,-4.496342562139035,-8.417068809270859,slow_thrust,84,False,inf,no_recovery,-25.758252404630184,-17.975580394268036,nan,26.126712039113045,1.8331293761730194,-13.305542226880789,nan,upset,7,2.5,multiplicative,26.12364888191223,nan,3.25287573505193,12.928404780104756,nan,nan,25.661862613633275,23.59450125694275,-7.741206139326096,-207.65400901436806
46,3233.884599581361,8640.629268735647,652.2119641304016,-3.835862081497908,-8.491639959812165,-3.3686726018786435,-3.1739290058612823,5.394060943275691,-5.7472205668687835,0.9002296887338161,10.817519035935405,slow_thrust,73,True,0.600904519836461,land,29.777407497167587,20.804223865270615,0.001404560868206197,52.5131206959486,5.192089509218931,-5.1374211721122265,0.028533885997725238,upset,8,2.5,multiplicative,8.752134814858437,0.07437340832327045,11.611360120587051,-10.054921684786677,0.0007118921290992799,1.802713559509383,26.300052981823683,16.961564779281616,-120.80055065453053,409.9316317588091
58,12417.100032046437,13699.930745437741,956.1139859259129,1.0246384665369987,7.35519521534443,0.653499785810709,2.155407285690309,-2.282119017094374,0.07421927154064178,-5.857906345278026,-3.3730655103921894,slow_thrust,225,True,0.6014726990604041,land,-17.288929000496864,-20.482594445347786,0.015040687093077355,-22.870947048068047,-23.41034520417452,20.22621788084507,0.518180477440647,upset,9,2.5,multiplicative,-33.44354957342148,1.1226441795934428,-22.361316033639014,10.440809279680252,0.01620039288530393,1.8044180971812123,8.235097713768482,35.372337341308594,334.6758931875229,-389.47256058454514
55,21665.884421616793,19921.200082823634,869.7460481896996,3.7711582481861123,0.013255181908608193,5.228234019130469,-4.254785397648812,-5.90691988170147,10.382510599493983,4.085221633315087,-4.630997130274773,thrust_excess,66,True,0.6009384232120318,land,7.090636510401964,2.9233677685260773,0.0011257721097130038,-41.84624254703522,-21.113319508731365,-3.149701002985239,0.01710132784419043,upset,0,2.2,multiplicative,-2.0918499678373337,0.058678188054804695,-3.3383602229878306,8.569236109033227,0.0005216799314166986,1.8028152696360955,15.432940637692809,17.436694145202637,-183.39159786701202,100.03266222774982
43,11853.228565305471,4741.898530721664,574.1985084488988,-0.9602987207472324,-1.1268620967864997,-1.764527142047882,4.814999082684519,2.8941670954227456,-12.596058145165445,-2.6669877916574483,9.558249422907831,thrust_excess,109,True,0.6009299190071774,land,-9.499618615955114,-3.2071886211633682,0.0009977464939539722,11.967980414628983,11.206124480813742,18.47838643938303,0.032740387733647805,upset,1,2.2,multiplicative,35.533369183540344,0.053671607289107214,-15.871154344640672,-8.178770877420902,0.0005816776632886305,1.802789757021532,4.406107971444726,16.884843349456787,570.6887047737837,-80.61700612306595
62,15475.13062030077,12805.261626690626,1038.2348518818617,2.245011046528817,12.36909412443638,-5.184989947825671,-11.458735191822054,5.0364559069275865,-4.801897993683816,0.011279985308647156,2.1294826894998558,thrust_excess,107,True,0.6009381241120222,land,-21.032006051391363,32.80341774225235,0.0011233097690194161,33.384858928620815,18.761801719665527,9.652323201298714,0.017192290418984107,upset,2,2.2,multiplicative,10.89687168598175,0.05853305279466164,9.201318291015923,-4.299881542101502,0.0005204260986369271,1.8028143723360666,11.051019821316004,23.773433208465576,185.40255054831505,335.59878543019295
50,5660.814609527588,7745.950461104512,743.3087307959795,-5.058803189545871,-11.689718556404115,1.719999834895134,12.011217623949054,-1.9124292209744453,2.819533261656762,-5.249648407101632,-12.5092616468668,thrust_excess,116,True,0.6012097092555592,land,26.122110206633806,-33.71220491826534,0.03134382199241427,-3.7301578000187874,-8.856437858194113,-24.97001526877284,0.8977874533292661,upset,3,2.2,multiplicative,-26.831039115786552,1.7898073504444192,-25.63893613871187,4.733376558870077,0.019565211956840866,1.8036291277666774,29.10913087427616,24.34846544265747,-568.0279042571783,-318.7126312404871
43,14005.151402428746,10065.81619143486,582.8523395583034,-2.8667084053158765,-10.418438467383385,-3.759647581726313,-1.386485606431961,-0.4201347939670086,4.880754885077476,4.837797559797765,-1.4388034343719482,thrust_excess,146,True,0.6009305279273601,land,-6.755174361169338,28.513503298163414,0.0018851205866391508,49.24096930772066,28.13845982775092,-22.321047205477953,0.10915754836365212,upset,4,2.2,multiplicative,0.2955925464630127,0.1138391396060974,-21.156298010610044,1.776795107871294,0.0017770792847845809,1.8027915837820803,18.888776879757643,20.144547939300537,-448.03161956369877,576.0913610458374
55,4210.423072949052,15125.279400870204,877.8196504339576,5.679018516093493,9.731979990005495,1.223369836807251,0.37168464660644496,3.529510561376811,-2.7969280868768696,-0.4202941283583641,12.722317689657213,thrust_excess,131,True,0.6009254437335209,land,9.868197105824947,-27.548549622297287,0.000785934731922972,-19.573275111615658,-3.2334142550826073,6.704901270568371,0.01281404840655874,upset,5,2.2,multiplicative,-37.48953513801098,0.04066734332784652,13.156956662423909,-0.4671261180192232,0.0003750631754593276,1.8027763312005627,0.8238144591450691,23.926676034927368,5.641235411167145,-593.0348094552755
49,18061.02468006313,6745.49544878304,713.8496905565262,-3.1287698373198514,-5.564840278029443,3.8029903583228597,-8.590421614050866,1.3835593722760677,-10.521131506562234,2.258703567087651,6.193551814556123,thrust_excess,90,True,0.600956533632826,land,21.3703578338027,18.315577283501625,0.001617171969866327,-55.98832614719868,-26.740006115287542,28.91801878809929,0.02455264389472508,upset,6,2.2,multiplicative,-11.441904827952385,0.0843999451061346,-8.400669484399259,-11.546409130096436,0.0007507435942953408,1.802869600898478,14.628178579732776,17.397570848464966,445.42836137115955,188.2590215653181
60,8268.342552408576,21924.948969334364,1009.3651778995991,0.31353292241692543,6.685426783561706,-1.267992988228798,7.567916974425316,-4.416823167353869,12.401185521483423,-4.496342562139035,-8.417068809270859,thrust_excess,78,True,0.600940742480877,land,-25.758252404630184,-17.975580394268036,0.0010606319682647607,26.126712039113045,1.8331293761730194,-13.305542226880789,0.016081188398551265,upset,7,2.2,multiplicative,26.12364888191223,0.0552713207680536,3.25287573505193,12.928404780104756,0.000491238239478161,1.802822227442631,25.661862613633275,22.81032395362854,-7.741206139326096,-207.65400901436806
46,3233.884599581361,8640.629268735647,652.2119641304016,-3.835862081497908,-8.491639959812165,-3.3686726018786435,-3.1739290058612823,5.394060943275691,-5.7472205668687835,0.9002296887338161,10.817519035935405,thrust_excess,147,True,0.6009566385949615,land,29.777407497167587,20.804223865270615,0.001687578042787364,52.5131206959486,5.192089509218931,-5.1374211721122265,0.02607184477836689,upset,8,2.2,multiplicative,8.752134814858437,0.08807507286262033,11.611360120587051,-10.054921684786677,0.0007860567978158189,1.8028699157848844,26.300052981823683,26.23931622505188,-120.80055065453053,409.9316317588091
58,12417.100032046437,13699.930745437741,956.1139859259129,1.0246384665369987,7.35519521534443,0.653499785810709,2.155407285690309,-2.282119017094374,0.07421927154064178,-5.857906345278026,-3.3730655103921894,thrust_excess,95,True,0.6010080594438226,land,-17.288929000496864,-20.482594445347786,0.0042648694838600615,-22.870947048068047,-23.41034520417452,20.22621788084507,0.17611885017659945,upset,9,2.2,multiplicative,-33.44354957342148,0.2259328124234386,-22.361316033639014,10.440809279680252,0.0016298492942449436,1.8030241783314678,8.235097713768482,21.365198612213135,334.6758931875229,-389.47256058454514
55,21665.884421616793,19921.200082823634,869.7460481896996,3.7711582481861123,0.013255181908608193,5.228234019130469,-4.254785397648812,-5.90691988170147,10.382510599493983,4.085221633315087,-4.630997130274773,thrust_loss_50,100,True,0.600918554305559,land,7.090636510401964,2.9233677685260773,0.0005273680077241493,-41.84624254703522,-21.113319508731365,-3.149701002985239,0.010547095703855095,upset,0,2.1,multiplicative,-2.0918499678373337,0.02836299831765896,-3.3383602229878306,8.569236109033227,0.00027142620195771185,1.8027556629166768,15.432940637692809,20.450785875320435,-183.39159786701202,100.03266222774982
43,11853.228565305471,4741.898530721664,574.1985084488988,-0.9602987207472324,-1.1268620967864997,-1.764527142047882,4.814999082684519,2.8941670954227456,-12.596058145165445,-2.6669877916574483,9.558249422907831,thrust_loss_50,52,True,0.6011900540331513,land,-9.499618615955114,-3.2071886211633682,0.004440523952001042,11.967980414628983,11.206124480813742,18.47838643938303,0.08663915605735756,upset,1,2.1,multiplicative,35.533369183540344,0.24456336077273977,-15.871154344640672,-8.178770877420902,0.002726134631576589,1.803570162099454,4.406107971444726,12.721126556396484,570.6887047737837,-80.61700612306595
62,15475.13062030077,12805.261626690626,1038.2348518818617,2.245011046528817,12.36909412443638,-5.184989947825671,-11.458735191822054,5.0364559069275865,-4.801897993683816,0.011279985308647156,2.1294826894998558,thrust_loss_50,109,True,0.6009141792023013,land,-21.032006051391363,32.80341774225235,0.0018300206999172996,33.384858928620815,18.761801719665527,9.652323201298714,0.04677112704463873,upset,2,2.1,multiplicative,10.89687168598175,0.10338335957519883,9.201318291015923,-4.299881542101502,0.0010248083714521129,1.8027425376069037,11.051019821316004,24.117160320281982,185.40255054831505,335.59878543019295
50,5660.814609527588,7745.950461104512,743.3087307959795,-5.058803189545871,-11.689718556404115,1.719999834895134,12.011217623949054,-1.9124292209744453,2.819533261656762,-5.249648407101632,-12.5092616468668,thrust_loss_50,125,False,3.0803444985156525,gate_miss,26.122110206633806,-33.71220491826534,1.6252487130742523,-3.7301578000187874,-8.856437858194113,-24.97001526877284,11.358728744307873,upset,3,2.1,multiplicative,-26.831039115786552,18.482066991093916,-25.63893613871187,4.733376558870077,0.5826235434520897,2.3116431121208563,29.10913087427616,25.59785532951355,-568.0279042571783,-318.7126312404871
43,14005.151402428746,10065.81619143486,582.8523395583034,-2.8667084053158765,-10.418438467383385,-3.759647581726313,-1.386485606431961,-0.4201347939670086,4.880754885077476,4.837797559797765,-1.4388034343719482,thrust_loss_50,70,False,1.150574406484063,gate_miss,-6.755174361169338,28.513503298163414,0.1155720585947938,49.24096930772066,28.13845982775092,-22.321047205477953,2.9426156948346085,upset,4,2.1,multiplicative,0.2955925464630127,6.903446438904378,-21.156298010610044,1.776795107871294,0.09954846390877986,1.8050510899117205,18.888776879757643,13.502399444580078,-448.03161956369877,576.0913610458374
55,4210.423072949052,15125.279400870204,877.8196504339576,5.679018516093493,9.731979990005495,1.223369836807251,0.37168464660644496,3.529510561376811,-2.7969280868768696,-0.4202941283583641,12.722317689657213,thrust_loss_50,70,True,0.6011727974351814,land,9.868197105824947,-27.548549622297287,0.0024674585014518367,-19.573275111615658,-3.2334142550826073,6.704901270568371,0.05112115528367184,upset,5,2.1,multiplicative,-37.48953513801098,0.1348487507991403,13.156956662423909,-0.4671261180192232,0.0013934114804924134,1.8035183923055442,0.8238144591450691,17.810964822769165,5.641235411167145,-593.0348094552755
49,18061.02468006313,6745.49544878304,713.8496905565262,-3.1287698373198514,-5.564840278029443,3.8029903583228597,-8.590421614050866,1.3835593722760677,-10.521131506562234,2.258703567087651,6.193551814556123,thrust_loss_50,65,True,0.6009855089270838,land,21.3703578338027,18.315577283501625,0.0010990890539725271,-55.98832614719868,-26.740006115287542,28.91801878809929,0.021794299955795453,upset,6,2.1,multiplicative,-11.441904827952385,0.05833443505218997,-8.400669484399259,-11.546409130096436,0.0005731682636351657,1.8029565267812513,14.628178579732776,14.884510517120361,445.42836137115955,188.2590215653181
60,8268.342552408576,21924.948969334364,1009.3651778995991,0.31353292241692543,6.685426783561706,-1.267992988228798,7.567916974425316,-4.416823167353869,12.401185521483423,-4.496342562139035,-8.417068809270859,thrust_loss_50,120,True,0.600995463551662,land,-25.758252404630184,-17.975580394268036,0.0009381272352789495,26.126712039113045,1.8331293761730194,-13.305542226880789,0.01742258169545053,upset,7,2.1,multiplicative,26.12364888191223,0.05024223163353369,3.25287573505193,12.928404780104756,0.0004894717022586109,1.802986390654986,25.661862613633275,30.177767515182495,-7.741206139326096,-207.65400901436806
46,3233.884599581361,8640.629268735647,652.2119641304016,-3.835862081497908,-8.491639959812165,-3.3686726018786435,-3.1739290058612823,5.394060943275691,-5.7472205668687835,0.9002296887338161,10.817519035935405,thrust_loss_50,84,True,0.6009056035436716,land,29.777407497167587,20.804223865270615,0.0032384102217110793,52.5131206959486,5.192089509218931,-5.1374211721122265,0.0648600562248547,upset,8,2.1,multiplicative,8.752134814858437,0.1781631000533794,11.611360120587051,-10.054921684786677,0.0017037049241934888,1.8027168106310147,26.300052981823683,18.26095986366272,-120.80055065453053,409.9316317588091
58,12417.100032046437,13699.930745437741,956.1139859259129,1.0246384665369987,7.35519521534443,0.653499785810709,2.155407285690309,-2.282119017094374,0.07421927154064178,-5.857906345278026,-3.3730655103921894,thrust_loss_50,95,False,1.1831780249395927,gate_miss,-17.288929000496864,-20.482594445347786,0.11824110925376644,-22.870947048068047,-23.41034520417452,20.22621788084507,2.1425805685382344,upset,9,2.1,multiplicative,-33.44354957342148,7.0990681496375565,-22.361316033639014,10.440809279680252,0.08562796644010563,1.8263238476977421,8.235097713768482,21.983516693115234,334.6758931875229,-389.47256058454514
55,21665.884421616793,19921.200082823634,869.7460481896996,3.7711582481861123,0.013255181908608193,5.228234019130469,-4.254785397648812,-5.90691988170147,10.382510599493983,4.085221633315087,-4.630997130274773,thrust_loss_85,281,False,inf,no_recovery,7.090636510401964,2.9233677685260773,nan,-41.84624254703522,-21.113319508731365,-3.149701002985239,nan,upset,0,2.1,multiplicative,-2.0918499678373337,nan,-3.3383602229878306,8.569236109033227,nan,nan,15.432940637692809,69.60039329528809,-183.39159786701202,100.03266222774982
43,11853.228565305471,4741.898530721664,574.1985084488988,-0.9602987207472324,-1.1268620967864997,-1.764527142047882,4.814999082684519,2.8941670954227456,-12.596058145165445,-2.6669877916574483,9.558249422907831,thrust_loss_85,350,False,inf,no_recovery,-9.499618615955114,-3.2071886211633682,nan,11.967980414628983,11.206124480813742,18.47838643938303,nan,upset,1,2.1,multiplicative,35.533369183540344,nan,-15.871154344640672,-8.178770877420902,nan,nan,4.406107971444726,58.06186294555664,570.6887047737837,-80.61700612306595
62,15475.13062030077,12805.261626690626,1038.2348518818617,2.245011046528817,12.36909412443638,-5.184989947825671,-11.458735191822054,5.0364559069275865,-4.801897993683816,0.011279985308647156,2.1294826894998558,thrust_loss_85,350,False,inf,no_recovery,-21.032006051391363,32.80341774225235,nan,33.384858928620815,18.761801719665527,9.652323201298714,nan,upset,2,2.1,multiplicative,10.89687168598175,nan,9.201318291015923,-4.299881542101502,nan,nan,11.051019821316004,103.75658750534058,185.40255054831505,335.59878543019295
50,5660.814609527588,7745.950461104512,743.3087307959795,-5.058803189545871,-11.689718556404115,1.719999834895134,12.011217623949054,-1.9124292209744453,2.819533261656762,-5.249648407101632,-12.5092616468668,thrust_loss_85,350,False,inf,no_recovery,26.122110206633806,-33.71220491826534,nan,-3.7301578000187874,-8.856437858194113,-24.97001526877284,nan,upset,3,2.1,multiplicative,-26.831039115786552,nan,-25.63893613871187,4.733376558870077,nan,nan,29.10913087427616,70.13395571708679,-568.0279042571783,-318.7126312404871
43,14005.151402428746,10065.81619143486,582.8523395583034,-2.8667084053158765,-10.418438467383385,-3.759647581726313,-1.386485606431961,-0.4201347939670086,4.880754885077476,4.837797559797765,-1.4388034343719482,thrust_loss_85,350,False,inf,no_recovery,-6.755174361169338,28.513503298163414,nan,49.24096930772066,28.13845982775092,-22.321047205477953,nan,upset,4,2.1,multiplicative,0.2955925464630127,nan,-21.156298010610044,1.776795107871294,nan,nan,18.888776879757643,62.55942463874817,-448.03161956369877,576.0913610458374
55,4210.423072949052,15125.279400870204,877.8196504339576,5.679018516093493,9.731979990005495,1.223369836807251,0.37168464660644496,3.529510561376811,-2.7969280868768696,-0.4202941283583641,12.722317689657213,thrust_loss_85,350,False,inf,no_recovery,9.868197105824947,-27.548549622297287,nan,-19.573275111615658,-3.2334142550826073,6.704901270568371,nan,upset,5,2.1,multiplicative,-37.48953513801098,nan,13.156956662423909,-0.4671261180192232,nan,nan,0.8238144591450691,85.07331418991089,5.641235411167145,-593.0348094552755
49,18061.02468006313,6745.49544878304,713.8496905565262,-3.1287698373198514,-5.564840278029443,3.8029903583228597,-8.590421614050866,1.3835593722760677,-10.521131506562234,2.258703567087651,6.193551814556123,thrust_loss_85,190,False,inf,no_recovery,21.3703578338027,18.315577283501625,nan,-55.98832614719868,-26.740006115287542,28.91801878809929,nan,upset,6,2.1,multiplicative,-11.441904827952385,nan,-8.400669484399259,-11.546409130096436,nan,nan,14.628178579732776,41.62633919715881,445.42836137115955,188.2590215653181
60,8268.342552408576,21924.948969334364,1009.3651778995991,0.31353292241692543,6.685426783561706,-1.267992988228798,7.567916974425316,-4.416823167353869,12.401185521483423,-4.496342562139035,-8.417068809270859,thrust_loss_85,350,False,inf,no_recovery,-25.758252404630184,-17.975580394268036,nan,26.126712039113045,1.8331293761730194,-13.305542226880789,nan,upset,7,2.1,multiplicative,26.12364888191223,nan,3.25287573505193,12.928404780104756,nan,nan,25.661862613633275,93.6170403957367,-7.741206139326096,-207.65400901436806
46,3233.884599581361,8640.629268735647,652.2119641304016,-3.835862081497908,-8.491639959812165,-3.3686726018786435,-3.1739290058612823,5.394060943275691,-5.7472205668687835,0.9002296887338161,10.817519035935405,thrust_loss_85,350,False,inf,no_recovery,29.777407497167587,20.804223865270615,nan,52.5131206959486,5.192089509218931,-5.1374211721122265,nan,upset,8,2.1,multiplicative,8.752134814858437,nan,11.611360120587051,-10.054921684786677,nan,nan,26.300052981823683,68.03491353988647,-120.80055065453053,409.9316317588091
58,12417.100032046437,13699.930745437741,956.1139859259129,1.0246384665369987,7.35519521534443,0.653499785810709,2.155407285690309,-2.282119017094374,0.07421927154064178,-5.857906345278026,-3.3730655103921894,thrust_loss_85,113,False,9.194585920284913,gate_miss,-17.288929000496864,-20.482594445347786,1.7250301666902588,-22.870947048068047,-23.41034520417452,20.22621788084507,14.175481257957898,upset,9,2.1,multiplicative,-33.44354957342148,17.359783512113136,-22.361316033639014,10.440809279680252,8.301690330840389,27.58375776085474,8.235097713768482,37.07997727394104,334.6758931875229,-389.47256058454514
55,21665.884421616793,19921.200082823634,869.7460481896996,3.7711582481861123,0.013255181908608193,5.228234019130469,-4.254785397648812,-5.90691988170147,10.382510599493983,4.085221633315087,-4.630997130274773,tvc_bias,202,True,0.6009161007659162,land,7.090636510401964,2.9233677685260773,0.0002511913288791575,-41.84624254703522,-21.113319508731365,-3.149701002985239,0.003941519209253064,upset,0,2.7,additive,-2.0918499678373337,0.013218461250727545,-3.3383602229878306,8.569236109033227,0.00012194574775294183,1.8027483022977486,15.432940637692809,31.10960102081299,-183.39159786701202,100.03266222774982
43,11853.228565305471,4741.898530721664,574.1985084488988,-0.9602987207472324,-1.1268620967864997,-1.764527142047882,4.814999082684519,2.8941670954227456,-12.596058145165445,-2.6669877916574483,9.558249422907831,tvc_bias,74,True,0.6009060826453491,land,-9.499618615955114,-3.2071886211633682,0.0005522148015203229,11.967980414628983,11.206124480813742,18.47838643938303,0.01583806401347833,upset,1,2.7,additive,35.533369183540344,0.028869535534949316,-15.871154344640672,-8.178770877420902,0.00026047757954667406,1.8027182479360473,4.406107971444726,13.853474140167236,570.6887047737837,-80.61700612306595
62,15475.13062030077,12805.261626690626,1038.2348518818617,2.245011046528817,12.36909412443638,-5.184989947825671,-11.458735191822054,5.0364559069275865,-4.801897993683816,0.011279985308647156,2.1294826894998558,tvc_bias,209,True,0.6009080705784354,land,-21.032006051391363,32.80341774225235,0.0002946921315278292,33.384858928620815,18.761801719665527,9.652323201298714,0.005856374527995098,upset,2,2.7,additive,10.89687168598175,0.015587785310253654,9.201318291015923,-4.299881542101502,0.00014997239968063625,1.8027242117353062,11.051019821316004,36.94092559814453,185.40255054831505,335.59878543019295
50,5660.814609527588,7745.950461104512,743.3087307959795,-5.058803189545871,-11.689718556404115,1.719999834895134,12.011217623949054,-1.9124292209744453,2.819533261656762,-5.249648407101632,-12.5092616468668,tvc_bias,104,True,0.6036122723471854,land,26.122110206633806,-33.71220491826534,0.0701636338336232,-3.7301578000187874,-8.856437858194113,-24.97001526877284,0.7808346793287064,upset,3,2.7,additive,-26.831039115786552,3.508790881841578,-25.63893613871187,4.733376558870077,0.03673818644997113,1.810836817041556,29.10913087427616,23.378069162368774,-568.0279042571783,-318.7126312404871
43,14005.151402428746,10065.81619143486,582.8523395583034,-2.8667084053158765,-10.418438467383385,-3.759647581726313,-1.386485606431961,-0.4201347939670086,4.880754885077476,4.837797559797765,-1.4388034343719482,tvc_bias,195,True,0.6009334894275943,land,-6.755174361169338,28.513503298163414,0.002338990096996034,49.24096930772066,28.13845982775092,-22.321047205477953,0.07517238723742868,upset,4,2.7,additive,0.2955925464630127,0.13178946776089806,-21.156298010610044,1.776795107871294,0.0016795110284604975,1.802800468282783,18.888776879757643,23.85888648033142,-448.03161956369877,576.0913610458374
55,4210.423072949052,15125.279400870204,877.8196504339576,5.679018516093493,9.731979990005495,1.223369836807251,0.37168464660644496,3.529510561376811,-2.7969280868768696,-0.4202941283583641,12.722317689657213,tvc_bias,134,True,0.6009055525854016,land,9.868197105824947,-27.548549622297287,0.00034294199780428997,-19.573275111615658,-3.2334142550826073,6.704901270568371,0.01730018395106314,upset,5,2.7,additive,-37.48953513801098,0.018267634060755013,13.156956662423909,-0.4671261180192232,0.00013885291296737918,1.8027166577562048,0.8238144591450691,24.447251558303833,5.641235411167145,-593.0348094552755
49,18061.02468006313,6745.49544878304,713.8496905565262,-3.1287698373198514,-5.564840278029443,3.8029903583228597,-8.590421614050866,1.3835593722760677,-10.521131506562234,2.258703567087651,6.193551814556123,tvc_bias,114,True,0.6009047667708439,land,21.3703578338027,18.315577283501625,0.00010626118364363021,-55.98832614719868,-26.740006115287542,28.91801878809929,0.006151593856904366,upset,6,2.7,additive,-11.441904827952385,0.006569577530175476,-8.400669484399259,-11.546409130096436,9.132216109663587e-05,1.8027143003125317,14.628178579732776,19.941928386688232,445.42836137115955,188.2590215653181
60,8268.342552408576,21924.948969334364,1009.3651778995991,0.31353292241692543,6.685426783561706,-1.267992988228798,7.567916974425316,-4.416823167353869,12.401185521483423,-4.496342562139035,-8.417068809270859,tvc_bias,88,True,0.6009086766082016,land,-25.758252404630184,-17.975580394268036,0.000539593206204525,26.126712039113045,1.8331293761730194,-13.305542226880789,0.008608798813035619,upset,7,2.7,additive,26.12364888191223,0.028322508891114033,3.25287573505193,12.928404780104756,0.0002582295595441306,1.8027260298246048,25.661862613633275,24.875758171081543,-7.741206139326096,-207.65400901436806
46,3233.884599581361,8640.629268735647,652.2119641304016,-3.835862081497908,-8.491639959812165,-3.3686726018786435,-3.1739290058612823,5.394060943275691,-5.7472205668687835,0.9002296887338161,10.817519035935405,tvc_bias,114,True,0.6009048411345248,land,29.777407497167587,20.804223865270615,0.0019746191953561765,52.5131206959486,5.192089509218931,-5.1374211721122265,0.03143644737553751,upset,8,2.7,additive,8.752134814858437,0.10384582139646772,11.611360120587051,-10.054921684786677,0.0009450735166740235,1.8027145234035744,26.300052981823683,21.2637460231781,-120.80055065453053,409.9316317588091
58,12417.100032046437,13699.930745437741,956.1139859259129,1.0246384665369987,7.35519521534443,0.653499785810709,2.155407285690309,-2.282119017094374,0.07421927154064178,-5.857906345278026,-3.3730655103921894,tvc_bias,120,True,0.6009463705157536,land,-17.288929000496864,-20.482594445347786,0.0009314186885592295,-22.870947048068047,-23.41034520417452,20.22621788084507,0.09359550196870811,upset,9,2.7,additive,-33.44354957342148,0.06234739870328367,-22.361316033639014,10.440809279680252,0.001112399067415683,1.8028391115472608,8.235097713768482,24.353042364120483,334.6758931875229,-389.47256058454514
55,21665.884421616793,19921.200082823634,869.7460481896996,3.7711582481861123,0.013255181908608193,5.228234019130469,-4.254785397648812,-5.90691988170147,10.382510599493983,4.085221633315087,-4.630997130274773,tvc_gain_loss,58,True,0.6009109132905762,land,7.090636510401964,2.9233677685260773,0.0001908392687338695,-41.84624254703522,-21.113319508731365,-3.149701002985239,0.004010085928829794,upset,0,2.7,multiplicative,-2.0918499678373337,0.010154505740347809,-3.3383602229878306,8.569236109033227,9.882142452629169e-05,1.8027327398717286,15.432940637692809,16.76498794555664,-183.39159786701202,100.03266222774982
43,11853.228565305471,4741.898530721664,574.1985084488988,-0.9602987207472324,-1.1268620967864997,-1.764527142047882,4.814999082684519,2.8941670954227456,-12.596058145165445,-2.6669877916574483,9.558249422907831,tvc_gain_loss,60,True,0.6009076698987357,land,-9.499618615955114,-3.2071886211633682,0.000506482110106693,11.967980414628983,11.206124480813742,18.47838643938303,0.03564212956410713,upset,1,2.7,multiplicative,35.533369183540344,0.03854003951863693,-15.871154344640672,-8.178770877420902,0.0007027193655487419,1.802723009696207,4.406107971444726,12.989891052246094,570.6887047737837,-80.61700612306595
62,15475.13062030077,12805.261626690626,1038.2348518818617,2.245011046528817,12.36909412443638,-5.184989947825671,-11.458735191822054,5.0364559069275865,-4.801897993683816,0.011279985308647156,2.1294826894998558,tvc_gain_loss,149,True,0.6009074663247754,land,-21.032006051391363,32.80341774225235,0.0002771588170590995,33.384858928620815,18.761801719665527,9.652323201298714,0.0108529663133742,upset,2,2.7,multiplicative,10.89687168598175,0.014021733744163097,9.201318291015923,-4.299881542101502,0.00012203306266175538,1.8027223989743264,11.051019821316004,28.622625589370728,185.40255054831505,335.59878543019295
50,5660.814609527588,7745.950461104512,743.3087307959795,-5.058803189545871,-11.689718556404115,1.719999834895134,12.011217623949054,-1.9124292209744453,2.819533261656762,-5.249648407101632,-12.5092616468668,tvc_gain_loss,154,True,0.9460618863340254,land,26.122110206633806,-33.71220491826534,0.09543168165673574,-3.7301578000187874,-8.856437858194113,-24.97001526877284,1.0874627881971533,upset,3,2.7,multiplicative,-26.831039115786552,5.676371318004152,-25.63893613871187,4.733376558870077,0.09258141428953345,1.814181236925987,29.10913087427616,28.58060646057129,-568.0279042571783,-318.7126312404871
43,14005.151402428746,10065.81619143486,582.8523395583034,-2.8667084053158765,-10.418438467383385,-3.759647581726313,-1.386485606431961,-0.4201347939670086,4.880754885077476,4.837797559797765,-1.4388034343719482,tvc_gain_loss,138,True,0.6009232943086177,land,-6.755174361169338,28.513503298163414,0.003282961417143383,49.24096930772066,28.13845982775092,-22.321047205477953,0.13781010763916685,upset,4,2.7,multiplicative,0.2955925464630127,0.17168660992394086,-21.156298010610044,1.776795107871294,0.0017774168178372714,1.8027698829258532,18.888776879757643,18.993756532669067,-448.03161956369877,576.0913610458374
55,4210.423072949052,15125.279400870204,877.8196504339576,5.679018516093493,9.731979990005495,1.223369836807251,0.37168464660644496,3.529510561376811,-2.7969280868768696,-0.4202941283583641,12.722317689657213,tvc_gain_loss,118,True,0.6009230827072177,land,9.868197105824947,-27.548549622297287,0.0008873125810895545,-19.573275111615658,-3.2334142550826073,6.704901270568371,0.03165390047730519,upset,5,2.7,multiplicative,-37.48953513801098,0.04494300331111735,13.156956662423909,-0.4671261180192232,0.0003334825468234168,1.8027692481216533,0.8238144591450691,22.494990348815918,5.641235411167145,-593.0348094552755
49,18061.02468006313,6745.49544878304,713.8496905565262,-3.1287698373198514,-5.564840278029443,3.8029903583228597,-8.590421614050866,1.3835593722760677,-10.521131506562234,2.258703567087651,6.193551814556123,tvc_gain_loss,76,True,0.6009109108727287,land,21.3703578338027,18.315577283501625,0.0004265872656047366,-55.98832614719868,-26.740006115287542,28.91801878809929,0.014880526754769636,upset,6,2.7,multiplicative,-11.441904827952385,0.023187681918141474,-8.400669484399259,-11.546409130096436,0.00022884829188924712,1.8027327326181863,14.628178579732776,16.269710063934326,445.42836137115955,188.2590215653181
60,8268.342552408576,21924.948969334364,1009.3651778995991,0.31353292241692543,6.685426783561706,-1.267992988228798,7.567916974425316,-4.416823167353869,12.401185521483423,-4.496342562139035,-8.417068809270859,tvc_gain_loss,62,True,0.6009080768287203,land,-25.758252404630184,-17.975580394268036,0.0005366925071285299,26.126712039113045,1.8331293761730194,-13.305542226880789,0.008498004930926138,upset,7,2.7,multiplicative,26.12364888191223,0.028088632353941375,3.25287573505193,12.928404780104756,0.00025322815461271004,1.8027242304861608,25.661862613633275,20.372373580932617,-7.741206139326096,-207.65400901436806
46,3233.884599581361,8640.629268735647,652.2119641304016,-3.835862081497908,-8.491639959812165,-3.3686726018786435,-3.1739290058612823,5.394060943275691,-5.7472205668687835,0.9002296887338161,10.817519035935405,tvc_gain_loss,114,True,0.6009041988541001,land,29.777407497167587,20.804223865270615,0.00037057022233344286,52.5131206959486,5.192089509218931,-5.1374211721122265,0.026832144394176652,upset,8,2.7,multiplicative,8.752134814858437,0.02554790155949326,11.611360120587051,-10.054921684786677,0.0004389017366711389,1.8027125965623,26.300052981823683,21.66096019744873,-120.80055065453053,409.9316317588091
58,12417.100032046437,13699.930745437741,956.1139859259129,1.0246384665369987,7.35519521534443,0.653499785810709,2.155407285690309,-2.282119017094374,0.07421927154064178,-5.857906345278026,-3.3730655103921894,tvc_gain_loss,109,True,0.600976542711475,land,-17.288929000496864,-20.482594445347786,0.0035830222029062807,-22.870947048068047,-23.41034520417452,20.22621788084507,0.24066317922830718,upset,9,2.7,multiplicative,-33.44354957342148,0.21385591622918107,-22.361316033639014,10.440809279680252,0.0026011931706382617,1.8029296281344251,8.235097713768482,23.09834933280945,334.6758931875229,-389.47256058454514
55,21665.884421616793,19921.200082823634,869.7460481896996,3.7711582481861123,0.013255181908608193,5.228234019130469,-4.254785397648812,-5.90691988170147,10.382510599493983,4.085221633315087,-4.630997130274773,valve_stuck_open,133,True,0.7906791613536099,land,7.090636510401964,2.9233677685260773,0.04831313225233139,-41.84624254703522,-21.113319508731365,-3.149701002985239,1.2793796667864346,upset,0,2.2 / 1.4,structural,-2.0918499678373337,4.74407496812166,-3.3383602229878306,8.569236109033227,0.13266763652133648,1.8616615202261315,15.432940637692809,24.36427617073059,-183.39159786701202,100.03266222774982
43,11853.228565305471,4741.898530721664,574.1985084488988,-0.9602987207472324,-1.1268620967864997,-1.764527142047882,4.814999082684519,2.8941670954227456,-12.596058145165445,-2.6669877916574483,9.558249422907831,valve_stuck_open,79,True,0.6112765052636485,land,-9.499618615955114,-3.2071886211633682,0.017165490621909463,11.967980414628983,11.206124480813742,18.47838643938303,1.6650603108626338,upset,1,2.2 / 1.4,structural,35.533369183540344,1.3054087336245248,-15.871154344640672,-8.178770877420902,0.04265236530147922,1.8338295157909454,4.406107971444726,14.7668936252594,570.6887047737837,-80.61700612306595
62,15475.13062030077,12805.261626690626,1038.2348518818617,2.245011046528817,12.36909412443638,-5.184989947825671,-11.458735191822054,5.0364559069275865,-4.801897993683816,0.011279985308647156,2.1294826894998558,valve_stuck_open,175,True,0.6089690928840847,land,-21.032006051391363,32.80341774225235,0.05164170984780733,33.384858928620815,18.761801719665527,9.652323201298714,1.6636020122224264,upset,2,2.2 / 1.4,structural,10.89687168598175,2.0854426204765364,9.201318291015923,-4.299881542101502,0.05806629011354499,1.8269072786522542,11.051019821316004,32.7126088142395,185.40255054831505,335.59878543019295
50,5660.814609527588,7745.950461104512,743.3087307959795,-5.058803189545871,-11.689718556404115,1.719999834895134,12.011217623949054,-1.9124292209744453,2.819533261656762,-5.249648407101632,-12.5092616468668,valve_stuck_open,111,False,1.0832233417354662,gate_miss,26.122110206633806,-33.71220491826534,0.07407735686427759,-3.7301578000187874,-8.856437858194113,-24.97001526877284,1.9689126735723506,upset,3,2.2 / 1.4,structural,-26.831039115786552,6.499340050412798,-25.63893613871187,4.733376558870077,0.18147379054058393,1.8039806703132244,29.10913087427616,21.51131510734558,-568.0279042571783,-318.7126312404871
43,14005.151402428746,10065.81619143486,582.8523395583034,-2.8667084053158765,-10.418438467383385,-3.759647581726313,-1.386485606431961,-0.4201347939670086,4.880754885077476,4.837797559797765,-1.4388034343719482,valve_stuck_open,190,True,0.6374022037499135,land,-6.755174361169338,28.513503298163414,0.018153932668877052,49.24096930772066,28.13845982775092,-22.321047205477953,1.2709359530713071,upset,4,2.2 / 1.4,structural,0.2955925464630127,3.824413222499481,-21.156298010610044,1.776795107871294,0.10956490757565737,1.844473302716041,18.888776879757643,23.010573625564575,-448.03161956369877,576.0913610458374
55,4210.423072949052,15125.279400870204,877.8196504339576,5.679018516093493,9.731979990005495,1.223369836807251,0.37168464660644496,3.529510561376811,-2.7969280868768696,-0.4202941283583641,12.722317689657213,valve_stuck_open,129,True,0.6100336791226009,land,9.868197105824947,-27.548549622297287,0.036486677587527085,-19.573275111615658,-3.2334142550826073,6.704901270568371,1.989920549671186,upset,5,2.2 / 1.4,structural,-37.48953513801098,1.1104222337888519,13.156956662423909,-0.4671261180192232,0.015026601659148894,1.8301010373678026,0.8238144591450691,24.06955122947693,5.641235411167145,-593.0348094552755
49,18061.02468006313,6745.49544878304,713.8496905565262,-3.1287698373198514,-5.564840278029443,3.8029903583228597,-8.590421614050866,1.3835593722760677,-10.521131506562234,2.258703567087651,6.193551814556123,valve_stuck_open,149,True,0.7389565477659216,land,21.3703578338027,18.315577283501625,0.02346409106200954,-55.98832614719868,-26.740006115287542,28.91801878809929,1.404527298026022,upset,6,2.2 / 1.4,structural,-11.441904827952385,4.43373928659553,-8.400669484399259,-11.546409130096436,0.1264071180553436,1.8528170572766782,14.628178579732776,22.890910863876343,445.42836137115955,188.2590215653181
60,8268.342552408576,21924.948969334364,1009.3651778995991,0.31353292241692543,6.685426783561706,-1.267992988228798,7.567916974425316,-4.416823167353869,12.401185521483423,-4.496342562139035,-8.417068809270859,valve_stuck_open,216,True,0.6086304424018151,land,-25.758252404630184,-17.975580394268036,0.03676979520311578,26.126712039113045,1.8331293761730194,-13.305542226880789,2.0513640482456355,upset,7,2.2 / 1.4,structural,26.12364888191223,2.388953836626461,3.25287573505193,12.928404780104756,0.047165272033199514,1.8258913272054453,25.661862613633275,46.26235365867615,-7.741206139326096,-207.65400901436806
46,3233.884599581361,8640.629268735647,652.2119641304016,-3.835862081497908,-8.491639959812165,-3.3686726018786435,-3.1739290058612823,5.394060943275691,-5.7472205668687835,0.9002296887338161,10.817519035935405,valve_stuck_open,111,True,0.6167536293779358,land,29.777407497167587,20.804223865270615,0.03204657086746277,52.5131206959486,5.192089509218931,-5.1374211721122265,1.7083312750869863,upset,8,2.2 / 1.4,structural,8.752134814858437,2.243153552163852,11.611360120587051,-10.054921684786677,0.04425219555272213,1.8502608881338072,26.300052981823683,19.843989372253418,-120.80055065453053,409.9316317588091
58,12417.100032046437,13699.930745437741,956.1139859259129,1.0246384665369987,7.35519521534443,0.653499785810709,2.155407285690309,-2.282119017094374,0.07421927154064178,-5.857906345278026,-3.3730655103921894,valve_stuck_open,255,False,15.169119375405893,gate_miss,-17.288929000496864,-20.482594445347786,12.496945812535026,-22.870947048068047,-23.41034520417452,20.22621788084507,17.320508036097845,upset,9,2.2 / 1.4,structural,-33.44354957342148,32.116676233714074,-22.361316033639014,10.440809279680252,18.20294325048707,40.13148043791586,8.235097713768482,39.42359757423401,334.6758931875229,-389.47256058454514
