alt_at_fault,eta,fault_ipopt,fault_iters,fault_margin,fault_outcome,fault_success,fault_wall,ic_alt,ic_p,ic_phi,ic_psi,ic_q,ic_r,ic_theta,ic_u,ic_v,ic_w,ic_x_E,ic_y_E,idx,kind,nom_J,nom_ipopt,nom_iters,nom_lands,nom_margin,nom_pos_err,nom_rate_deg,nom_status,nom_t_contact,nom_tilt_deg,nom_v_horiz,nom_v_vert,nom_wall,profile,rate_after_delay_deg,t_f,tau_d,violation
1298.0331690573205,0.745756370248273,Solve_Succeeded,128,0.6009030553771533,land,True,55.8,1316.1135954782367,-0.5819873213768005,18.578202612698078,-17.290316373109818,-3.1843519806861877,-1.6177920997142792,-7.481956854462624,-7.232039133086801,9.328491479158401,-2.0042472081258893,698.4638454392552,444.57133635878563,0,efficiency,1286481626.2785866,Solve_Succeeded,423,True,0.6009043080232319,2.641628327094863e-05,0.00015735957272818016,solved,58.0,0.0011204576032661842,4.756072785896023e-05,1.8027129240696957,84.7,derated,4.823946875632649,5.696855136752128,0.027875176165252924,
1.0887123428145293,0.0,Infeasible_Problem_Detected,156,99.0,no_replan,False,12.5,830.3391985595226,-3.361712746322155,-7.611455284059048,-36.07701748609543,-1.7766399383544922,-2.556486390531063,-13.939024321734905,-12.54845920484513,5.391619071364403,8.141521907411516,257.0792030543089,-316.37459322810173,1,engine_out,234078969.79484406,Solve_Succeeded,321,True,0.6009037172407647,5.847176256944147e-06,3.51750963228853e-05,solved,39.0,0.0002499459900615925,1.0846792379679395e-05,1.8027111517222942,50.8,derated,20.042033937750134,36.51784332152456,0.17842532601207495,
444.1798903037963,0.614910464733839,Infeasible_Problem_Detected,413,99.0,no_replan,False,68.5,1039.43403493613,1.4626875892281532,7.649244852364063,3.8558101654052734,3.3637379333376884,1.8205845057964325,10.769629217684269,4.3205900862813,-1.3799582943320274,22.593260805122554,-298.8553863018751,805.3234113380313,2,efficiency,514983274.3835833,Solve_Succeeded,354,True,0.6009048680720971,8.264575032000161e-06,4.960133767709361e-05,solved,46.0,0.00035216706942389954,1.5244886450112594e-05,1.8027146042162911,43.8,derated,41.83238435204175,15.09942936496809,0.4348377976566553,
140.23298297113155,0.8833741375710815,Infeasible_Problem_Detected,341,99.0,no_replan,False,14.7,1195.5240132287145,-1.7458720728754997,-4.024033509194851,-21.961713135242462,-0.9570240452885628,0.49433916062116623,-19.396415129303932,6.421888382174075,-3.3166888654232025,15.092162130400538,-9.521377645432949,-36.76118329167366,3,efficiency,462400640.1227525,Solve_Succeeded,295,True,0.6009030893639923,1.084610561871615e-05,6.538777753797989e-05,solved,33.0,0.0004586478597834844,1.9904178705674612e-05,1.8027092680919767,36.8,derated,24.615423633307767,25.106974221300334,0.46111701987683773,
128.5330280697468,0.32632525335066015,Infeasible_Problem_Detected,827,99.0,no_replan,False,74.6,424.35597218573093,3.578536845743656,3.986147828400135,17.934483885765076,2.434382736682892,-3.136370971798897,15.309031680226326,-10.685473885387182,1.9080614671111107,0.17292933352291584,107.82055277377367,641.9407932087779,4,efficiency,141286945.0659552,Solve_Succeeded,198,True,0.6009035101962954,4.727410663138116e-06,2.847103574220299e-05,solved,38.0,0.000202831410126525,8.793571427979074e-06,1.8027105305888862,27.8,derated,39.35533294676144,14.826367092784494,0.20689465384930372,
150.8235286231143,0.46687774034216994,Infeasible_Problem_Detected,331,99.0,no_replan,False,25.7,910.024038143456,0.3613104522228241,-14.972521923482418,39.14747789502144,0.5266700983047485,-0.19817055016756058,3.6215684190392494,-0.6191661627963185,7.345438219606876,6.721519051119685,510.09836308658123,-510.0085275247693,5,efficiency,402816650.5613575,Solve_Succeeded,265,True,0.6009035530250727,6.562824481979714e-06,3.9405157929766635e-05,solved,43.0,0.0002800296587904968,1.214331626975726e-05,1.802710659075218,34.0,derated,15.882433892830216,22.82269952460192,0.1190275945700705,
561.5321855679628,0.0,,0,99.0,lost_in_delay,False,0.0,708.7716195732355,-2.463216006755829,14.932185895740986,-0.7439889013767242,-2.113768108189106,3.433097466826439,-1.7119325324892998,-16.3592719566077,-11.3801698833704,25.04470537789166,-495.7877319306135,161.68944016098976,6,engine_out,262185978.34467903,Solve_Succeeded,268,True,0.6009028941046045,6.2696736965833556e-06,3.779573627175011e-05,solved,42.0,0.0002673518758276452,1.1611470248567151e-05,1.8027086823138134,68.2,derated,132.6084673841183,6.7216489182785155,0.36139441980049014,tumble
228.8945410176018,0.4054572191089391,Restoration_Failed,469,99.0,no_replan,False,78.4,986.6736629977822,1.6600895524024963,-1.9920522719621658,-26.424706503748894,-2.505908891558647,2.413832165300846,-16.236645057797432,-7.550286459736526,11.882623247802258,20.0705979866907,-633.6804209277034,-405.19198682159185,7,efficiency,472543117.6199134,Solve_Succeeded,345,True,0.6009030139314034,9.82849911071592e-06,5.920249046068278e-05,solved,45.0,0.00041665503512336693,1.805701441706803e-05,1.8027090417942104,84.5,derated,97.59667115916808,20.91682201763615,0.1499134050682187,
5.4489585573109185,0.0,Infeasible_Problem_Detected,191,99.0,no_replan,False,21.5,758.0852504819632,-3.5080588161945343,2.0299366861581802,13.647434487938881,0.10276869684457779,-1.2093019783496857,19.093842282891273,8.192020170390606,-6.892813146114349,9.631109393201768,591.0799378529191,730.1137994974852,8,engine_out,467085304.45315784,Solve_Succeeded,252,True,0.6009036251929442,6.3683702982746914e-06,3.872616127166695e-05,solved,47.0,0.00027163129599034415,1.1808088543604851e-05,1.8027108755788326,65.6,derated,68.43318718421693,37.9182913982775,0.3930124044418335,
984.9901636866023,0.9850593425799161,Solve_Succeeded,132,0.6009063958207036,land,True,40.6,1271.21054623276,-0.29083337634801865,-11.668559089303017,34.8602806776762,2.9518949761986732,-2.1475627049803734,2.014530338346958,-19.513147161342204,-1.8304356783628464,-4.573326190002263,139.1192514449358,-816.1228213459253,9,efficiency,1218854003.0026803,Solve_Succeeded,400,True,0.6009044109076849,1.8556689216354307e-05,0.00010889959567860531,solved,57.0,0.00079329550974972,3.368983822794143e-05,1.8027132327230546,116.5,derated,3.3095950557711737,13.380543182836846,0.3049915968440473,
9.15090099149523,0.23289934755302963,Infeasible_Problem_Detected,430,99.0,no_replan,False,37.4,472.7062728255987,2.377434439957142,11.708893850445747,-5.206824913620949,-0.4077654927968979,1.4751375019550323,-2.6940063759684563,-2.403721744194627,3.4441415145993233,17.77792892511934,-209.3484152108431,298.0615312233567,10,efficiency,68364323.90331924,Solve_Succeeded,157,True,0.6009033095160884,3.38688031810056e-06,2.0344116868195172e-05,solved,31.0,0.00014624337496054124,6.319152718072843e-06,1.802709928548265,46.9,derated,14.248079034949768,17.876423145364967,0.05052390368655324,
815.6018706320186,0.04225473990663885,Infeasible_Problem_Detected,518,99.0,no_replan,False,125.5,878.6741733551025,-2.656681202352047,-15.602813139557838,28.350569531321526,3.7558781653642654,0.8329819366335869,6.554107442498207,-4.368687164969742,0.8804571032524109,27.662025855854154,-380.46889286488295,-659.8002333194017,11,efficiency,347734729.5824163,Solve_Succeeded,277,True,0.6009044943710266,5.157329986916093e-06,3.110669027993697e-05,solved,43.0,0.0002212133919448565,9.59743572886863e-06,1.8027134831130798,68.6,derated,27.834278985981417,2.247413674602285,0.08479917095974088,
317.31509243279953,0.5596295618452132,Infeasible_Problem_Detected,696,99.0,no_replan,False,77.4,1115.1052569970489,0.5115932896733284,15.5625731498003,-11.75314761698246,-1.3527379855513573,-3.536536827683449,-8.151532486081123,-21.24007928185165,-5.847195692360401,5.133245585486293,394.2850286141038,25.505576469004154,12,efficiency,473817901.13795274,Solve_Succeeded,369,True,0.6009248395470108,2.540012079972987e-07,1.4855559831062214e-06,solved,34.0,1.1334247297749075e-05,4.830496007681721e-07,1.8027745186410324,102.2,derated,47.28865422686457,21.474578842520714,0.3409677497111261,
381.09345433004495,0.06781976926140486,,0,99.0,lost_in_delay,False,0.0,602.1177560091019,3.2913196682929993,-5.9043241292238235,-30.539996549487114,-3.7018646225333214,-0.5977783873677254,-10.466752462089062,1.4417546847835183,-9.409070245921612,2.776241170242429,898.5382933169603,-115.25011416524649,13,efficiency,374565180.74260104,Solve_Succeeded,423,True,0.6009030007849344,7.2829215224172655e-06,4.376575314282825e-05,solved,48.0,0.00030982348736403344,1.344552503960494e-05,1.8027090023548034,102.3,derated,168.3859258254496,13.552887627482413,0.49130549654364586,tumble
3.5275079994864313,0.8389351402875036,Solve_Succeeded,22,0.6009024962022045,land,True,6.2,1392.7784269675612,-1.376837283372879,5.8665356785058975,9.568755999207497,1.1577351242303848,3.7711824625730515,14.866936840116978,-14.609122704714537,7.819168522953987,13.522177396342158,-799.9641347676516,548.934268578887,14,efficiency,1279865829.6796339,Solve_Succeeded,432,True,0.6009038324441937,2.171011652233149e-05,0.0001308231542520418,solved,57.0,0.0009164445570168226,3.924272179850097e-05,1.802711497332581,106.3,derated,8.740801797759538,49.11382924444042,0.24699389282613993,
661.5249159138308,0.8569671006407589,Solve_Succeeded,87,0.600906416059629,land,True,30.1,735.9697731211782,3.9771773293614388,18.785712644457817,10.635922625660896,1.474440537393093,0.04658441245555878,-12.331964187324047,0.2627505548298359,-0.6682556569576263,3.920544975437224,-875.7307039573789,-204.14409320801497,15,efficiency,432696960.9810579,Solve_Succeeded,313,True,0.6009030217278297,4.39480317701487e-06,2.6737206908637693e-05,solved,46.0,0.00018871151861572568,8.170357180073551e-06,1.8027090651834892,77.6,derated,17.95467082127167,6.16679979590699,0.38858004100620747,
189.469636429076,0.3585500388871878,Infeasible_Problem_Detected,704,99.0,no_replan,False,99.4,1007.808718457818,-1.815487764775753,-18.823615536093712,-29.116317257285118,-3.8856333196163177,-3.341930575668812,13.001689352095127,-17.668391480110586,4.5096282586455345,26.815371562726796,805.1716854795814,474.5713982731104,16,efficiency,547845343.4921359,Solve_Succeeded,465,True,0.6009032136403979,1.3367655786979817e-05,8.047428805667778e-05,solved,47.0,0.0005646025958807328,2.4420388311843245e-05,1.8027096409211936,115.0,derated,17.55328461746965,22.329616522882134,0.13093881960958242,
145.11707772106735,0.4944868166930973,Infeasible_Problem_Detected,527,99.0,no_replan,False,79.2,521.9103457406163,-2.0963118374347687,9.712223634123802,-7.825195863842964,-1.0443221628665924,-0.28068114817142487,5.919316783547401,7.713883640244603,9.947016455233097,12.01575165335089,375.1510463654995,-567.6120590418577,17,efficiency,164680595.68421602,Solve_Succeeded,285,True,0.6009021831104515,1.998508484312348e-06,1.1942138648371267e-05,solved,39.0,8.698633952726516e-05,3.7358040465957318e-06,1.8027065493313545,68.4,derated,10.874542612914622,14.78228343045339,0.043131782207638025,
14.15695903440743,0.0,,0,99.0,lost_in_delay,False,0.0,1222.9791764169931,0.1964779496192932,-9.752578064799309,31.931774243712425,3.564765952527523,3.108376495540142,-8.786282613873482,-11.584377181716263,-8.73174811899662,2.2170177595689893,-417.20205545425415,104.04492784291506,18,engine_out,720724925.3725064,Solve_Succeeded,404,True,0.6009033814041471,1.5267667041613335e-05,9.230008671336212e-05,solved,51.0,0.0006488001484236098,2.7810817223835664e-05,1.8027101442124414,94.6,derated,120.9583556650096,36.71994503452442,0.28891567466780543,tumble
611.4016048381379,0.2154444532934576,Infeasible_Problem_Detected,1087,99.0,no_replan,False,239.5,1129.3743900954723,-0.9797311127185822,3.651665672659874,-13.827082589268684,-0.22447077184915543,2.7153681814670563,0.1492733135819435,-13.856616551056504,-10.592123664915562,10.750646859407425,-116.44255388528109,-854.259991273284,19,efficiency,770798251.8405015,Solve_Succeeded,365,True,0.6009034592965642,1.8296061613962273e-05,0.00010919776813512275,solved,49.0,0.000772908889764901,3.3200949002882124e-05,1.8027103778896927,93.8,derated,54.294296858598194,15.902249643579125,0.3151267091743648,
1.1619793151461557,0.6937520068604499,Solve_Succeeded,22,0.6009007444406973,land,True,5.5,865.3778625652194,2.813051998615265,-3.611445352435112,25.97138188779354,2.635663539171219,-1.9190431460738182,-4.559227637946606,5.201474740169942,6.726947575807571,21.01645765826106,214.46713116019964,274.4555236771703,20,efficiency,231844033.93110862,Solve_Succeeded,293,True,0.600905308450255,7.121316792766485e-06,4.30098985105431e-05,solved,39.0,0.00030349068350760437,1.32031786448331e-05,1.8027159253507652,71.2,derated,3.7128913241881842,35.21537523684091,0.07154722744598985,
1300.1160950981043,0.0,Infeasible_Problem_Detected,1260,99.0,no_replan,False,270.4,1351.414044946432,1.094726987183094,12.703172490000725,7.262808158993721,0.2943529784679413,-2.9807750284671783,-16.871385648846626,-24.17878497391939,2.790063723921776,19.11968883872032,628.2325409352779,-371.231378428638,21,engine_out,841116750.0655124,Solve_Succeeded,332,True,0.6009033260837425,9.221652007939171e-06,5.5472892841420494e-05,solved,40.0,0.00039135550033762015,1.6972346047145182e-05,1.8027099782512277,93.2,derated,41.24658634131338,3.1866053845733404,0.22215942572802305,
36.79381316205875,0.6657503396272659,Infeasible_Problem_Detected,447,99.0,no_replan,False,49.7,642.5018353387713,-3.19792952388525,-12.66540251672268,-32.53092609345913,-2.814796783030033,1.6540549769997597,18.459061160683632,-5.941208410076797,-4.0284029468894005,-3.8554796762764454,-614.0866577625275,750.4256386309862,22,efficiency,475759158.3741761,Solve_Succeeded,324,True,0.600917060008486,1.1909582442532424e-06,7.300490966361693e-06,solved,48.0,5.3564932941420966e-05,2.2471857446620433e-06,1.802751180025458,83.8,derated,59.13697205298394,31.58467936813831,0.47710795514285564,
1.7521679321375938,0.0,Infeasible_Problem_Detected,135,99.0,no_replan,False,14.8,1303.0618220567703,0.9248877540230751,0.3331688418984413,-19.67675670981407,-2.2970325499773026,0.6264607757329941,4.2563471570611,2.8844637144356966,4.23200386762619,-0.41642386745661497,-532.9119572415948,-491.4270618930459,23,engine_out,1014793931.0927215,Solve_Succeeded,380,True,0.6009039024396657,1.83810286983998e-05,0.00010921728256412053,solved,53.0,0.0007795303573390286,3.3364692597400236e-05,1.802711707318997,118.5,derated,9.119070826633745,45.47027652151883,0.00304213585332036,
308.2773525811513,0.6064459369517863,Infeasible_Problem_Detected,404,99.0,no_replan,False,59.9,566.8133800849319,-2.7741539999842644,-0.37339042872190475,20.57108923792839,0.8428707793354988,-3.9852836206555367,-1.0771895572543144,-15.351174739189446,-2.4487424567341805,13.620146268047392,490.58619271963835,193.86479705572128,24,efficiency,116112945.93627653,Solve_Succeeded,292,True,0.6009034043374645,3.948933853511884e-06,2.3745525583147158e-05,solved,34.0,0.00016987556377931368,7.3568865180850305e-06,1.8027102130123935,72.3,derated,65.01537196248677,8.464600287284702,0.2587214126251638,
296.57744006564405,0.11986220511607824,Infeasible_Problem_Detected,647,99.0,no_replan,False,88.5,1080.0626516342163,-1.05582994222641,10.656657256186008,1.8623676896095276,2.2427681758999825,-0.9234919100999832,-17.531196251511574,-3.6097820661962032,-6.010628454387188,24.228165139444172,14.833205938339233,-58.636870980262756,25,efficiency,356334468.0807553,Solve_Succeeded,235,True,0.6009214544190525,6.351323591924094e-07,3.7871705030002687e-06,solved,31.0,2.8297806677776457e-05,1.203972410155633e-06,1.8027643632571577,60.7,derated,61.98696377257097,19.00439904355444,0.40899723023176193,
786.8171334194733,0.7932832536753267,Solve_Succeeded,105,0.600902606907073,land,True,44.9,788.7301301583648,3.1430871188640594,-10.694428496062756,-38.38044285774231,-0.6481053978204727,3.6877098605036736,17.17429108917713,-22.665530531667173,11.170726731419563,5.474424296058714,-84.89752784371376,605.5889284238219,26,efficiency,453361652.25361484,Solve_Succeeded,465,True,0.6009028272902759,1.351619124581215e-05,8.118023994340287e-05,solved,48.0,0.0005712593017509727,2.46736326529242e-05,1.8027084818708277,107.9,derated,3.8573528911990014,0.19337706863880155,0.16517290193587542,
55.60999850635817,0.43644189275801176,Infeasible_Problem_Detected,370,99.0,no_replan,False,43.2,445.24740669876337,-3.922402560710907,17.07381311804056,15.235467851161957,3.0470022410154343,2.111588567495346,-13.304271809756756,-20.256169848144054,8.531053595244884,-1.3167114444077015,-279.74817249923944,-236.04993671178818,27,efficiency,129567674.36812435,Solve_Succeeded,282,True,0.6009039620452457,4.85909182859432e-06,2.9240876310447656e-05,solved,39.0,0.00020828586780913732,9.035303744860443e-06,1.802711886135737,78.6,derated,31.375526277209858,21.47639490156434,0.1995010981336236,
850.725475671592,0.0,,0,99.0,lost_in_delay,False,0.0,1173.6522462219,1.7765059173107147,-17.035909108817577,-24.965829253196716,-1.5928404852747917,-1.2537406906485558,11.404417492449284,-0.9599721757695079,-10.291243493556976,17.61399593949318,293.72894894331694,899.2419054731727,28,engine_out,713616820.3413883,Solve_Succeeded,301,True,0.6009032085336958,8.84081057695963e-06,5.321245418408032e-05,solved,50.0,0.00037680549488342295,1.6256544547359975e-05,1.8027096256010875,74.4,derated,142.9255503061656,8.954388271085916,0.44504252448678017,tumble
,nan,,,,not_run,False,,660.2966288104653,2.057330943644047,6.772306896746159,-3.6748556792736053,-3.4927375242114067,-2.315053790807724,9.713892415165901,-8.976842919364572,-5.2288545817136765,23.569415491074324,774.3135094642639,-760.2787787094712,29,,1284440783.7964609,Infeasible_Problem_Detected,260,False,99.0,,,infeasible,nan,,,,60.8,,,nan,nan,
275.495701808273,0.25926831201650197,Infeasible_Problem_Detected,710,99.0,no_replan,False,101.7,959.4718214124441,-0.14170413464307785,-6.7319513484835625,36.53147682547569,1.8980747312307358,1.0498568192124367,-5.616747513413429,8.952098279260099,0.09256041795015335,9.226987808942795,-675.4648603498936,353.9469838142395,30,efficiency,442125290.5368826,Solve_Succeeded,316,True,0.6009030153791687,8.632113043042117e-06,5.2231182246938876e-05,solved,45.0,0.0003657813966002769,1.5918260721256707e-05,1.802709046137506,75.2,derated,21.81218205201853,19.08015356794931,0.10005348222330213,
10.547730277204803,0.41440614988096053,Infeasible_Problem_Detected,246,99.0,no_replan,False,19.6,1247.573627717793,2.9176352620124817,9.181769080460072,-28.271091133356094,2.257969155907631,-3.656931295990944,-0.31110718846321106,-5.723565849475563,-11.650269739329815,6.2803018959239125,-727.0520394667983,-293.36219374090433,31,efficiency,1091137749.0204535,Solve_Succeeded,358,True,0.6009035372850852,1.845382320237084e-05,0.00010998324268486247,solved,56.0,0.0007809778722720486,3.348891007197858e-05,1.8027106118552556,94.0,derated,52.46024003040272,45.902051865682,0.22817056439816952,
70.5477660068995,0.9358842056244612,Maximum_Iterations_Exceeded,1500,99.0,no_replan,False,164.7,969.5350514724851,-3.0327993854880333,19.502816684544086,30.455597043037415,-2.188081346452236,3.891035720705986,16.71093475073576,5.008950619958341,1.639234721660614,14.425614741630852,328.3157777041197,-703.4076914191246,32,efficiency,472352492.36726105,Solve_Succeeded,365,True,0.6009033646609704,1.1717280274828512e-05,7.066365507700541e-05,solved,45.0,0.000494784319701223,2.147592376107717e-05,1.8027100939829113,87.8,derated,6.2001474132396375,26.532413364853706,0.3207124867476523,
608.0855212841624,0.28121602628380055,Infeasible_Problem_Detected,1334,99.0,no_replan,False,250.0,760.6917727738619,1.1349801495671272,-19.464999102056026,-9.474932253360748,0.6715418845415115,-0.720685787498951,-18.619664646685123,-13.228809395805001,-3.5883951857686043,-0.19076625909656286,-230.23450188338757,411.23157050460577,33,efficiency,278120474.58855075,Solve_Succeeded,377,True,0.6009043879379006,6.992817821030581e-06,4.20892255165847e-05,solved,41.0,0.0002977138836948015,1.294062582157086e-05,1.8027131638137017,94.3,derated,12.356316169865723,8.941487434739246,0.06602437747642398,
16.981389131687674,0.01344785350374876,Infeasible_Problem_Detected,446,99.0,no_replan,False,34.1,604.1139043867588,-1.9142726883292198,13.383198864758015,26.328707933425903,-3.007938489317894,-1.0815742313861847,12.483879625797272,-11.092799571342766,-1.0892132967710495,8.485563579946756,-80.11121805757284,-547.0913797616959,34,efficiency,169068820.6114031,Solve_Succeeded,270,True,0.6009023404477637,2.1304597614302447e-06,1.2698474096268909e-05,solved,37.0,9.27208329310127e-05,3.9809872939552796e-06,1.8027070213432912,66.3,derated,12.32589507792021,24.12585457134992,0.038036185782402754,
1328.9460633817944,0.589256759500131,Solve_Succeeded,230,0.6009110187061318,land,True,87.1,1376.0060487315059,3.7535135224461555,-13.421073220670223,-13.560326993465424,1.6006538644433022,2.2832982316613197,-12.849621325731277,6.838292526081204,5.685341008007526,23.27946186810732,38.116914220154285,138.66933938115835,35,efficiency,676955311.2069603,Solve_Succeeded,286,True,0.6009148170667548,2.157578779777348e-06,1.4053301376010477e-05,solved,47.0,9.538500783073467e-05,4.078215221341143e-06,1.8027444512002642,70.4,derated,12.68007806686834,2.0188090159092096,0.2939521581865847,
1.2277486814887755,0.13681456586346027,Infeasible_Problem_Detected,348,99.0,no_replan,False,24.2,890.1021905243397,0.033239901065826416,3.079250641167164,-34.76920321583748,3.4380510225892067,1.346988707780838,-5.768478848040104,-18.13385137822479,9.62382274121046,16.87298083677888,468.96411292254925,-3.413722850382328,36,efficiency,260999929.57246557,Solve_Succeeded,277,True,0.6009064505875511,6.392285848419239e-06,3.8582023454505134e-05,solved,41.0,0.0002729530891679088,1.1879767297367297e-05,1.8027193517626532,66.6,derated,41.04911632040495,36.167532175732774,0.3820787211880088,
806.9609803335566,0.771371001843363,Solve_Succeeded,90,0.6009026606860931,land,True,33.4,1091.102090291679,-2.134428769350052,-3.119557462632656,5.124561935663223,-1.9215115755796432,-2.01831766217947,8.936967961490154,1.1644927598536015,-7.6515907645225525,-1.6068224236369133,-539.5797293633223,661.2255558371544,37,efficiency,821004957.2109481,Solve_Succeeded,364,True,0.6009035929385779,1.9111398738651788e-05,0.00011386123037668198,solved,52.0,0.0008075921474905668,3.464868541449546e-05,1.8027107788157337,87.0,derated,6.597128693375824,14.195783370733261,0.1374992523342371,
769.4348916270478,0.19841579627245662,Infeasible_Problem_Detected,1422,99.0,no_replan,False,414.0,813.4449884295464,1.984483689069748,10.131966546177864,22.041539326310158,-1.466628558933735,-3.0141588002443314,13.15223217010498,9.972945763729513,8.086660601198673,1.3470666566863656,-563.4324012324214,-796.8389404937625,38,efficiency,518024373.2906695,Solve_Succeeded,279,True,0.6009028630884395,1.0401251571508582e-05,6.236057775629972e-05,solved,47.0,0.00044146931201732766,1.9074301687846722e-05,1.8027085892653185,72.0,derated,11.718668739511848,5.571342968009412,0.3509487514384091,
26.540433193638066,0.7155879624187946,Infeasible_Problem_Detected,399,99.0,no_replan,False,41.2,1041.7961558327079,-3.83954781293869,-10.094091072678566,-18.023115321993828,3.9246946573257446,0.3749369904398918,-11.556304544210434,-9.323201710358262,-9.138970389962196,11.854580608196557,662.2278923168778,331.40815682709217,39,efficiency,474922768.15673316,Solve_Succeeded,316,True,0.6009033849384845,6.7530822152169024e-06,4.0772125802218864e-05,solved,45.0,0.00028778463908699754,1.2509727791137994e-05,1.8027101548154534,77.5,derated,11.392896945698602,31.368139358935878,0.10612538969144225,
122.7591055717464,0.0,Infeasible_Problem_Detected,486,99.0,no_replan,False,64.5,528.4197941422462,-0.11927323788404465,1.060919538140297,-39.23214890062809,1.020883858203888,3.311182364821434,-9.864568151533604,-1.9899163721129298,-5.575489372014999,25.945074276067317,182.5728613883257,-428.2112594693899,40,engine_out,89096702.32051457,Solve_Succeeded,191,True,0.6009026474179952,3.3717990928419763e-06,2.0278366938474e-05,solved,33.0,0.00014561048359418006,6.289639118682389e-06,1.8027079422539853,52.8,derated,65.67398934343232,11.505056062666698,0.19391747936606407,
1.1385719846493214,0.6828632254619151,Solve_Succeeded,33,0.6009012271243278,land,True,6.1,1327.6634445413947,2.2046388164162636,-1.0206115990877151,0.8375411480665207,-3.6194548085331917,-0.0773555114865303,5.465919189155102,-19.918941147625446,1.1492838487029076,3.759468344040215,-168.5388196259737,693.0318357422948,41,efficiency,910291479.376167,Solve_Succeeded,400,True,0.6009084985320956,8.488914283966333e-06,5.13185579116648e-05,solved,52.0,0.0003623737389808536,1.5731297825046877e-05,1.8027254955962868,117.0,derated,16.691730831660635,48.209104913473126,0.4505670601502061,
367.2779317589944,0.8740318161435425,Infeasible_Problem_Detected,409,99.0,no_replan,False,62.2,921.207639016211,-2.9878080412745476,7.458705082535744,-22.734041586518288,0.21665941923856735,-1.7473337352275848,-4.0946947038173676,-21.91755415406078,3.1504195779561996,-3.1788881942629814,-422.81142454594374,-148.59071485698223,42,efficiency,442248891.2407707,Solve_Succeeded,529,True,0.6009029897403756,8.921807910183826e-06,5.337261298077152e-05,solved,45.0,0.00037970761811694745,1.6401690715000513e-05,1.8027089692211267,166.6,derated,27.569645483049605,18.143038403475657,0.41409448254853487,
7.015849901115101,0.33667861623689527,Infeasible_Problem_Detected,628,99.0,no_replan,False,38.7,685.0128691643476,0.8361125960946083,-7.498955205082893,17.377161905169487,-2.6747255325317383,2.8875344172120094,1.2389945983886719,-3.6821327917277813,-2.1211806759238243,19.474219504743814,352.80037466436625,529.656352289021,43,efficiency,199933644.91419947,Solve_Succeeded,266,True,0.6009044623676993,6.777686601944877e-06,4.092900736346154e-05,solved,39.0,0.0002888308618530984,1.2566497664989122e-05,1.802713387103098,66.7,derated,15.153668971089285,29.01972009418532,0.1601385474205017,
885.5753349862882,0.5165988558437675,Maximum_Iterations_Exceeded,1500,99.0,no_replan,False,258.0,1198.252367414534,3.1188862025737762,16.512652710080147,36.16843320429325,-0.27091413736343384,1.9507913291454315,17.691790275275707,-16.107110870070755,-7.184889949858189,21.69339532405138,829.3764609843493,-622.7242676541209,44,efficiency,876716102.9984522,Solve_Succeeded,338,True,0.6009040472941534,7.005692525349551e-06,4.241711313559702e-05,solved,52.0,0.0003003139808787683,1.2923085231611687e-05,1.80271214188246,76.6,derated,3.064375747137003,9.002409952506424,0.00954132666811347,
559.4442758939027,0.05940592172555624,Infeasible_Problem_Detected,1056,99.0,no_replan,False,161.7,1063.6603064835072,3.682937003672123,-8.182037994265556,-15.018930062651634,2.560595139861107,-1.3809200748801231,19.5569996163249,-17.251937268301845,-4.487655088305473,18.519337418489158,-834.577571041882,-604.583958350122,45,efficiency,769701770.2431333,Solve_Succeeded,449,True,0.6009030528970287,1.2401668602227323e-05,7.538433255424377e-05,solved,52.0,0.0005264099920177129,2.2672691228051508e-05,1.8027091586910862,116.2,derated,32.103336354376346,13.616971021704375,0.11252628965303302,
3.2606790723527252,0.5375203562434763,Infeasible_Problem_Detected,1445,99.0,no_replan,False,70.9,792.5611404702067,-1.5165930315852165,8.144180998206139,24.74047191441059,-0.07933210581541061,2.241818279027939,-15.148599781095982,-0.14462519902735949,2.3337827995419502,-4.283356831409037,848.9413669332862,81.13534413278103,46,efficiency,583265286.9863169,Solve_Succeeded,462,True,0.6009034351398989,1.7397731125599908e-05,0.00010428903851053411,solved,50.0,0.0007344582512327689,3.160063179424465e-05,1.8027103054196965,106.8,derated,15.908052619778527,42.065640641376376,0.367954867426306,
1271.85035764917,0.08969402080401777,Infeasible_Problem_Detected,1458,99.0,no_replan,False,602.7,1278.2079853117466,-2.298268973827362,-17.86098562180996,3.453473076224327,-2.9909585043787956,1.1785539761185646,-3.459906429052353,-9.800801705569029,6.272275976836681,10.372108760289848,445.7357369363308,-170.90755887329578,47,efficiency,711627190.6483904,Solve_Succeeded,358,True,0.6009050091857467,6.540644779375379e-06,3.9215431849165135e-05,solved,49.0,0.00027966453574177294,1.2103370999005916e-05,1.8027150275572403,95.3,derated,8.370778137506347,0.831952616944909,0.45602140855044127,
17.65429124562371,0.8218684853054583,Infeasible_Problem_Detected,342,99.0,no_replan,False,30.6,576.902431063354,0.4011363685131073,17.820697352290154,-36.30119867622852,0.39995233714580536,-2.444603055715561,1.8737471103668213,5.939387665130198,-11.050044000148773,20.360724701546133,-347.4898338317871,493.74567065387964,48,efficiency,161725167.1612277,Solve_Succeeded,244,True,0.6009054999520821,5.747438033614537e-06,3.470498699729727e-05,solved,38.0,0.000245465929841627,1.0687234913604324e-05,1.8027164998562462,56.8,derated,13.053035199646358,22.662601767200975,0.2119311224669218,
470.61851575461816,0.38834210042841727,Infeasible_Problem_Detected,820,99.0,no_replan,False,74.3,670.9960089996457,-0.6804670691490173,-14.253583177924156,19.44377027451992,-3.810564771294594,-3.864460952579975,-7.999308742582798,3.7007958814501762,-8.251850835978985,12.71631553210318,-187.69801128655672,-348.3277592808008,49,efficiency,144857739.50922567,Solve_Succeeded,262,True,0.6009035530846217,5.424588084899475e-06,3.275464393834191e-05,solved,36.0,0.00023218194255445842,1.0081927314617915e-05,1.802710659253865,41.7,derated,37.0176874262096,7.183157822862267,0.18401111848652363,
137.0305380585263,0.0,,0,99.0,lost_in_delay,False,0.0,934.2517960816622,2.5189296901226044,14.293852970004082,-20.347532108426094,1.3293017223477364,0.504538044333458,7.33113806694746,-12.347926306538284,10.42952723801136,2.550725182518363,145.868562720716,787.3915130272508,50,engine_out,547819115.8483317,Solve_Succeeded,374,True,0.6009037492045074,5.661523354525991e-06,3.381568662439534e-05,solved,47.0,0.0002432531613251605,1.0470609009500698e-05,1.802711247613522,74.0,derated,148.50472018323538,25.444164800597353,0.42931496258825064,tumble
9.298938009092637,0.2499257670715451,Infeasible_Problem_Detected,1440,99.0,no_replan,False,55.6,1157.6160747557878,-3.399768643081188,4.595373496413231,38.16180653870106,-1.1499216109514236,-0.801256850361824,-10.921525806188583,-23.49060802254826,-0.18996483832597733,27.43635251186788,-656.7727267742157,241.22498743236065,51,efficiency,757148208.3769599,Solve_Succeeded,477,True,0.6009036580781041,1.6095345718554873e-05,9.601593193574576e-05,solved,52.0,0.0006840674061627901,2.9291028402001746e-05,1.8027109742343121,89.6,derated,33.453445274404594,40.88652196042239,0.021801094990223646,
89.77703008619936,0.9052838538773358,Infeasible_Problem_Detected,961,99.0,no_replan,False,57.0,496.8126291409135,0.7196320965886116,-12.230331115424633,14.043282121419907,-1.730431891977787,-1.7898057326674461,-6.4032599702477455,-14.664403405040503,0.5488413423299789,21.91668505873531,-463.7552747502923,-91.8665187433362,52,efficiency,148252270.02883962,Solve_Succeeded,238,True,0.6009039077245415,1.3341389493303338e-06,7.961825087604124e-06,solved,39.0,5.842061178678921e-05,2.5034922033220593e-06,1.8027117231736245,40.7,derated,22.90871437478883,19.321233146544543,0.4978046426549554,
1093.7699958849535,0.30937512544915075,Infeasible_Problem_Detected,502,99.0,no_replan,False,101.3,1233.3121072500944,-2.57352127879858,12.190062440931797,-26.197077482938766,3.1296639144420624,2.587227016687393,8.30222737044096,2.2067718813195825,-4.769602440297604,7.786975505761802,562.3860312625766,586.4215292036533,53,efficiency,796106308.234209,Solve_Succeeded,344,True,0.6009031629389497,9.993706912926966e-06,6.068374019937405e-05,solved,51.0,0.0004223108674555485,1.8392398941236402e-05,1.8027094888168493,54.1,derated,21.624706317214773,6.368659016629681,0.240431759506464,
3.356146361849495,0.4840691552963107,Infeasible_Problem_Detected,272,99.0,no_replan,False,12.7,720.3000510111451,-1.3543453514575958,-1.3013828918337822,-7.483928799629211,1.78445103764534,1.523543931543827,10.618658363819122,-21.158647490665317,-9.833323158323765,-2.681169138289988,57.19462037086487,-454.46202233433723,54,efficiency,220329983.11942545,Solve_Succeeded,305,True,0.6009073858516724,2.1878904652568516e-06,1.3316448024279394e-05,solved,39.0,9.536591774067525e-05,4.119278491893324e-06,1.802722157555017,62.3,derated,54.749423929394695,28.875204739859328,0.0898964679799974,
379.3698807387163,0.0,Infeasible_Problem_Detected,689,99.0,no_replan,False,87.9,1010.9071057289839,3.438932716846466,1.2635466828942299,32.76146620512009,-3.3246761932969093,-2.853070169687271,-14.714878350496292,-5.107586649246514,8.985725194215775,15.88369673769921,-43.43518987298012,216.7675344273448,55,engine_out,338593232.6669884,Solve_Succeeded,381,True,0.6009031070991223,7.801017017975071e-06,4.718578095173345e-05,solved,43.0,0.0003312441912987806,1.4419182240259028e-05,1.802709321297367,51.3,derated,92.96544423742725,15.900315458048135,0.33593343989923596,
1.2370492034060552,0.14788009133189914,Infeasible_Problem_Detected,235,99.0,no_replan,False,14.6,1354.878605902195,-3.7221401035785675,-5.17718743532896,-10.868637561798096,0.980462096631527,-3.4648150876164436,16.0761846229434,-2.7329374942928553,10.6882159486413,25.914640745148063,-323.19663260132074,-741.1036781966686,56,efficiency,812677218.5419544,Solve_Succeeded,361,True,0.6009043175509576,6.912051296535865e-06,4.1662441692017395e-05,solved,50.0,0.0002953314664226154,1.2784508434607733e-05,1.802712952652873,67.0,derated,26.625263828752622,45.79853943316265,0.2994079333730042,
305.5009965061774,0.7627467289566994,Infeasible_Problem_Detected,619,99.0,no_replan,False,73.2,626.2217989191413,1.5711312890052795,5.215043164789677,29.340145885944366,-2.3796941339969635,0.1664147824048996,-19.25445530563593,-18.475194186903536,-6.490525737404823,6.882705831900239,252.9107702895999,387.18440663069487,57,efficiency,141753563.1517026,Solve_Succeeded,392,True,0.6009221515657649,4.381005635675249e-06,2.5619615590459284e-05,solved,36.0,0.000194589899970851,8.291836088116591e-06,1.8027664546972948,101.6,derated,7.931835725267425,11.08124352917075,0.05604839464649558,
36.5393438185487,0.0,Infeasible_Problem_Detected,286,99.0,no_replan,False,38.0,1139.3411323428154,2.3528062775731087,-16.123235039412975,8.052989691495895,-0.5344818532466888,3.2296192571520805,-2.1763546764850616,8.546387739479542,-2.9270332753658295,1.0432108845561743,704.0466070175171,-258.96040219813585,58,engine_out,753276127.2020336,Solve_Succeeded,614,True,0.6009036318961151,2.019466215120389e-05,0.00012050706259024241,solved,51.0,0.0008532669205817068,3.65676475112083e-05,1.802710895688345,139.8,derated,49.78255569260662,34.2260300796479,0.14390062540769577,
784.2055972155438,0.6369433787185699,Solve_Succeeded,275,0.6009024367731222,land,True,114.7,840.8904751762748,-0.44033851474523544,16.16352204233408,-32.15075835585594,2.074706993997097,-0.40106798708438873,2.532334625720978,-8.56312099378556,3.7508277520537376,15.253254497423768,-746.5904988348484,862.2691713273525,59,efficiency,717672171.0139418,Solve_Succeeded,387,True,0.6009028775112286,1.4565463275981505e-05,8.759674397882824e-05,solved,52.0,0.0006157815029683764,2.654888412437327e-05,1.8027086325336859,85.5,derated,38.93294996905226,3.2692255234345793,0.3990843566134572,
11.02771973230603,0.748988487990573,Infeasible_Problem_Detected,246,99.0,no_replan,False,24.2,1103.682778403163,2.1379072591662407,12.86650188267231,-8.910692781209946,-0.45117734372615814,3.6782411262392998,1.4449605345726013,2.04423651099205,6.871741242706776,27.776581552810967,-734.4723271206021,-27.297945879399776,60,efficiency,503584694.82976234,Solve_Succeeded,361,True,0.6009031418874985,9.60398142617628e-06,5.804765127342515e-05,solved,45.0,0.00040669064714015366,1.7667862501320123e-05,1.8027094256624956,81.5,derated,19.25362377358194,32.74719570321031,0.16089140065014362,
386.008811105107,0.15288420044817028,Infeasible_Problem_Detected,530,99.0,no_replan,False,87.7,875.5827570334077,-0.037695325911045074,-12.82860852777958,31.141697615385056,2.9074159637093544,-0.9444123655557632,-3.2654835283756256,-15.066342423669994,-11.856052502989769,5.01868982706219,720.5481519922614,658.0765049904585,61,efficiency,528996547.6581063,Solve_Succeeded,447,True,0.6009033647435965,7.795362824231187e-06,4.7150592635316656e-05,solved,47.0,0.0003310427517179012,1.440462453247822e-05,1.8027100942307894,104.1,derated,113.288544732443,16.786915807146578,0.42109503503888845,
409.82041013190013,0.6404216066002846,Infeasible_Problem_Detected,1018,99.0,no_replan,False,163.6,1388.5724019259214,-3.7568710297346115,3.1704548746347427,12.345235645771027,0.006531156599521637,-3.881217546761036,-15.342964269220829,-4.996809037402272,-3.4179779291152954,3.1813394697383046,236.53292879462242,-550.726205483079,62,efficiency,1033907129.9982667,Solve_Succeeded,327,True,0.6009033165873793,1.0580907427092879e-05,6.28688916758533e-05,solved,53.0,0.000452723413028363,1.9388734317274235e-05,1.8027099497621377,77.7,derated,21.777326342938043,26.37520486721769,0.25493584433570504,
488.1482871172117,0.0,Infeasible_Problem_Detected,699,99.0,no_replan,False,135.7,589.5801955834031,1.918606385588646,-3.1301290541887283,-27.7024245262146,-2.603030487895012,0.7419938296079636,19.98576831072569,-20.74013175908476,1.8104919120669365,13.117079035378993,-335.21856665611267,113.52681163698435,63,engine_out,140596052.8480379,Solve_Succeeded,326,True,0.6009030990537602,6.2121293919286266e-06,3.756010728946042e-05,solved,38.0,0.0002649831212650582,1.1521001540888568e-05,1.8027092971612804,85.4,derated,12.143496568859055,4.828024068009108,0.01464403746649623,
9.00925428871422,0.3039227917324751,Infeasible_Problem_Detected,397,99.0,no_replan,False,33.7,746.1737176403403,-1.1393127888441086,9.567936435341835,5.845281779766083,1.201208010315895,1.0681094899773598,-11.11773744225502,-18.91079924069345,5.867856279015541,19.923312310129404,-31.38578999787569,-728.3905137330294,64,efficiency,285973755.3226543,Solve_Succeeded,297,True,0.600905448550857,8.632372055881619e-06,5.208104026824163e-05,solved,42.0,0.000366764931964916,1.5947487937391373e-05,1.802716345652571,73.1,derated,25.379216436309523,28.5695714995265,0.10507120890542865,
950.0137030380049,0.9189181195106357,Solve_Succeeded,119,0.6009032849524135,land,True,36.9,982.116149365902,3.036156043410301,-9.608166292309761,-34.23897087574005,-3.6574466452002525,-2.300959140062332,14.217554032802582,-2.860804428346455,-0.9073490425944328,9.778394885361195,73.65485932677984,406.9839606061578,65,efficiency,347337182.4975459,Solve_Succeeded,296,True,0.6009049493210982,6.16818451087344e-06,3.710449003221083e-05,solved,42.0,0.0002634635085517559,1.1446168381453715e-05,1.8027148479632944,67.9,derated,14.14560131698686,3.0266548904590307,0.3441351526416838,
1.1187267594045862,0.0,,0,99.0,lost_in_delay,False,0.0,468.9896633848548,0.7544813081622124,19.246884062886238,-13.035737723112106,-1.2565614804625511,-1.364651881158352,6.900503151118755,-8.17827234044671,-7.845011003315449,-4.945694264024496,545.8020888268948,-296.3378196582198,66,engine_out,203909413.15180063,Solve_Succeeded,278,True,0.6009031262550726,4.124339809912604e-06,2.4920852698228204e-05,solved,43.0,0.00017746103743359644,7.684202281221539e-06,1.8027093787652178,71.2,derated,52.00502889998539,39.14343637828715,0.44761122297495604,impact
683.4732642520117,0.48075304972007865,Infeasible_Problem_Detected,484,99.0,no_replan,False,91.8,1260.1384833455086,-2.9211146011948586,-19.284682646393776,27.053245157003403,3.85306079685688,2.0048506557941437,-7.803076840937138,8.691832744516432,9.429425239562988,18.150296814739704,-475.9009122848511,817.9152276366949,67,efficiency,985488358.9656715,Solve_Succeeded,487,True,0.6009038271630857,2.2189047971455523e-05,0.00013130962085776125,solved,53.0,0.0009394541679673969,4.011283712626964e-05,1.802711481489257,119.0,derated,22.31616802513913,16.011612112261354,0.18912373296916485,
143.18663278241058,0.3812059331685304,Infeasible_Problem_Detected,520,99.0,no_replan,False,55.1,1183.4906913340092,-3.1222436502575874,-6.25075276941061,-39.79556582868099,-1.864056944847107,-0.3533676415681839,10.189825892448425,-16.85066992882639,7.916777774691582,0.5458010705187917,571.1930645629764,38.53942081332207,68,efficiency,740287785.6796153,Solve_Succeeded,292,True,0.6009033783670606,1.2185436967223975e-05,7.477326412400332e-05,solved,51.0,0.0005149066578131981,2.2309963835934976e-05,1.802710135101182,70.3,derated,15.105708935257377,30.88441889681853,0.0329937650822103,
437.01283387826675,0.24614653573371467,Infeasible_Problem_Detected,417,99.0,no_replan,False,62.5,697.8214351460338,-0.8405679613351822,17.23703134804964,-18.592490032315254,-3.206340491771698,-3.2896150425076485,8.730927519500256,5.827946588397026,1.3541136682033539,6.574736730195582,160.98361015319824,-159.95199903845787,69,efficiency,150810175.81231755,Solve_Succeeded,293,True,0.6009052473307189,5.821934789972789e-06,3.5162949044009876e-05,solved,36.0,0.000248818992356059,1.0825589607777802e-05,1.8027157419921567,72.8,derated,18.925263460207166,9.22346706893295,0.13668610900640488,
1.963912570546011,0.9782018840778619,Solve_Succeeded,27,0.6009034727601691,land,True,6.3,906.4278729259968,2.9912864714860916,-17.199231646955013,21.359954699873924,1.6840596720576286,0.08691416680812836,-6.59761194139719,-10.219705398194492,-5.371261931955814,25.191487637348473,-175.18277540802956,511.7872042581439,70,efficiency,291877526.3720282,Solve_Succeeded,224,True,0.6009031415298869,3.5872622363503648e-06,2.1530257183976947e-05,solved,41.0,0.0001548517307948995,6.688569774831417e-06,1.8027094245896607,56.0,derated,16.284623306318892,34.259824495203794,0.3750164480879903,
401.39301401293375,0.5444943965412676,Infeasible_Problem_Detected,789,99.0,no_replan,False,136.3,1312.8993172198534,-2.2081180959939957,11.117717511951923,-4.467411711812019,-2.02729619294405,1.7299318686127663,2.962886691093445,-11.911933291703463,-1.929132655262947,16.642743177711964,-359.9226722493768,-446.34997621178627,71,efficiency,775486522.6673986,Solve_Succeeded,520,True,0.6009154555904496,5.671876901073535e-07,4.672085370618664e-06,solved,51.0,2.5085914858692137e-05,1.0735519141868504e-06,1.8027463667713488,112.7,derated,30.440881436980835,22.02268456625752,0.4740500161424279,
8.231457890585185,0.04607981210574506,Infeasible_Problem_Detected,291,99.0,no_replan,False,26.2,541.2431197240949,0.1237296611070633,-11.155612133443356,35.44838331639767,0.6140260696411133,-2.9012589156627655,-2.372521609067917,3.8293262803927064,3.3432588949799538,-2.408841844648123,430.64815532416105,682.393199019134,72,efficiency,354969198.4537845,Solve_Succeeded,312,True,0.6009029105193667,9.795713309414721e-06,5.918306234943471e-05,solved,46.0,0.0004139247635219542,1.801511163848167e-05,1.8027087315581,82.7,derated,32.22263046500052,35.58891226742416,0.23302603140473366,
771.038921019601,0.8070164991077036,Solve_Succeeded,111,0.6009029752236325,land,True,35.3,1027.0196605473757,3.8429044112563133,0.18876928836107254,16.65176399052143,2.456310212612152,-1.9645173773169518,-19.05815366655588,-23.87478499673307,11.406334184110165,8.256580837070942,864.1526520252228,-807.1016119793057,73,efficiency,772819489.705655,Solve_Succeeded,371,True,0.6009161232990347,1.0122244604840916e-06,9.596875675271518e-06,solved,50.0,4.492503383782579e-05,1.9146237425764777e-06,1.802748369897104,87.2,derated,7.837442789042056,10.08811040315777,0.06701683765277267,
89.82307123279925,0.09392148139886557,Infeasible_Problem_Detected,1088,99.0,no_replan,False,125.5,826.2558864429593,-1.9888162687420845,-0.22909637540578842,-23.25899563729763,-0.9340294077992439,2.666239470243454,15.64553838223219,-6.7664068983867764,-7.365382701158524,22.47820169106126,-822.048494964838,314.6375544369221,74,efficiency,453666153.2028722,Solve_Succeeded,421,True,0.6009029127855773,1.0716154251336146e-05,6.474769812029872e-05,solved,47.0,0.0004531188411570324,1.9662243805345367e-05,1.802708738356732,98.2,derated,113.38816207204016,25.546469322917982,0.32746579544618726,
713.0879953695481,0.35470634023658926,Infeasible_Problem_Detected,1027,99.0,no_replan,False,232.0,1170.442753098905,3.4041015654802322,-14.496079497039318,-37.18208245933056,-0.7423280626535416,1.3908449113368988,-18.423413075506687,-9.468241934664547,2.5162894874811172,-0.9121172996237874,-855.187869630754,-897.5045213475823,75,efficiency,1388971735.177952,Solve_Succeeded,352,True,0.6009057204705371,3.2141706606080684e-05,0.00018961556630078883,solved,58.0,0.0013705095154702136,5.7567979231603925e-05,1.8027171614116113,86.6,derated,2.8074789542942766,20.320082156639543,0.06090991524979472,
803.1524408798883,0.0,,0,99.0,lost_in_delay,False,0.0,947.0603248104453,-2.5233857706189156,-4.192131273448467,24.36658851802349,0.7974459603428841,-1.157106727361679,4.8281437158584595,-19.790402404032648,-11.243432767689228,23.6844741133973,340.7620321959257,-352.21003890037537,76,engine_out,294651242.12715787,Solve_Succeeded,333,True,0.6009042986284182,5.795527836592276e-06,3.501000506709149e-05,solved,41.0,0.00024802013194021326,1.0772064910601806e-05,1.8027128958852545,86.4,derated,144.46918697005447,4.32385241817683,0.4058322152122855,tumble
22.279374840124355,0.5263868314214051,Infeasible_Problem_Detected,262,99.0,no_replan,False,25.5,656.2161907553673,0.6839462146162987,4.154351092875004,-15.895991697907448,-2.3434043675661087,2.454529918730259,-0.5073003470897675,-1.55391501262784,6.077847003936768,9.111929371021688,-439.2829220741987,762.0569592341781,77,efficiency,355892040.825305,Solve_Succeeded,292,True,0.6009036026213682,6.137697100810847e-06,3.6941916190283604e-05,solved,45.0,0.00026188769878798926,1.1373705040275429e-05,1.8027108078641048,76.1,derated,22.71299509391966,30.77732990006916,0.14490229822695255,
538.928315147732,0.7179843683261424,Solve_Succeeded,123,0.600910335102385,land,True,36.5,562.1383856981993,-0.4046144559979439,-8.0676294490695,37.74944357573986,1.9923584312200546,3.846691355109215,9.365718178451061,-4.101044829003513,10.223285146057606,-0.7892951127141714,-152.14971955865622,-195.64296752214432,78,efficiency,150590686.96210968,Solve_Succeeded,401,True,0.6009043856577342,1.5359322847608603e-06,9.24874352073213e-06,solved,40.0,6.712261143073502e-05,2.8856265995109082e-06,1.8027131569732027,108.7,derated,33.56322961657265,6.714870300143957,0.23538335226476192,
318.2683569394436,0.18051205226220188,,0,99.0,lost_in_delay,False,0.0,1291.0313779488206,2.302724204957485,8.105543591082096,-2.471604123711586,-3.3975678607821465,-0.5181419923901558,-5.962861813604832,-22.02900357544422,-8.457596406340599,13.993017574772239,194.58373803645372,489.6900733932853,79,efficiency,707513533.921948,Solve_Succeeded,326,True,0.6009031774883292,1.0641147681333026e-05,6.396217335074924e-05,solved,50.0,0.0004518023247708488,1.9516191554354844e-05,1.8027095324649876,78.4,derated,135.65985197447947,25.439000364858654,0.49509971123188734,tumble
209.41215645983345,0.672588873654604,Infeasible_Problem_Detected,641,99.0,no_replan,False,78.6,777.7847271412611,1.5199508219957352,-18.388677053153515,-21.189938709139824,-1.547476701438427,-3.581887200474739,-12.655218094587326,3.3500969922170043,-0.019533276557922363,24.08138337172568,650.0935267657042,-607.3675179854035,80,efficiency,367832572.7558045,Solve_Succeeded,323,True,0.600903899133889,5.027088845370535e-06,3.0418381526860905e-05,solved,44.0,0.00021560857144749693,9.352252024496536e-06,1.8027116974016668,85.3,derated,20.91088790307531,18.164549293182787,0.32887656474485993,
7.485225210819993,0.0,Infeasible_Problem_Detected,167,99.0,no_replan,False,21.6,1076.4712715521455,-3.687270775437355,18.4290224686265,19.035839214920998,3.0934350937604904,0.7834888026118279,12.055073380470276,-15.944980280473828,5.1620472595095634,5.621206125244498,-579.917524382472,56.89944326877594,81,engine_out,547511786.0554801,Solve_Succeeded,292,True,0.6009029791534221,6.545768866607758e-06,3.9027144789652935e-05,solved,46.0,0.0002803345399567576,1.2080142467640364e-05,1.8027089374602663,76.5,derated,32.25199526504403,34.669916674308475,0.0890740598551929,
64.84960247813154,0.5709208794869483,Infeasible_Problem_Detected,899,99.0,no_replan,False,20745.9,853.4710813313723,0.44381771981716156,-6.072539612650871,33.13026204705238,3.5447927936911583,1.8114799559116364,5.035253278911114,-24.636003649793565,-4.577585890889168,10.603361858986318,-554.7728894278407,-276.2474237009883,82,efficiency,465375652.96415234,Solve_Succeeded,405,True,0.6009031955805576,1.210837742992587e-05,7.311062849064554e-05,solved,49.0,0.0005123102578834725,2.2158339127836002e-05,1.802709586741673,106.1,derated,53.01510843247313,28.633481684979053,0.42250723112374544,
748.4458004779493,0.013874323572963462,Infeasible_Problem_Detected,581,99.0,no_replan,False,20774.7,1124.821631796658,-2.3572624176740646,6.034626588225365,-6.6023798286914825,-1.0653643906116486,-2.5775309428572655,-9.668286181986332,-5.338725540786982,0.7417121306061745,21.163742843084037,456.4171129837632,852.5367323309183,83,efficiency,676055945.0872704,Solve_Succeeded,372,True,0.6009032203176974,1.2874756582285119e-05,7.77397121740156e-05,solved,48.0,0.0005435626831052899,2.354352977221717e-05,1.8027096609530922,87.5,derated,33.597414954758634,10.219222294539213,0.18294718861579895,
1.7070910026082324,0.7794268687721342,Solve_Succeeded,35,0.6009064228507816,land,True,7.7,638.7880701571703,-1.5744880810379982,-15.126487240195274,-25.320871770381927,-3.9740576446056366,-1.513846069574356,-11.75248995423317,-13.356667985208333,8.804775975644588,18.747321440838277,50.54042525589466,-752.2179644554853,84,efficiency,198099008.97137284,Solve_Succeeded,255,True,0.6009027523603343,5.361049721507039e-06,3.2294307909239005e-05,solved,38.0,0.0002293487014659587,9.951144250232785e-06,1.802708257081003,63.6,derated,10.033609080124345,31.514563794713467,0.0170018314383924,
626.6764569362253,0.12488737958483397,Infeasible_Problem_Detected,1154,99.0,no_replan,False,224.2,1340.344830043614,3.7264730855822563,15.08614294230938,14.416805505752563,1.3851302489638329,2.8747461810708046,13.582765758037567,4.573353910818696,-10.013824492692947,-3.4831120939925313,-65.01408107578754,369.5076869800687,85,efficiency,1112526827.9768362,Solve_Succeeded,453,True,0.6009033457838693,1.4503520883983859e-05,8.919435567898152e-05,solved,55.0,0.0006093707613245563,2.648399584273377e-05,1.8027100373516078,20771.2,derated,38.26629703211764,25.17896419903263,0.27598505886271596,
1.290998300977535,0.0,Infeasible_Problem_Detected,197,99.0,no_replan,False,13.7,996.3890878483653,-3.443266548216343,-11.519391164183617,-31.312982141971588,-2.7947625890374184,3.4509819000959396,-17.208183147013187,7.256799913011491,-6.6594026908278465,4.035100242123008,-245.35910468548536,-472.8477504104376,86,engine_out,444944869.2564846,Solve_Succeeded,316,True,0.6009028113597896,6.384255802884356e-06,3.8345764029250504e-05,solved,45.0,0.00027250183936799674,1.1807117041308844e-05,1.8027084340793689,20733.0,derated,34.888659707087086,39.772899301489815,0.37494948552921414,
315.41087738366843,0.43322840146720404,Infeasible_Problem_Detected,672,99.0,no_replan,False,82.4,732.8812010586262,1.3577032014727592,11.559602543711662,8.46617043018341,0.31533417105674744,-0.1839558556675911,18.120508901774883,-10.982030304148793,10.518347427248955,26.7008163575083,315.8098692074418,205.9364290907979,87,efficiency,139874612.5223016,Solve_Succeeded,254,True,0.6009041053458374,5.633286462880609e-06,3.4031700199944514e-05,solved,36.0,0.00024115414192589808,1.0471162091081832e-05,1.8027123160375123,20708.3,derated,3.992294946256319,9.891632245481013,0.11328882491216063,
59.034513554594795,0.2930192372296005,Infeasible_Problem_Detected,682,99.0,no_replan,False,63.8,1218.7779067084193,2.577976569533348,-2.4483441561460495,29.74737361073494,2.7240268290042877,-3.2471580654382706,0.8101817965507507,0.7625620858743787,3.955694764852524,12.420849522575736,753.7707287818193,-102.3217124864459,88,efficiency,741198857.8165219,Solve_Succeeded,480,True,0.6009032343932648,1.1629426923196278e-05,6.995584204847906e-05,solved,50.0,0.0004932901421164733,2.1294503656786656e-05,1.8027097031797943,20750.0,derated,50.797758407412296,31.94849102757871,0.21703940257430077,
57.756108135810834,0.0,Infeasible_Problem_Detected,320,99.0,no_replan,False,44.3,695.9473645314574,2.4675501212477684,-4.726284816861153,4.537129253149033,-3.521356411278248,-2.780490607023239,-9.215042367577553,-15.478995712473989,9.159275315701962,-3.3221453661099076,-691.1285804584622,-527.9327077791095,89,engine_out,507788437.6983777,Solve_Succeeded,352,True,0.6009031856016007,9.394192140847388e-06,5.6766352531059755e-05,solved,49.0,0.0003975302388225129,1.7291414870631733e-05,1.8027095568048022,91.2,derated,107.95165279116058,30.305020136525854,0.33800240559503436,
917.0057998852957,0.4502937153447419,Solve_Succeeded,412,0.6009034442710964,land,True,199.4,924.7871577739716,-0.3646674230694771,4.764151349663734,-35.5080609023571,1.1200513243675232,1.6080634966492653,6.113690212368965,2.448879457078874,-8.11246445775032,19.61747686099261,761.2478842958808,150.38305409252644,90,efficiency,411801163.4708961,Solve_Succeeded,306,True,0.6009034467445833,9.356627087343105e-06,5.66595089760439e-05,solved,44.0,0.0003961063213049134,1.7232154526897978e-05,1.8027103402337499,68.2,derated,4.58320280193603,0.4182155810296535,0.08001117641106248,
1.2311481643160365,0.27586671430617565,Maximum_Iterations_Exceeded,1500,99.0,no_replan,False,76.5,411.54599245637655,-3.582991734147072,-13.777791634202003,-16.726402640342712,3.9662437438964844,2.5467600524425507,12.807257510721684,-22.520039826631546,-1.176214411854744,21.325055754743516,306.6710852086544,-46.79558537900448,91,efficiency,35470796.60582714,Solve_Succeeded,170,True,0.6009026750179244,2.8666777317104106e-06,1.7261659656688126e-05,solved,28.0,0.00012416305671982127,5.3576736813548485e-06,1.8027080250537733,43.6,derated,19.2514726218748,23.759972861409185,0.24591107200831175,
815.0529271221319,0.949492746964097,Solve_Succeeded,94,0.6009047843842039,land,True,33.8,1210.3014677762985,1.749350979924202,13.818108513951302,23.323517739772797,-1.4241935089230537,-1.8422279581427574,-11.903186552226543,-3.2249123556539416,5.596200026571751,11.473422865383327,-264.18047547340393,624.5161743834615,92,efficiency,710981566.1173106,Solve_Succeeded,358,True,0.6009031257550549,1.2012229260812077e-05,7.195574173898622e-05,solved,49.0,0.0005093966369802077,2.1980652460658086e-05,1.8027093772651646,89.9,derated,33.35745435440266,11.73704336467199,0.4845090340822935,
2.913919806207278,0.5927562413271517,Solve_Succeeded,36,0.6009006285551591,land,True,9.6,1054.1966255754232,-1.4661673456430435,-17.71235205233097,-0.21854043006896973,2.7713256403803825,-0.4804774075746536,18.26281912624836,-1.3619322516024113,2.1011954247951508,1.4575940947979689,-100.43775904923677,-333.2000534981489,93,efficiency,502565882.085276,Solve_Succeeded,326,True,0.60090324072008,7.99726055856553e-06,4.800876581518908e-05,solved,46.0,0.0003401963737002192,1.4745927055702848e-05,1.80270972216024,78.6,derated,12.789788696799818,36.5287039687857,0.3957908619195223,
273.87144789315863,0.0,Infeasible_Problem_Detected,441,99.0,no_replan,False,86.1,817.5134459510446,3.3661686927080154,17.67209179699421,39.87291246652603,-0.3700205683708191,3.153879575431347,-16.440760865807533,-20.418750918470323,-3.1242030635476112,11.744053231552243,1.9734671339392662,795.1156781986356,94,engine_out,359556124.9354524,Solve_Succeeded,281,True,0.6009029523663388,9.658804145442009e-06,5.837614957262398e-05,solved,42.0,0.00040840669312676686,1.7771253943699212e-05,1.8027088570990164,73.2,derated,66.94687250120292,17.745835907477883,0.15500279422849417,
171.43219814282696,0.7965391562320292,Infeasible_Problem_Detected,537,99.0,no_replan,False,79.1,1330.8924283832312,0.5853434428572655,-8.638863041996956,18.654265850782394,-2.716213583946228,0.21568094193935394,-4.98979639261961,9.370593214407563,-11.56077416986227,26.346144316717982,503.56942042708397,-694.8241649195552,95,efficiency,908527741.8219868,Solve_Succeeded,393,True,0.6009037693458427,1.5325022978730128e-05,9.170116985595877e-05,solved,52.0,0.0006524314782432918,2.7916437213015695e-05,1.802711308037528,88.7,derated,8.931848526453605,29.330344529636204,0.051297707948833704,
494.5955965248648,0.10281557356938718,Infeasible_Problem_Detected,928,99.0,no_replan,False,232.3,539.9793634191155,-2.7468655183911324,8.601054325699806,-21.432456821203232,0.1741633340716362,-3.419233925640583,0.3454950824379921,-8.866111268289387,7.163859531283379,3.358398364856839,-517.2757029533386,426.4875713735819,96,efficiency,273842763.447118,Solve_Succeeded,294,True,0.6009031414770444,8.87410084425767e-06,5.366454434719154e-05,solved,43.0,0.0003755856000221273,1.6355919933795314e-05,1.802709424431133,87.5,derated,46.240009611228615,8.272848859522492,0.31196732399985194,
584.7310454938686,0.7007957845926285,Infeasible_Problem_Detected,143,99.0,no_replan,False,33.5,1380.1964107900858,1.380316250026226,-15.647478960454464,-5.775225982069969,0.6876393109560013,-2.423789292573929,17.36863411962986,-17.539915516972542,-7.097929246723652,8.88612989615649,-598.0377623811364,-140.44749978929758,97,efficiency,974921753.040717,Solve_Succeeded,480,True,0.6009037901639428,2.0467962344896624e-05,0.00012329476192657788,solved,53.0,0.0008684805942812638,3.706997785748659e-05,1.8027113704918283,118.0,derated,26.794083292759716,20.007519918773323,0.2079156944528222,
15.732649653128414,0.20250756200402972,Infeasible_Problem_Detected,785,99.0,no_replan,False,59.8,616.6348518803716,-3.2957746163010597,15.687737949192524,34.17963154613972,-2.170975886285305,1.1878855004906654,-17.959905341267586,0.698731248266995,11.676484107971191,22.878895736299455,639.9238122627139,545.3543812036514,98,efficiency,260394134.64362305,Solve_Succeeded,283,True,0.6009172594874382,9.369897231077611e-07,5.672002805303949e-06,solved,43.0,4.190354962675795e-05,1.7732480764851349e-06,1.8027517784623148,68.5,derated,22.11990320285942,30.896201681485397,0.467853132635355,
874.0637913813764,0.6506772201973945,Infeasible_Problem_Detected,601,99.0,no_replan,False,84.8,1102.5413308292627,-0.5149503201246262,-5.345972739160061,12.960837110877037,-0.7583844885230064,2.1261477768421173,-0.6483481451869011,-11.729463236406446,3.614915147423744,16.984011630527675,202.89934873580933,-663.0041554570198,99,efficiency,507663223.3106434,Solve_Succeeded,338,True,0.6009146182727934,2.2719897047488764e-07,2.9973865950594385e-06,solved,46.0,1.017248447833266e-05,4.292984615789974e-07,1.80274385481838,87.0,derated,33.12515514504793,6.781699679326266,0.36442011361941695,
473.7516074782931,0.0,Infeasible_Problem_Detected,534,99.0,no_replan,False,64.1,893.2094188407063,2.6610153764486313,5.383780188858509,-26.988985016942024,2.351216211915016,-1.485093079507351,4.061907567083836,7.329694083891809,-1.660267286002636,-1.7178530329838395,-132.39542618393898,1.6763051971793175,100,engine_out,318741678.1213233,Solve_Succeeded,365,True,0.6009250362757234,2.2907297004360103e-06,1.3381832876260304e-05,solved,31.0,0.00010223532774513705,4.350973880735308e-06,1.80277510882717,85.1,derated,17.639313356271327,15.140499150473623,0.1238773693330586,
36.64672161223799,0.8500472982414067,Infeasible_Problem_Detected,784,99.0,no_replan,False,66.6,1258.6308620870113,0.29418955743312836,1.7203791812062263,-31.064622476696968,3.4210065975785255,3.5501695796847343,9.517600908875465,-13.69444013107568,1.0634101554751396,24.822508869692683,386.7462946102023,295.14080341905355,101,efficiency,570758022.7953228,Solve_Succeeded,234,True,0.600902963932526,3.565809072996164e-06,2.2045752729100293e-05,solved,48.0,0.00015456799848079315,6.626046984345183e-06,1.8027088917975778,56.5,derated,21.322805610189718,31.84758096635342,0.2658828808926046,
412.86128450930386,0.0,Infeasible_Problem_Detected,753,99.0,no_replan,False,101.1,772.6180447265506,3.5125148221850395,-12.081733010709286,-12.283112034201622,1.5084148421883583,0.6114131659269333,11.600574292242527,-6.360099781304598,7.624659486114979,14.282860802486539,793.4529483318329,-409.49461553245783,102,engine_out,396384468.9390306,Solve_Succeeded,412,True,0.6009027061834363,1.1073627675124664e-05,6.690592105709484e-05,solved,44.0,0.0004677640888044769,2.030472000423319e-05,1.8027081185503089,76.8,derated,70.75815295753574,13.867722645401955,0.4321211203932762,
2.3657231310648776,0.5093978138174862,Solve_Succeeded,30,0.6009023960664416,land,True,5.0,974.1063468158245,-1.6635693684220314,12.041417248547077,27.630270197987556,-3.1012465804815292,-3.753443069756031,-13.734834007918835,-24.290171614848077,-9.603111371397972,-0.0480122584849596,-891.8619967997074,705.1858618855476,103,efficiency,958048843.2371595,Solve_Succeeded,540,True,0.6009035508807371,1.7011975681203318e-05,0.00010432054734890145,solved,54.0,0.0007218519532314735,3.091345664102334e-05,1.8027106526422114,116.7,derated,21.1578976897644,48.25072317542508,0.17339628655463457,
378.30128716183793,0.5614853536244482,Infeasible_Problem_Detected,1008,99.0,no_replan,False,148.9,629.9197521060705,3.2014092057943344,2.5986144319176674,31.558821573853493,-3.285140074789524,-0.05617374926805496,10.965831317007542,8.080625184811652,4.702753633260727,25.545797758735716,-812.9363184794784,-388.9630364254117,104,efficiency,279481543.2630632,Solve_Succeeded,265,True,0.600920178650295,2.343113509750822e-06,1.3720086600487853e-05,solved,42.0,0.00010458685936124235,4.438012373762354e-06,1.802760535950885,50.5,derated,39.386422872028845,9.483267243672161,0.4379990305751562,
193.3994467218565,0.024129862664267407,Infeasible_Problem_Detected,558,99.0,no_replan,False,61.9,1365.9310588613153,-1.0991826504468918,-2.6388920471072197,-8.701288625597954,1.8249932825565338,3.320393607020378,-14.369612745940685,-7.969186175614595,-0.4757612720131874,7.251548756845295,882.8907670453191,739.3662102520466,105,efficiency,1244847780.1189659,Solve_Succeeded,366,True,0.6009047808131573,2.6540484291652692e-05,0.0001554656681773781,solved,56.0,0.0011271318291574055,4.7794386753997714e-05,1.802714342439472,71.4,derated,60.98689940727774,31.79423625394702,0.19867681246250868,
253.63620337713655,0.8290500068105757,Infeasible_Problem_Detected,354,99.0,no_replan,False,38.1,852.8138693422079,-2.8164083138108253,13.547102846205235,-29.9980578571558,3.2297771871089935,0.259142629802227,-7.051350548863411,-2.2415369795635343,-8.91232093423605,0.9004573756828904,409.8088514059782,-864.0473820269108,106,efficiency,634272721.2724799,Solve_Succeeded,289,True,0.6009034605636498,1.435706527906232e-05,8.541410896264676e-05,solved,49.0,0.0006100283613915983,2.6178942433189308e-05,1.8027103816909495,60.9,derated,4.037435571149333,23.06743080979213,0.09502984071150422,
5.656513616881064,0.07669460168108343,Infeasible_Problem_Detected,375,99.0,no_replan,False,17.7,1143.9095536246896,0.9840645715594292,-13.58493011444807,10.266782566905022,-1.6293735280632973,-3.1179673820734024,7.652382031083107,-19.1118588950485,9.765406295657158,15.396007944829762,-367.5929468125105,257.22337346524,107,efficiency,642711448.4736042,Solve_Succeeded,444,True,0.6009036486001577,5.914192832038549e-06,3.618766140278031e-05,solved,49.0,0.0002529558107742446,1.0981951794804915e-05,1.802710945800473,82.8,derated,21.734366188437114,39.82010203995742,0.35423563374206424,
679.0858386268114,0.0,Infeasible_Problem_Detected,724,99.0,no_replan,False,144.9,1237.499595247209,-0.20081225782632828,19.964562691748142,-33.37300933897495,2.0351098403334618,-2.6979950293898582,-1.2831364199519157,-21.624277182854712,6.557694219052792,22.317250698804855,-222.30675872415304,-584.6845172345638,108,engine_out,631880890.873768,Solve_Succeeded,338,True,0.6009033349538294,8.455778038939591e-06,5.0810624498654405e-05,solved,48.0,0.00036014516191842076,1.5569096015821446e-05,1.8027100048614884,59.8,derated,47.62546982252481,14.169472780823707,0.26546357898041606,
11.082370794129003,0.40311505575664336,Infeasible_Problem_Detected,293,99.0,no_replan,False,13.3,509.3306988477707,2.099669210612774,-19.926717095077038,6.855238601565361,-0.5749630630016327,1.9327999651432037,3.427155055105686,-4.513781564310193,-10.76088336110115,7.386409681290388,123.56796283274889,93.64476632326841,109,efficiency,63724901.54314131,Solve_Succeeded,199,True,0.6009022447977085,2.5956399210751336e-06,1.553668456858915e-05,solved,21.0,0.00011253818292733692,4.845975450830793e-06,1.8027067343931256,39.2,derated,5.054843936201633,18.3654498714488,0.004053375218063593,
1017.9540041813515,0.22414849046617744,Infeasible_Problem_Detected,514,99.0,no_replan,False,134.4,1022.3415648564696,1.8199425786733627,9.03805647045374,25.55877424776554,-2.4797463715076447,2.9945298209786415,15.503424778580666,-14.173133666627109,-3.824644759297371,-2.5701390206813812,606.7549299448729,-215.0300832465291,110,efficiency,487478847.3386358,Solve_Succeeded,387,True,0.6009129845518438,2.6825838385151375e-06,1.5268255174053803e-05,solved,46.0,0.00012017485719680538,5.04701785939405e-06,1.8027389536555314,116.5,derated,40.62060797827758,2.3150421702302992,0.17001722659915686,
29.033688493694957,0.9953927006572485,Solve_Succeeded,63,0.6009046526379686,land,True,16.0,723.4024941921234,-3.9806559532880783,-8.997759334743023,-14.664743468165398,0.8793426975607872,-1.636683851480484,-19.825155213475227,1.5702389925718307,2.9946303740143776,15.772666435688734,-620.6258397549391,456.240689009428,111,efficiency,306499781.8949071,Solve_Succeeded,255,True,0.6009072907779079,6.956605087191055e-06,4.181081042920057e-05,solved,42.0,0.000297107592735477,1.291157432230894e-05,1.8027218723337237,61.1,derated,2.324743646516084,26.443234422057866,0.41203213669359684,
1.0822662119208588,0.3259971286170184,Solve_Succeeded,31,0.6009050406104924,land,True,5.9,946.6475142166018,0.1460375338792801,16.67651705443859,-37.50395193696022,0.4902389496564865,-0.6477379873394966,-3.1245489045977592,-7.121315826661885,-2.2666150331497192,12.826842417009175,-484.0783355757594,-785.6682306155562,112,efficiency,547850113.4512032,Solve_Succeeded,313,True,0.6009031516019955,1.0117841900089787e-05,6.070094424704143e-05,solved,46.0,0.00042930276278122073,1.8573717866292773e-05,1.8027094548059865,70.6,derated,6.651844664763041,43.66326380111277,0.07663068221881986,
274.331482050779,0.9018035945482552,Infeasible_Problem_Detected,1122,99.0,no_replan,False,165.9,675.0597111880779,-2.0606871992349625,-16.714363917708397,2.2361381351947784,-2.899604730308056,3.9754352420568466,2.2107068076729774,-22.862491821870208,4.41498839110136,2.440198236145079,526.2391978874803,350.119736418128,113,efficiency,199116312.97470915,Solve_Succeeded,351,True,0.6009035222248772,5.681736962863428e-06,3.428049848997712e-05,solved,38.0,0.00024288424240672424,1.05497480272003e-05,1.8027105666746317,107.7,derated,8.568824058300747,12.963573207054287,0.3179148486815393,
42.808189188594,0.0,Infeasible_Problem_Detected,373,99.0,no_replan,False,49.5,1160.8422143384814,-1.7809615209698677,6.978028044104576,20.939525961875916,-0.06121932715177536,0.9136412665247917,18.897569254040718,4.1580173606052995,10.976226277649403,4.72886233497411,91.80342145264149,-239.50127251446247,114,engine_out,635434605.9697295,Solve_Succeeded,448,True,0.6009030547190776,1.6252514044324708e-05,9.812897948804557e-05,solved,50.0,0.0006821488874074314,2.958623397286508e-05,1.8027091641572328,118.7,derated,63.77311834586496,35.215849911328405,0.4840892516076565,
80.9437531204997,0.726878684014082,Infeasible_Problem_Detected,488,99.0,no_replan,False,51.5,803.4927878528833,-3.1465656831860542,0.9171660989522934,36.93959712982178,-1.2402692586183548,-2.0980912670493126,14.672478772699833,-10.30061251949519,-10.496373899281025,18.37608055397868,-287.26969342678785,-82.92771019041538,115,efficiency,189644014.12522507,Solve_Succeeded,304,True,0.6009051765467662,5.4625646639093435e-06,3.298980743162366e-05,solved,37.0,0.0002340776706197606,1.0167936853392365e-05,1.8027155296402986,90.7,derated,5.956739032525255,19.306861429149283,0.1261566923931241,
1033.7971197148804,0.17003478389233348,Infeasible_Problem_Detected,737,99.0,no_replan,False,233.2,1067.2369809821248,1.0602846965193748,-0.8768873661756516,-2.8321072459220886,3.649635024368763,1.2713731229305267,-10.037929527461529,6.567370742559433,8.324928760528564,-4.14010015130043,273.0139369145036,602.8602266684175,116,efficiency,761772930.7008449,Solve_Succeeded,603,True,0.6009036200930794,2.0012634402912884e-05,0.00011898248564206166,solved,52.0,0.0008466218372622318,3.625098484662133e-05,1.8027108602792383,177.7,derated,32.17206542459369,7.858955605700612,0.38560494780540466,
4.016617444116807,0.623354357900098,Infeasible_Problem_Detected,189,99.0,no_replan,False,18.8,581.5922800451517,2.777511313557625,10.593672916293144,-24.129024296998978,1.311249978840351,2.3326844349503517,-8.580261245369911,-16.794847869314253,0.2633712440729141,10.003769498318434,682.4054080992937,-495.5376109108329,117,efficiency,225296849.55560857,Solve_Succeeded,348,True,0.6009158413612324,1.9116374419631826e-06,1.1262495272479592e-05,solved,41.0,8.490654392077573e-05,3.6177770431134276e-06,1.8027475240836974,99.0,derated,40.505960233658904,31.437321279849854,0.28211369505152106,
446.481847851536,0.0,Infeasible_Problem_Detected,721,99.0,no_replan,False,146.0,1290.2523340657353,-0.9292220026254654,-10.555844530463219,15.647715479135513,-3.8296226412057877,-1.0363613069057465,6.7484308034181595,-0.7469787914305925,-5.058723382651806,20.729063779115677,-780.539845302701,169.18425969779491,118,engine_out,761290302.3331141,Solve_Succeeded,416,True,0.6009036950179881,4.759111909422495e-06,3.039594760196194e-05,solved,51.0,0.00020442199082193875,8.843942505889428e-06,1.8027110850539645,104.3,derated,7.079867309578467,20.198531402600928,0.04205834539607167,
496.2348990179775,0.46778773679397995,Infeasible_Problem_Detected,481,99.0,no_replan,False,122.4,781.2494752928615,-3.5472056046128273,7.241581492125988,25.001414343714714,-2.946323238313198,-0.7557422146201134,0.7089635729789734,-19.36697992030531,1.69245133548975,-0.24239223636686802,-779.7699306160212,-429.09989543259144,119,efficiency,652492874.3278432,Solve_Succeeded,344,True,0.60090254170285,5.216402860606039e-06,3.1842009674849115e-05,solved,52.0,0.00022343167134383624,9.669315117495294e-06,1.8027076251085499,111.3,derated,31.129908599662812,15.04584912508726,0.27398792700842023,
1.7600161974448751,0.0,Infeasible_Problem_Detected,115,99.0,no_replan,False,13.5,1071.9183661043644,1.6523160859942436,-7.203686274588108,-14.733640924096107,0.4123239070177078,3.6137145459651947,-3.955592066049576,-2.5327902752906084,-3.488901749253273,14.475223669782281,681.4140502363443,699.2036322131753,120,engine_out,651236528.9272947,Solve_Succeeded,338,True,0.60090580303173,5.396330470860812e-06,3.2963822297709514e-05,solved,47.0,0.00023194683755893642,1.0084897052149502e-05,1.80271740909519,90.8,derated,3.653726207375993,40.79012100999243,0.01893408363685012,
523.2145145389326,0.891601197887212,Solve_Succeeded,153,0.6009032490054639,land,True,56.6,558.9055983349681,2.4320376962423325,16.29552911967039,-33.4420620650053,2.5016842037439346,0.5519732609391212,-17.426197864115238,-7.677498827688396,-11.925547331571579,24.630174523219466,275.54338071495295,-792.4914753064513,121,efficiency,250999686.8366781,Solve_Succeeded,221,True,0.6009034027217312,5.797068449036867e-06,3.492003066627718e-05,solved,42.0,0.0002475693594008843,1.0755372146787425e-05,1.8027102081651936,69.7,derated,29.905404659681796,2.491309086140245,0.18101923540234566,
115.4753066870826,0.335207890253514,Infeasible_Problem_Detected,528,99.0,no_replan,False,65.1,1295.3446634113789,-0.26735691726207733,-16.255202628672123,6.298028603196144,-0.10794558376073837,-3.817049592733383,17.87006925791502,8.336313515901566,6.755201183259487,6.105804035440087,-290.0171471759677,328.8084860891104,122,efficiency,777035347.7639844,Solve_Succeeded,297,True,0.6009032368197252,1.1918781006477283e-05,7.232760010441648e-05,solved,50.0,0.0005017033662303101,2.1869982258771032e-05,1.8027097104591758,78.4,derated,63.30265848331313,31.88870131038129,0.4244924345985055,
769.835255425935,0.0,Infeasible_Problem_Detected,1209,99.0,no_replan,False,223.5,951.3273496180773,0.5505720227956772,10.193467251956463,-29.442135617136955,3.6962924376130104,-2.49107313901186,-11.651424318552017,1.312748217023909,9.54739759862423,-1.3965730974450707,-20.36290504038334,-628.8861801847816,123,engine_out,476127880.65918773,Solve_Succeeded,268,True,0.6009029942730966,4.433664834847851e-06,2.6808869415980854e-05,solved,46.0,0.00019071611576715965,8.249368693229044e-06,1.8027089828192897,73.2,derated,62.26932965159085,10.698609485011547,0.4607208492234349,
176.3734060280205,0.6140195440966636,Infeasible_Problem_Detected,543,99.0,no_replan,False,42.3,652.8160410001874,-2.6488311737775803,-10.233698822557926,10.334604755043983,-1.1622931212186813,1.132122978568077,13.638283908367157,-14.4630185700953,-7.774018071591854,16.660720485262573,90.81378020346165,49.4173239916563,124,efficiency,89608360.99747132,Solve_Succeeded,103,True,0.6009219643172842,3.4132165438925895e-06,2.0183831342932147e-05,solved,22.0,0.0001509827631668114,6.4689060314561065e-06,1.8027658929518526,39.0,derated,22.49634411738873,12.61682934705168,0.21504227072000504,
247.84887431972206,0.16096707340329883,Infeasible_Problem_Detected,1192,99.0,no_replan,False,118.8,1165.9351397305727,-1.4316085949540138,1.1224202439188957,31.626489087939262,-3.751654013991356,2.1933701559901237,5.2534205839037895,-4.224464227445424,-0.8378768339753151,23.202158360742033,528.7669250741601,-146.00090123713017,125,efficiency,488309052.04773515,Solve_Succeeded,358,True,0.6009035145305259,9.1877467455546e-06,5.551033888740985e-05,solved,45.0,0.0003892439966040029,1.6928972157379833e-05,1.8027105435915778,75.0,derated,44.1459284916364,20.82178383367136,0.11527402838692069,
,nan,,,,not_run,False,,437.3394535854459,3.267919771373272,-1.1602193489670753,-8.145215883851051,1.3579153791069984,-1.4292680770158768,-9.417999126017094,-21.367220198735595,5.984419494867325,8.564884382300079,-486.8275059387088,525.2990299835801,126,,1034554416.5241504,Infeasible_Problem_Detected,1053,False,99.0,,,infeasible,nan,,,,159.9,,,nan,nan,
236.49988801769797,0.06630258774384855,Infeasible_Problem_Detected,745,99.0,no_replan,False,111.8,1215.2543883770704,-0.6053552702069283,13.16636249423027,-24.06116873025894,1.778266966342926,-0.4171617850661278,-12.710402458906174,-12.695022816769779,-5.253474108874798,3.5507690999656916,-630.1848169416189,-716.6369028389454,127,efficiency,1040108895.9984037,Solve_Succeeded,461,True,0.6009040862478954,2.202901605497914e-05,0.00013135275478240135,solved,54.0,0.0009350106151900197,3.983294829980429e-05,1.8027122587436861,81.4,derated,21.73341476224946,28.637710622604935,0.14689203910529613,
,nan,,,,not_run,False,,514.0101933851838,2.6877911910414696,-13.126132190227509,16.203671097755432,-3.3630477860569954,3.2136103212833405,11.954341530799866,4.450071677565575,1.4252911359071732,26.151756471022964,616.5353503078222,419.17678993195295,128,,717403883.466188,Infeasible_Problem_Detected,209,False,99.0,,,infeasible,nan,,,,36.0,,,nan,nan,
7.8693089110663035,0.03341572615317999,Infeasible_Problem_Detected,376,99.0,no_replan,False,26.3,999.6568035334349,1.4705695658922195,2.8624142706394196,37.49571278691292,-1.7072885110974312,0.1523028388619423,9.115135483443737,-23.153912075795233,7.986431658267975,11.938406655564904,115.76508153229952,-283.70164800435305,129,efficiency,334719203.3427833,Solve_Succeeded,347,True,0.60090464828698,6.8160284174151305e-06,4.1015406809020585e-05,solved,44.0,0.0002909095035205269,1.26276992743151e-05,1.80271394486094,73.1,derated,57.25211431098383,33.459437967464325,0.30435008043423295,
297.3139772271069,0.551360443001613,Infeasible_Problem_Detected,509,99.0,no_replan,False,90.2,728.4967476502061,-3.3227039724588394,-2.8246164321899414,-2.7643968164920807,3.1830586194992065,-3.478903204202652,-6.181324757635593,-7.376203136518598,-9.191451497375965,1.2652518805116415,-214.2858674749732,830.9910334646702,130,efficiency,382797584.66978437,Solve_Succeeded,234,True,0.6009033406637412,7.976911438997058e-06,4.783031871393842e-05,solved,44.0,0.0003393522918997031,1.470408364285127e-05,1.8027100219912235,43.9,derated,4.25839772519825,17.112464537285266,0.058916843961924314,
1.0885845764848177,0.9859827850013971,Solve_Succeeded,19,0.6009050883011022,land,True,4.9,634.6015116199851,3.602042391896248,9.242949038743973,20.87066188454628,-0.5282977223396301,-2.836024709045887,4.883175492286682,-0.4897549794986844,-7.4832387417554855,11.150139587931335,-377.15364061295986,-11.369657702744007,131,efficiency,127737515.28990525,Solve_Succeeded,218,True,0.6009029087534378,5.27424729597909e-06,3.1873216522613286e-05,solved,35.0,0.00022585826597327157,9.803372589208936e-06,1.8027087262603132,65.7,derated,4.3911306824287974,32.95612988062203,0.08714919863268733,
641.7328305790643,0.23439745325595138,Infeasible_Problem_Detected,961,99.0,no_replan,False,237.9,1343.6893090605736,-1.691237822175026,-9.280843138694763,-19.35285523533821,2.1130785271525383,1.5405502766370773,-0.4064159095287323,-16.505764117464423,11.335225827991962,21.646327822469175,419.58755515515804,674.4440518319607,132,efficiency,899590860.1773816,Solve_Succeeded,364,True,0.600904145375384,7.004795160301347e-06,4.289630523872722e-05,solved,52.0,0.00029870986738960646,1.296628679375686e-05,1.802712436126152,96.7,derated,55.62788421378096,17.29046737011522,0.3308663056232035,
22.08104332706658,0.4137072667945176,Infeasible_Problem_Detected,600,99.0,no_replan,False,84.6,857.9049041494727,-2.470960386097431,19.563996642827988,-38.0611190199852,0.9573188945651054,2.6023557111620903,-18.172677792608738,6.27778644207865,3.2735823914408684,19.29623921494931,875.0896023586392,-535.6731824576855,133,efficiency,555890102.5237309,Solve_Succeeded,299,True,0.60090344051871,5.6306364476201676e-06,3.433226621655991e-05,solved,49.0,0.00024086869811374619,1.0455957438435189e-05,1.80271032155613,79.8,derated,106.09404930460512,34.8665572387632,0.49310663994401693,
1090.6017115717993,0.0,Infeasible_Problem_Detected,909,99.0,no_replan,False,306.5,1121.2222889065742,0.3221946582198143,-19.604322016239166,2.167128324508667,-2.433089017868042,-1.7747771888971329,16.498629860579967,-10.558470655232668,-2.04549103975296,-2.9988906094804406,-804.913710616529,129.0195358917117,134,engine_out,812100180.3563645,Solve_Succeeded,512,True,0.6009034892019323,1.5659118279680484e-05,9.477252018518679e-05,solved,51.0,0.000662118925798951,2.85085756987821e-05,1.8027104676057968,139.0,derated,38.037023098869795,5.223575439490378,0.23731917329132557,
400.0382380466119,0.6599200938362628,Infeasible_Problem_Detected,473,99.0,no_replan,False,94.4,1263.7374686077237,0.8857574015855789,5.080946385860443,-21.677094101905823,0.6407376974821091,1.3308597728610039,15.863839201629162,-22.811827114783227,-11.125599168241024,10.327053267508745,796.1969688534737,219.45158746093512,135,efficiency,723142029.2513063,Solve_Succeeded,360,True,0.6009063780643774,1.1123756020344117e-05,6.70705811040508e-05,solved,49.0,0.0004718116437673924,2.0455842541036084e-05,1.8027191341931321,104.2,derated,10.950966242462522,21.035818961123002,0.13475383445620537,
111.95152250995034,0.21148333232849834,Infeasible_Problem_Detected,424,99.0,no_replan,False,63.3,750.3603953868151,3.166577659547329,-16.067204922437668,-0.46333715319633484,2.304306849837303,2.2690622061491013,3.0179280042648315,2.740032682195306,-4.189446486532688,-4.463353432714939,385.97981315106153,-91.00765530019999,136,efficiency,306619177.78148407,Solve_Succeeded,413,True,0.6009029472975206,1.0288192785305762e-05,6.220969619280143e-05,solved,43.0,0.00043460066065599946,1.8904387471038192e-05,1.8027088418925616,143.6,derated,19.60319485534168,23.86254897653125,0.03492175554856658,
722.4213220935783,0.6903703175485134,Solve_Succeeded,74,0.6009053564087803,land,True,27.9,978.7734584882855,-1.0012102201581001,16.029425263404846,39.4915209710598,-0.8365974351763725,-1.0957864001393318,-2.2716276347637177,-15.223841373808682,2.585989147424698,18.6973186917603,-400.17886105924845,580.2783250808716,137,efficiency,417391942.1552451,Solve_Succeeded,309,True,0.6009037589252391,9.468211183383887e-06,5.7059309813724924e-05,solved,43.0,0.00040119175760758985,1.7429897294598763e-05,1.8027112767757172,79.9,derated,46.79473614468824,7.926225933339446,0.2892521773464978,
383.304081930473,0.5002979913260788,Infeasible_Problem_Detected,656,99.0,no_replan,False,70.9,1385.3055207058787,1.7843719348311424,-12.443162053823471,-16.346222013235092,3.499165840446949,-0.703516274690628,8.480354361236095,-9.123068051412702,5.090893127024174,27.229669333435595,-134.91972014307976,-261.6337398067117,138,efficiency,672947009.8274119,Solve_Succeeded,321,True,0.6009032258890245,1.1889618647361282e-05,7.177118698265726e-05,solved,37.0,0.0005022276524318794,2.1784157629982445e-05,1.8027096776670732,102.7,derated,45.079969188630024,22.6367081054952,0.32553352089598775,
593.0697493764312,0.0,Infeasible_Problem_Detected,761,99.0,no_replan,False,291.3,593.9657218754292,-3.883409269154072,12.481074333190918,23.567160815000534,-1.8907074481248856,3.9081661477684975,-6.816065348684788,9.08124243374914,-0.13734354078769684,4.536491108126938,205.64508587121964,866.7111977934837,139,engine_out,370809967.00901824,Solve_Succeeded,277,True,0.6009029964470806,1.3275141321951695e-05,8.000152984505212e-05,solved,45.0,0.000559634804217168,2.4256052592522567e-05,1.8027089893412416,90.9,derated,4.303187571802898,0.16413130983710286,0.06901393225416541,
2.4492749820441464,0.8603297141380608,Solve_Succeeded,25,0.6009060080112898,land,True,6.9,1107.2049854323268,-0.16508807241916656,-1.5142138302326202,4.780612289905548,-3.054276004433632,0.9694810211658478,-14.575623720884323,-20.128899589180946,-8.5740005671978,2.6325389752164483,639.1556141898036,-734.9712163209915,140,efficiency,835793344.3599056,Solve_Succeeded,369,True,0.6009032533979907,1.7028371629147384e-05,0.00010195934398137674,solved,52.0,0.0007189806189285866,3.094572268403908e-05,1.8027097601939719,121.5,derated,5.5847922253222935,44.550873062759635,0.2310408502817154,
549.6362755417991,0.3624920840375125,Infeasible_Problem_Detected,1046,99.0,no_replan,False,230.8,870.9495045244694,2.002574160695076,1.5545585751533508,-35.12773513793945,1.58656657487154,-3.641782723367214,10.089084506034851,-1.1043411446735263,10.153654418885708,12.632488501258194,-597.0515543594956,386.314800940454,141,efficiency,373674659.5487956,Solve_Succeeded,396,True,0.6009042292510846,5.672159247953057e-06,3.411571825192628e-05,solved,42.0,0.00024276374348325226,1.0528659179165445e-05,1.8027126877532536,103.9,derated,105.50153101591594,10.437734311725944,0.4759780066087842,
968.5893371574142,0.9586605187505484,Solve_Succeeded,97,0.6009038574466118,land,True,36.5,1031.526201032102,-1.8702125996351242,-14.197918958961964,-12.039511874318123,1.0418384373188019,-2.6382485181093216,7.118679992854595,7.584548080340028,-10.084794089198112,16.095958072692156,-509.4762548804283,-180.59326373040676,142,efficiency,397580201.0865504,Solve_Succeeded,290,True,0.6009041280732016,7.628042908028234e-06,4.612417551055597e-05,solved,43.0,0.0003243371587794204,1.4117159457766824e-05,1.802712384219605,81.8,derated,6.854720614474481,3.28727773563005,0.012654333841055632,
35.59764711085588,0.26570700947195286,Infeasible_Problem_Detected,536,99.0,no_replan,False,49.4,822.6219728589058,3.953823432326317,14.160005412995815,28.01040790975094,-3.5682658329606056,1.9961008355021477,-7.552780248224735,-11.437942911870778,8.68678117543459,-2.891417481005192,495.5519624054432,505.17946500331163,143,efficiency,439190453.37122416,Solve_Succeeded,320,True,0.6009050544921503,9.917834466627855e-06,5.9826772283157196e-05,solved,45.0,0.00042009971794523896,1.8268205024418272e-05,1.8027151634764507,117.6,derated,70.15534756828447,29.515342321246862,0.2568607279099524,
736.4663088007377,0.4397907622624188,Infeasible_Problem_Detected,1049,99.0,no_replan,False,186.5,1308.6328884586692,0.235503189265728,-4.5018719509243965,9.22401674091816,-1.4710951820015907,2.9348457902669907,-11.016681343317032,0.40677687153220177,0.6251262947916985,7.7076556868851185,11.529011093080044,-591.4356959983706,144,efficiency,791554223.6661369,Solve_Succeeded,399,True,0.600903203171652,1.3717964597835862e-05,8.247062500245244e-05,solved,49.0,0.000579268082862441,2.5049958139170858e-05,1.8027096095149562,112.6,derated,86.36324607373294,15.747522378154098,0.4191591767594218,
1.2130378440679508,0.0,Infeasible_Problem_Detected,174,99.0,no_replan,False,12.1,544.6445807814598,-2.088415779173374,4.4615259394049644,-30.821172818541527,3.8880235850811005,-1.7000461891293526,14.273062646389008,-17.795336819253862,-4.64703494310379,21.993989549577236,-110.21474618464708,73.27053733170033,145,engine_out,63526783.47130983,Solve_Succeeded,214,True,0.600902520592563,3.5405297828699376e-06,2.130432284174453e-05,solved,33.0,0.0001527916413299612,6.602088767493595e-06,1.802707561777689,55.5,derated,19.224163579877374,29.725791679462418,0.16288444958627224,
332.6542035007207,0.11344257881864904,Infeasible_Problem_Detected,1080,99.0,no_replan,False,168.6,701.0545801371336,2.867700807750225,-8.394622094929218,12.716156914830208,-0.29186877608299255,-0.1237017810344696,-15.560988523066044,-24.032413810491562,-2.651895873248577,15.2036445857957,-256.38274401426315,-884.8718969151378,146,efficiency,507937704.1026117,Solve_Succeeded,339,True,0.6009026148523176,4.029969139570911e-06,2.4065977371610403e-05,solved,48.0,0.00017350254655698535,7.485349917886423e-06,1.8027078445569527,101.9,derated,50.38238289229691,18.49010540395975,0.1910486165434122,
8.4598576404453,0.7875144355930388,Infeasible_Problem_Detected,482,99.0,no_replan,False,32.6,902.1161371842027,-0.9562095776200294,8.434834145009518,-27.37056516110897,2.818296156823635,3.2648752108216286,19.73531913012266,-6.070481906645,4.0737129002809525,1.0948358783498406,298.6519105732441,250.90080834925175,147,efficiency,353274644.47370464,Solve_Succeeded,264,True,0.6009075813955683,7.737353158768624e-06,4.6667987478275655e-05,solved,42.0,0.00032932043777228215,1.4349014454621052e-05,1.8027227441867049,64.8,derated,25.892149658043348,30.53574368515983,0.44562151934951544,
286.80047585216255,0.6031161432620138,Infeasible_Problem_Detected,309,99.0,no_replan,False,45.7,1188.0434775725007,1.0869985669851303,18.111350499093533,33.93480144441128,-2.63805428147316,-3.0623865351080894,-3.3208395540714264,5.345430648885667,-6.589884705841541,25.738130629993975,-700.903850980103,774.2531077936292,148,efficiency,756606117.8400662,Solve_Succeeded,349,True,0.6009032091307118,1.1543786823380887e-05,6.986196205930535e-05,solved,48.0,0.0004921175512466489,2.112606212709414e-05,1.8027096273921355,75.3,derated,13.545823192069092,23.14003041833639,0.10313535062596202,
752.9640783153268,0.13531400146894154,Infeasible_Problem_Detected,1369,99.0,no_replan,False,247.4,1019.1126052290201,-3.8473064973950386,-15.351206995546818,-20.63276208937168,-1.018401861190796,1.6683252304792404,-8.642006888985634,-1.8437496526166797,5.5265006348490715,22.799442287534475,-709.082243219018,-829.3474864214659,149,efficiency,660976118.3611351,Solve_Succeeded,265,True,0.6009030145453353,1.3030838837201798e-05,7.827372602793222e-05,solved,48.0,0.000551686291957089,2.3806365013518463e-05,1.802709043636006,59.1,derated,37.68363617203012,8.422327606379985,0.2249057414010167,
134.79651308720582,0.7704497200902551,Infeasible_Problem_Detected,495,99.0,no_replan,False,61.3,727.7196111157537,1.9453516826033592,15.389071814715862,19.104915782809258,3.6229520961642265,-2.966604895889759,6.654260233044624,-20.04801020026207,-1.2925499081611633,7.933329030871391,751.2430015951395,306.0147302225232,150,efficiency,338306302.5064423,Solve_Succeeded,346,True,0.6009151177914498,3.627124076155554e-06,2.1393541437132816e-05,solved,42.0,0.00016124872652361103,6.8496002803977165e-06,1.8027453533743494,72.3,derated,43.89016516176777,21.73172223167494,0.4821722283959389,
580.4181204520087,0.004630220588296638,Infeasible_Problem_Detected,739,99.0,no_replan,False,98.9,1240.968171134591,2.228130057454109,-5.652717985212803,37.818374410271645,1.4632820412516594,-1.90284825861454,14.415029622614384,9.845733917318285,-8.230297610163689,-2.0855556167662144,316.79951045662165,-395.5397693440318,151,efficiency,910806269.8580678,Solve_Succeeded,463,True,0.6009039561015218,2.071115285880802e-05,0.00012149236017704866,solved,53.0,0.0008838239532011278,3.753689301334986e-05,1.8027118683045655,83.6,derated,44.393011087527825,21.495768790366128,0.3198275729082525,
11.704259089812359,0.5810041041113436,Infeasible_Problem_Detected,286,99.0,no_replan,False,21.4,504.7816248610616,-0.06465519964694977,5.693034343421459,-1.9142680615186691,-3.927087128162384,2.731523983180523,-10.249526016414165,-9.17890784330666,9.088144071400166,16.32147406041622,-246.13073598593473,718.7014494091272,152,efficiency,258607491.5494735,Solve_Succeeded,177,True,0.6009028810157574,4.05139556489991e-06,2.4317225215333753e-05,solved,43.0,0.00017421609064061992,7.5356890663506315e-06,1.802708643047272,42.6,derated,15.290633823682587,32.14214803846553,0.07466076733544469,
299.2132722863894,0.9368245631922036,Solve_Succeeded,54,0.6009026016100681,land,True,13.1,848.3100874349475,0.8439783602952957,-2.0868194475769997,23.810482397675514,0.26843249797821045,3.0931695997714996,18.959467485547066,-16.236116816289723,7.233490526676178,24.997131262905896,-62.266627326607704,-123.20118080824614,153,efficiency,165897009.41188133,Solve_Succeeded,256,True,0.6009157306582781,2.7736687978735845e-06,1.5844610527920777e-05,solved,36.0,0.0001242970195497572,5.231450044944927e-06,1.8027471919748341,53.8,derated,5.280402033088854,12.30554185565561,0.04014132218435407,
1.2242217368231505,0.28273566649295384,Maximum_Iterations_Exceeded,1500,99.0,no_replan,False,64.2,1147.546460479498,-2.948813572525978,2.0465610548853874,-15.963635370135307,-2.8729827478528023,-0.29586418718099594,-15.711952224373817,3.0949259642511606,-11.444369740784168,6.767075994051993,48.01098145544529,562.1610660105944,154,efficiency,567131500.3005655,Solve_Succeeded,354,True,0.6009034276128548,1.0929565803746986e-05,6.633351345700631e-05,solved,48.0,0.0004607511658712077,2.0093916313559628e-05,1.8027102828385644,73.5,derated,23.438700793519907,44.21564539968967,0.2840955383144319,
598.6627385844721,0.4226778764277696,Infeasible_Problem_Detected,414,99.0,no_replan,False,50.6,634.1906083747745,-1.2285361364483833,-11.76332626491785,-37.249871268868446,-0.21331233531236649,-3.359126716852188,-2.867252342402935,-21.773331738077104,-3.006392352283001,0.3534273849800229,457.4084708467126,-648.3900424093008,155,efficiency,238542882.67629674,Solve_Succeeded,367,True,0.6009059799925389,5.167266424763054e-06,3.1149433899053856e-05,solved,40.0,0.00022178593195906106,9.626104300597416e-06,1.8027179399776168,79.3,derated,75.80263506479386,4.471108064055443,0.3836350329220295,
39.59595882256727,0.0,Infeasible_Problem_Detected,336,99.0,no_replan,False,28.7,1362.534736841917,3.064130626618862,11.725518219172955,2.529281899333,2.67711740732193,0.029473163187503815,2.422455884516239,-3.8092742301523685,2.1723500043153763,14.913675227202475,-555.5428041145205,15.851199813187122,156,engine_out,807749580.2362505,Solve_Succeeded,405,True,0.6009247953993753,4.251418638870017e-06,2.48100060335995e-05,solved,51.0,0.00018963022367340544,8.064977091240541e-06,1.8027743861981258,75.7,derated,48.653909711777146,35.244821244338524,0.12806941661983728,
1.363638651933752,0.517487168777734,Solve_Succeeded,38,0.6009006182181372,land,True,5.1,584.8637973889709,-0.8047513142228127,-3.7720996141433716,29.679696559906006,2.1945080533623695,1.0025036185979843,15.409073010087013,4.862387529574335,-1.590817965567112,17.827037140727043,-587.9401322454214,-317.2686606645584,157,efficiency,166102241.07368034,Solve_Succeeded,349,True,0.6009173545920372,1.2725712278441154e-06,7.3976413418904375e-06,solved,38.0,5.696175496640066e-05,2.4066038332134356e-06,1.8027520637761116,70.7,derated,19.47081688349422,33.32828564802185,0.35226118145510554,
994.5565865374618,0.0,Infeasible_Problem_Detected,1248,99.0,no_replan,False,264.8,1285.8716785907745,2.8942820951342583,3.8123591244220734,-10.582883059978485,-0.6641763299703598,-2.3623068407177925,-19.887387230992317,-13.099327282980084,3.7315012514591217,-4.624445799738169,657.894691452384,811.4863431081176,158,engine_out,1408780432.516363,Solve_Succeeded,690,True,0.6009050266955656,3.13443661917279e-05,0.00018103581229458353,solved,57.0,0.0013357694204488319,5.6258602973556985e-05,1.8027150800866967,118.7,derated,20.534852095268914,15.334436763636768,0.09693947294726968,
31.53835541560313,0.8822419659700245,Infeasible_Problem_Detected,518,99.0,no_replan,False,24.4,799.973071180284,1.174003705382347,-14.720588028430939,-31.86897113919258,-2.2652451246976852,-1.2991084605455399,-1.4945898577570915,-5.596500034444034,11.794479355216026,9.457117900252342,184.80503428727388,-679.7740319743752,159,efficiency,319522880.085902,Solve_Succeeded,374,True,0.6009049644263573,7.931004256419082e-06,4.770682005399484e-05,solved,42.0,0.000337330109286243,1.4656318754538494e-05,1.802714893279072,51.5,derated,8.343374102727969,27.175352063030005,0.19675622042268515,
1038.35253712781,0.34553972329013044,Solve_Succeeded,346,0.6009209902344776,land,True,55.0,1071.8734353780746,-3.0249026268720627,14.758397191762924,8.398338705301285,0.8444085493683815,2.066259913146496,3.170154131948948,-24.925604835152626,-7.026959203183651,20.246606405824423,-142.58902575820684,441.97739213705063,160,efficiency,427890420.11011404,Solve_Succeeded,360,True,0.6009047577111669,8.14440213822771e-06,4.892827324606681e-05,solved,44.0,0.00034681489928029886,1.5032319019041692e-05,1.8027142731335006,47.1,derated,32.742200652596274,1.7127398082986471,0.43997681327164173,
116.06233670829353,0.0,,0,99.0,lost_in_delay,False,0.0,1165.2798350900412,3.80816350877285,-18.633013665676117,-25.251828581094742,-3.4444772228598595,3.736003488302231,-6.956846192479134,-18.004440716467798,-9.672629088163376,13.309410431422293,-447.30381332337856,-516.1761933937669,161,engine_out,763845520.4471537,Solve_Succeeded,383,True,0.6009031802050228,1.0087577967710421e-05,6.118761958250028e-05,solved,51.0,0.0004297655336172148,1.850503357144597e-05,1.8027095406150684,82.2,derated,150.75997346545506,30.100998202990738,0.4139417689293623,tumble
358.8062653873123,0.6819558367133141,Infeasible_Problem_Detected,862,99.0,no_replan,False,76.8,456.42928276211023,-1.8907514065504074,18.59514757990837,14.973948746919632,1.9141454845666885,-0.8752221092581749,7.714461460709572,1.0180000774562359,7.508142314851284,2.9869909631088376,348.5649134963751,162.57877349853516,162,efficiency,95066297.94141471,Solve_Succeeded,186,True,0.6009032974985012,4.848382355667577e-06,2.9294515862209453e-05,solved,36.0,0.00020794385791534275,9.023072140452401e-06,1.8027098924955036,27.1,derated,67.57433213616378,7.904375876672566,0.16804277431219816,
4.01691483977721,0.18953561806119976,Infeasible_Problem_Detected,261,99.0,no_replan,False,16.2,942.4647536128759,-2.173528827726841,-7.706507444381714,33.68755519390106,3.0152148753404617,-3.9389184415340424,11.177132166922092,-11.23690098989755,0.9453924670815468,5.213066854514182,831.7578719928861,-34.16253179311752,163,efficiency,486475092.4601862,Solve_Succeeded,336,True,0.6009041005094992,1.0900336574817463e-05,6.58117349446662e-05,solved,46.0,0.00046099025751522213,2.0020530408378546e-05,1.8027123015284976,72.8,derated,9.217651700697433,37.73587361751124,0.006031157914549112,
187.4289680331513,0.707358741434291,Solve_Succeeded,267,0.6009151072467839,land,True,26.1,678.4079918637872,0.025511257350444794,7.666189819574356,-6.533491909503937,-1.5943783149123192,0.6727410927414894,-14.112459234893322,6.9652962777763605,-5.73598350584507,27.58421573508531,-845.6288924440742,637.588875554502,164,efficiency,428858161.879597,Solve_Succeeded,271,True,0.600903991797522,6.072047525728209e-06,3.667145514251586e-05,solved,46.0,0.00025933127635394007,1.1267755806068609e-05,1.8027119753925658,38.0,derated,15.163463990584711,20.682603290863334,0.2635429869405925,
45.65781296901246,0.9689924262929708,Solve_Succeeded,79,0.6009027947881831,land,True,16.0,1335.0753081962466,-2.612667366862297,16.97353482246399,-12.654379606246948,-1.7860807478427887,3.385620154440403,11.811884678900242,-21.029432406648993,9.881946623325348,2.0062669832259417,-823.0347029864788,-68.31714436411858,165,efficiency,1093131597.4431646,Solve_Succeeded,457,True,0.6009035236758425,1.6332387466513256e-05,9.933789569467295e-05,solved,55.0,0.0006908152935165202,2.9708589602048432e-05,1.8027105710275277,111.9,derated,7.1465194570298385,36.988315279595554,0.12189550371840596,
1.1257550788997945,0.39167435280978674,Infeasible_Problem_Detected,893,99.0,no_replan,False,39.3,1049.7574551030993,3.493536703288555,6.672028601169586,6.089952439069748,1.7307250127196312,-3.1818588003516197,-5.091596320271492,-14.808834958821535,-0.404837004840374,26.893180700019002,427.90241818875074,-478.28795928508043,166,efficiency,403860565.1974087,Solve_Succeeded,337,True,0.6009139680587336,1.769269575881952e-06,1.0142440344924512e-05,solved,43.0,7.942463244637594e-05,3.336700572618472e-06,1.802741904176201,58.7,derated,35.30046321719762,39.450045896926895,0.4659404307603836,
439.79086116036143,0.0,Infeasible_Problem_Detected,773,99.0,no_replan,False,121.9,821.1086295545101,-1.330870546400547,-6.709856539964676,-33.85745748877525,-3.1283718049526215,0.44889041781425476,9.579670801758766,2.3341047251597047,4.820794656872749,3.8407227229326963,-357.398378290236,185.99426373839378,167,engine_out,265501921.87459043,Solve_Succeeded,394,True,0.6009034546230331,8.216235216518403e-06,4.9676124135802776e-05,solved,41.0,0.00034845239336170217,1.5174244303152074e-05,1.8027103638690993,100.4,derated,37.57535470915112,12.645530920475721,0.20988564658910036,
509.46292023512285,0.8160829057451338,Solve_Succeeded,118,0.6009032861783669,land,True,30.7,1205.664417333901,-3.714288868010044,-0.5511845648288727,-27.945883721113205,-2.074014760553837,-2.508096531033516,3.8048971071839333,-8.433977360837162,-3.894116699695587,19.070581606589258,161.75009161233902,363.6319912970066,168,efficiency,507136976.0588348,Solve_Succeeded,326,True,0.6009036394022332,1.1308743081303845e-05,6.83221997054598e-05,solved,45.0,0.0004776795030272241,2.075279946483036e-05,1.8027109182066998,79.0,derated,7.320362749436119,16.414454641286284,0.4301392547786236,
81.97179020254396,0.055413173045963035,Infeasible_Problem_Detected,632,99.0,no_replan,False,87.9,692.6766816526651,-0.49511007964611053,10.912520289421082,-9.154302477836609,-0.9807557240128517,-1.571302779018879,17.27429188787937,-2.6056667137891054,-10.83187584578991,20.840450222603977,568.4490440413356,-228.18411067128181,169,efficiency,218979694.2359704,Solve_Succeeded,244,True,0.6009083450921474,7.260057107277236e-06,4.3743371138724026e-05,solved,39.0,0.0003098808367667395,1.3485000868831522e-05,1.8027250352764423,60.6,derated,81.14082198075668,19.166158660221843,0.26785283302888274,
850.6699854973801,0.5341690280474722,Infeasible_Problem_Detected,714,99.0,no_replan,False,188.2,929.1688861325383,2.3294075578451157,-10.872222632169724,30.761493146419525,2.378402501344681,2.8052493184804916,-18.02212782204151,-18.619562634266913,6.439722307026386,10.92463933583349,-666.8581897392869,886.0980955883861,170,efficiency,814595621.1319251,Solve_Succeeded,448,True,0.6009031915588091,1.0771078316764746e-05,6.495808846220667e-05,solved,53.0,0.00045636906883345655,1.9754499565920086e-05,1.8027095746764275,114.6,derated,4.2688141850347225,6.349745862977579,0.025128320325165987,
251.80617412537205,0.0,Infeasible_Problem_Detected,650,99.0,no_replan,False,101.7,768.3477845042944,-1.5399626642465591,3.5511383041739464,16.408347710967064,2.985384590923786,3.7853288426995277,-4.73250936716795,-9.930137787014246,-6.321059435606003,5.428866369649768,-466.1256417632103,-572.0479164272547,171,engine_out,447474390.3732763,Solve_Succeeded,308,True,0.6009040501434406,7.2756597554336126e-06,4.413226402978442e-05,solved,47.0,0.00030955308716303635,1.3470611872141799e-05,1.8027121504303218,73.0,derated,99.59497101080191,20.608898125169798,0.486483508720994,
7.393563905278749,0.6311346627771854,Solve_Succeeded,26,0.6009080739099052,land,True,7.3,977.5039801374078,3.628196433186531,-3.5889844968914986,-23.639311864972115,-0.4045119434595108,-0.5837321579456329,0.5572346225380898,6.085821413435042,10.906572662293911,24.275738270953298,536.2448282539845,106.72100130468607,172,efficiency,403109093.3927607,Solve_Succeeded,312,True,0.600908674525699,1.0723955844152305e-05,6.45591090845183e-05,solved,44.0,0.0004553377083187915,1.9781825456738088e-05,1.802726023577097,75.4,derated,17.57937198967218,34.29916908703744,0.24400147702544928,
302.11342328946984,0.14394065388478336,Infeasible_Problem_Detected,923,99.0,no_replan,False,111.1,491.72934852540493,0.4090166911482811,12.602645121514797,-4.8475828021764755,-2.5563730746507645,-3.5204622372984886,18.32472689449787,-17.107910430058837,4.343811370432377,13.798632187768817,81.67403396219015,-203.2769015058875,173,efficiency,48235638.83185651,Solve_Succeeded,167,True,0.6009246682839225,3.3447300562764856e-06,1.9684738739804175e-05,solved,29.0,0.00014848974930546107,6.352407126803013e-06,1.8027740048517675,44.9,derated,21.63175338001584,5.6140412203036245,0.08193174609914422,
302.9207502161149,0.7593818057794124,Infeasible_Problem_Detected,359,99.0,no_replan,False,51.4,1254.9931207671762,-2.259259469807148,-12.642941661179066,35.20480699837208,0.0845072939991951,0.8490174114704132,-16.34673334658146,-0.2715700166299939,-2.3844024091959,-0.5969229023903608,-39.18352145701647,468.4330891817808,174,efficiency,817795787.4387258,Solve_Succeeded,297,True,0.600903674974844,4.727365730369943e-06,2.886461160504156e-05,solved,52.0,0.00020322756884182894,8.794433452751304e-06,1.802711024924532,69.6,derated,39.98218429897377,27.79677650500089,0.33602458564564586,
1090.9172979607738,0.48989694239571685,Solve_Succeeded,432,0.6009079992737016,land,True,197.7,1099.0709668025374,2.5424364432692528,19.041934572160244,-18.34762655198574,-3.7353544160723686,1.4600509330630302,12.549817897379398,-6.475003333762288,-4.942364729940891,9.435181668959558,-325.44157952070236,-373.90958424657583,175,efficiency,501064290.9046541,Solve_Succeeded,338,True,0.6009034069398916,1.226157591170605e-05,7.388706203889852e-05,solved,45.0,0.0005177731499178014,2.2451147327355135e-05,1.802710220819675,80.3,derated,16.94206407447976,0.9166241521015763,0.31005772901698947,
66.36362149305391,0.0,Infeasible_Problem_Detected,472,99.0,no_replan,False,64.3,897.7583736181259,-0.6258330419659615,-19.001656360924244,21.74135573208332,1.154481753706932,-2.1626254469156265,-12.114773504436016,-23.61988099757582,0.333048015832901,23.36323499213904,226.97738483548164,754.8593636602163,176,engine_out,385923229.26578075,Solve_Succeeded,331,True,0.6009053730316966,1.0484869119413604e-05,6.325187349097178e-05,solved,43.0,0.0004439327035344584,1.929559308303013e-05,1.8027161190950898,87.3,derated,26.477045568756196,25.748047232674434,0.05327218258753419,
823.4080644152489,0.9086678528692573,Solve_Succeeded,159,0.6009045112176529,land,True,50.1,1383.425728045404,-3.407511845231056,9.968445561826229,0.5333902686834335,3.806342288851738,-1.2263742163777351,-9.27679754793644,3.5739214718341827,8.396037563681602,17.530671588145196,728.5656100139022,-848.1195230036974,177,efficiency,1143299918.1780488,Solve_Succeeded,302,True,0.6009152108629616,2.633132921819399e-06,1.773768414389452e-05,solved,54.0,0.00011514244623209591,4.974549323198021e-06,1.8027456325888849,72.4,derated,2.4966942032974457,14.326873866934328,0.15302497427910566,
2.4389865343944805,0.3133336387109011,Infeasible_Problem_Detected,455,99.0,no_replan,False,32.9,612.3192846775055,1.2606386691331863,-9.93061888962984,-39.55086179077625,-1.3344765231013298,2.3968447893857956,6.019510105252266,-12.2039709193632,-10.378517411649227,-1.2354020522907376,-742.2717751935124,273.5904911532998,178,efficiency,505563090.820772,Solve_Succeeded,369,True,0.600905167824506,9.89859276737623e-06,6.000427499392367e-05,solved,51.0,0.000420265489519966,1.8214669371854662e-05,1.802715503473518,107.7,derated,61.23316589026778,43.02683855071664,0.397711431607604,
952.7706559471691,0.0,Infeasible_Problem_Detected,787,99.0,no_replan,False,211.1,1347.7568725124002,-3.0676090121269226,-1.662888526916504,-1.545819714665413,3.2080061435699463,-1.682049699127674,9.930295422673225,5.683982856571674,-1.4979521110653877,11.29742532595992,-757.9090051352978,-672.6517058908939,179,engine_out,1062609736.5718176,Solve_Succeeded,402,True,0.6009032976881824,1.0335463220866763e-05,6.745756439608425e-05,solved,55.0,0.0004430971114338689,1.8932485117720688e-05,1.802709893064547,105.5,derated,19.842387427723146,11.366630333010106,0.1671468699350953,
50.5483915886724,0.47496806620620186,Infeasible_Problem_Detected,427,99.0,no_replan,False,47.0,647.0010872930288,1.2329916656017303,1.703127771615982,38.69957469403744,-1.68340814858675,2.949203059077263,-5.3641048818826675,-10.092839333228767,5.320647597312927,21.49904190003872,715.5831232666969,13.093322329223156,180,efficiency,195540436.10174882,Solve_Succeeded,244,True,0.6009029874064283,4.101282560098832e-06,2.4690516876372146e-05,solved,38.0,0.00017652019292595345,7.639719852711769e-06,1.8027089622192851,66.9,derated,80.35867005078705,20.811973480787127,0.4070880822837353,
589.2913941605684,0.29993063909932965,Infeasible_Problem_Detected,442,99.0,no_replan,False,64.8,1132.7828714624047,2.9521711841225624,-11.986376941204071,19.981392696499825,-3.2776447013020515,1.8854448720812798,-13.205142132937908,0.14677836559712887,9.259043589234352,19.668607350438833,239.83616810292006,-127.22760904580355,181,efficiency,436936230.29615355,Solve_Succeeded,291,True,0.600918664752951,3.175498352615191e-06,1.849576025744597e-05,solved,33.0,0.00014145787833367546,6.006736948817636e-06,1.802755994258853,80.4,derated,58.49802213720684,14.413793370919302,0.2606424889527261,
8.584188189238215,0.9155673873610795,Solve_Succeeded,38,0.6009025869272556,land,True,8.1,861.1349012702703,-0.8483119532465935,12.024165838956833,-20.2589663118124,1.8627859950065613,-2.7452500015497208,11.461204029619694,-16.997033269144595,-8.060255102813244,-3.371258929371834,-309.9005872383714,537.3964078724384,182,efficiency,432072251.52502924,Solve_Succeeded,426,True,0.6009029512084961,1.1273162953702781e-05,6.810085518020798e-05,solved,46.0,0.0004770292402195124,2.0656692569593546e-05,1.8027088536254883,104.4,derated,35.012217563831946,35.77664458286017,0.0010638688690960407,
353.5212794416937,0.6461875189561397,Solve_Succeeded,396,0.6009126743746999,land,True,101.1,517.590606212616,0.06898794323205948,-15.898496210575104,3.366099074482918,-2.4579755067825317,-3.071600280702114,-17.747751846909523,-23.747848523780704,-11.262153625488281,3.436213587410748,-54.75197955965996,-420.90003211051226,183,efficiency,176686844.89595544,Solve_Succeeded,224,True,0.6009039702797994,5.55545194926451e-06,3.378960196279939e-05,solved,43.0,0.00023786344468757127,1.034240083783427e-05,1.802711910839398,68.8,derated,12.509140463113024,10.993520853901282,0.09814433427527547,
2.445367253391639,0.0,Infeasible_Problem_Detected,230,99.0,no_replan,False,23.3,1226.1897778138518,-2.2314866110682487,15.860612243413925,-36.83764837682247,0.9333774968981743,0.30542483925819397,16.921801045536995,-6.910442081280053,7.416386358439922,26.266311922110617,68.73285323381424,714.8450128734112,184,engine_out,636188704.8322387,Solve_Succeeded,350,True,0.6009051381328417,7.944813524014552e-06,4.795363298762661e-05,solved,48.0,0.00033820785422993796,1.468537522571938e-05,1.8027154143985251,91.1,derated,82.93699527834441,40.034986370801924,0.3589355438016355,
726.1930590259533,0.7523201443254948,Infeasible_Problem_Detected,205,99.0,no_replan,False,55.3,740.5448347330093,-1.9498080611228943,-5.596989989280701,-15.55552490055561,2.0276144072413445,3.3686853423714638,4.157370068132877,-12.058358695358038,1.9775777533650398,11.533308540470898,549.3097124621272,-832.7147148549557,185,efficiency,389816629.458395,Solve_Succeeded,400,True,0.6009045213867996,5.7995101441691665e-06,3.501122821025506e-05,solved,45.0,0.000247938778569198,1.077226298430374e-05,1.8027135641603989,99.6,derated,40.67358791878338,1.1529064653441308,0.44306425750255585,
79.99784557389913,0.15685727726668117,Infeasible_Problem_Detected,1284,99.0,no_replan,False,166.1,1004.3503945693374,3.850785940885544,5.55665448307991,24.653257951140404,-0.6127557158470154,-0.00790587067604065,-1.1341286823153496,3.958670706488192,-3.200170263648033,1.6703499341383576,-450.46094600111246,281.90933894366026,186,efficiency,450695011.32660425,Solve_Succeeded,349,True,0.6009148110872106,2.088901982394364e-06,1.1720684258785334e-05,solved,45.0,9.407447810365665e-05,3.931492725260102e-06,1.8027444332616316,121.7,derated,57.214147554985644,27.179014038993046,0.20142217446118593,
2.398145703505923,0.8128448822535574,Infeasible_Problem_Detected,664,99.0,no_replan,False,36.4,663.8723812997341,-0.02984479069709778,-17.616668082773685,7.516582906246185,-0.0009970888495445251,-1.0201644971966743,-16.619191244244576,-4.852448934689164,3.561976097524166,-1.801167979836464,-650.7276579737663,-51.154302433133125,187,efficiency,355290238.5247086,Solve_Succeeded,377,True,0.6009041512485135,6.589896216827731e-06,3.967587924333975e-05,solved,44.0,0.00028092372130726525,1.2197058205520168e-05,1.8027124537455403,88.7,derated,41.89894381762427,39.94288401398808,0.2869343156926334,
470.23357233496193,0.10031961044296621,Infeasible_Problem_Detected,886,99.0,no_replan,False,208.7,955.0291938707232,2.1768863797187805,17.654553167521954,-32.23808944225311,2.60762657225132,2.34884212911129,18.675321117043495,-20.86741088423878,-1.759305864572525,17.065315183252096,580.1687367260456,627.1080264821649,188,efficiency,430860442.6043066,Solve_Succeeded,307,True,0.6009062221935199,9.189012599539646e-06,5.537025829707482e-05,solved,43.0,0.00039004561696129704,1.6966624131675524e-05,1.8027186665805597,87.2,derated,3.7078320556836237,12.849569792672991,0.04504832113161683,
14.661337140306099,0.5478789915796369,Solve_Succeeded,28,0.6009011781798758,land,True,9.5,441.9117622077465,1.8952068760991096,-8.54317907243967,-10.955818146467209,0.44697602093219757,1.2856414839625359,0.20654622465372086,1.9151012226939201,-6.823112323880196,23.087099000811577,150.15410240739584,-527.0364409312606,189,efficiency,104893867.98568887,Solve_Succeeded,218,True,0.6009144990265993,2.2001551327387067e-06,1.3000776279246226e-05,solved,36.0,9.752843868434233e-05,4.160471756677781e-06,1.802743497079798,59.7,derated,42.67184672803504,24.399526872485875,0.12902561109513044,
1142.9990945101667,0.05003892141394316,Infeasible_Problem_Detected,871,99.0,no_replan,False,308.9,1177.8624249622226,-3.8116418346762657,8.58351569622755,28.803584426641464,-2.912616215646267,-2.0839230567216873,-4.459916763007641,-14.920108425430954,11.998957313597202,8.679943557828665,-192.2049941495061,144.22232173383236,190,efficiency,539272520.2316886,Solve_Succeeded,439,True,0.6009034622805228,9.531399389760617e-06,5.77197116994789e-05,solved,46.0,0.0004034068131315895,1.7552677733585558e-05,1.8027103868415684,108.6,derated,16.71858550274732,3.161493949312717,0.39055044017732143,
230.3644509911285,0.23976747784763572,,0,99.0,lost_in_delay,False,0.0,1084.4402076676488,3.028382010757923,-4.977586902678013,-6.946117728948593,1.2510279193520546,-3.72618355602026,5.666969791054726,-8.305613528937101,7.701356381177902,0.13047925475984812,-341.44648164510727,-697.4250158295035,191,efficiency,666402857.5272517,Solve_Succeeded,389,True,0.6009047615662891,7.283181930824962e-06,4.3917365702758535e-05,solved,49.0,0.00031025176823723023,1.3486065148921705e-05,1.8027142846988673,112.3,derated,120.96119090272524,24.721354433801025,0.47902449406683445,tumble
659.8739974805092,0.9723925720900297,Solve_Succeeded,106,0.600904035269164,land,True,42.8,785.440731421113,-1.1784600242972374,4.937346391379833,32.849915474653244,-3.857657417654991,0.8965319097042084,-9.00238998234272,8.836255953647196,-9.480223394930363,14.102352117188275,439.4709415733814,430.83728961646557,192,efficiency,304666452.79254735,Solve_Succeeded,343,True,0.6009146079098774,2.830718463379899e-06,1.6434805281532956e-05,solved,43.0,0.0001264788695462366,5.3438895664832935e-06,1.802743823729632,91.3,derated,15.576455385698427,5.716314651397988,0.220178066752851,
17.37879764882058,0.0,Infeasible_Problem_Detected,232,99.0,no_replan,False,28.3,1298.4508784487844,-2.897638589143753,-14.029093720018864,14.131881296634674,-1.197006270289421,3.9602264538407326,-12.3890845105052,-18.76449483446777,-5.916828118264675,24.77695653680712,853.2286232337356,-327.0302955061197,193,engine_out,804416332.7212869,Solve_Succeeded,355,True,0.600903173784602,1.1846526830690734e-05,7.150881444631191e-05,solved,51.0,0.0005013350451154315,2.1693454111894068e-05,1.802709521353806,124.5,derated,30.92240106844573,37.467001667758446,0.07351762661710382,
59.96747811864599,0.6735298272687942,Infeasible_Problem_Detected,565,99.0,no_replan,False,96.8,914.6331936120987,-2.3337403759360313,0.660637877881527,-34.54403668642044,3.9715352952480316,-3.403161257505417,-10.52386324852705,-13.483680081553757,-8.660572528839111,15.576515646651387,-858.6842212826014,-252.63828299939632,194,efficiency,694498578.010436,Solve_Succeeded,461,True,0.6009032497685461,1.2202426215845597e-05,7.35099513704586e-05,solved,51.0,0.0005158529851484692,2.2332363662351994e-05,1.8027097493056385,125.0,derated,30.15441456098891,32.88499606400728,0.04854989843443036,
710.9290409477323,0.0,Infeasible_Problem_Detected,552,99.0,no_replan,False,251.0,705.2410548552871,0.4984669163823128,-0.698542483150959,5.525652766227722,-1.388591505587101,0.23171452432870865,14.767482914030552,4.71744698472321,10.064805261790752,0.7219648789614439,816.0838488489389,883.0932470038533,195,engine_out,872442606.2438936,Solve_Succeeded,390,True,0.6009031075349863,1.0293681484887952e-05,6.091840150120998e-05,solved,55.0,0.0004400192560455356,1.885923516430962e-05,1.802709322604959,102.6,derated,70.76462510050177,2.021113272057846,0.3069007224403322,
1.4059951284100403,0.7262566909193993,Solve_Succeeded,24,0.6009072953184201,land,True,10.5,1191.1468148231506,3.7187450528144836,10.337144695222378,26.729648858308792,-3.5414250269532204,3.168027848005295,6.301750913262367,-24.48950262274593,4.626008100807667,7.20398429222405,364.11544773727655,-775.9901566430926,196,efficiency,749398961.9626676,Solve_Succeeded,320,True,0.6009058516557708,7.977923054781573e-06,4.8162568709254654e-05,solved,50.0,0.00033971511974549063,1.4739061276083763e-05,1.8027175549673125,89.0,derated,6.00914033274804,44.48658612323925,0.39109136536717415,
243.75301351580552,0.18934935238212344,Infeasible_Problem_Detected,557,99.0,no_replan,False,124.8,427.64692064374685,-1.6135888397693634,-10.377499647438526,-13.335005193948746,1.0677322447299957,-0.4664292559027672,-8.367649391293526,-5.468127857893705,-0.5986006110906601,25.59134910814464,-434.3445075675845,338.6748779565096,197,efficiency,121947693.3205995,Solve_Succeeded,188,True,0.6009088663240671,1.3223057226104353e-06,7.61747255132377e-06,solved,38.0,5.91581042545157e-05,2.4894143921142787e-06,1.8027265989722014,65.9,derated,10.457383123388269,10.70210698209703,0.15189169440418482,
3.0765003411452474,0.0,Infeasible_Problem_Detected,126,99.0,no_replan,False,15.5,833.6754390969872,1.334348738193512,16.77613016217947,30.23154392838478,-2.721504956483841,-1.859302118420601,2.0717937126755714,0.9067182661965489,-4.099510319530964,15.691363866440952,-155.4659340530634,-503.40123753994703,198,engine_out,260834289.21961161,Solve_Succeeded,243,True,0.6009030809785841,8.27237053259402e-06,5.003564538414225e-05,solved,40.0,0.0003506859214849751,1.5271246870606684e-05,1.8027092429357523,72.3,derated,36.48350110444582,33.04003154672682,0.2489030184224248,
399.55951034655516,0.5254649536218494,Infeasible_Problem_Detected,324,99.0,no_replan,False,68.7,1035.2251674979925,-3.49799183011055,-16.73590797930956,-9.874623566865921,0.13856115192174911,2.5297707840800285,-2.5947050377726555,-18.42345256358385,2.6722058057785034,-2.486823090352118,169.2819658666849,182.33026899397373,199,efficiency,531119316.0374912,Solve_Succeeded,301,True,0.6009037267416418,7.977137330290228e-06,4.755285148037754e-05,solved,48.0,0.0003406290055203329,1.4696378161862533e-05,1.8027111802249254,111.4,derated,45.785876626260006,21.85588064342737,0.489331491291523,
47.64523458279216,0.3458881112746894,Infeasible_Problem_Detected,772,99.0,no_replan,False,94.2,549.2121079936624,-0.7152146324515343,7.077641151845455,-28.670932948589325,2.79139431566,1.5929788202047348,-15.984441116452217,7.127326144836843,6.610590353608131,7.592597003094852,673.5412487760186,-71.49187736213207,200,efficiency,235249304.35407403,Solve_Succeeded,244,True,0.600902824303467,9.167616675611326e-06,5.536831104240007e-05,solved,42.0,0.0003879705188032505,1.6874855533902295e-05,1.8027084729104008,75.2,derated,78.04827432258489,24.405671070702372,0.3429460390470922,
887.6085666879995,0.863830388057977,Solve_Succeeded,109,0.6009035710635123,land,True,52.5,1320.5553885549307,2.6170012429356575,-7.039870508015156,11.440269947052002,-0.3177015483379364,-2.7955514267086983,19.3101117759943,-10.835458869114518,-10.661801867187023,22.109048417769372,-574.9672008678317,593.1731270626187,201,efficiency,797563319.9907988,Solve_Succeeded,479,True,0.6009032417911878,1.1422724647452671e-05,6.822863891630003e-05,solved,50.0,0.00048630659966152474,2.0914667017351234e-05,1.8027097253735633,144.3,derated,12.673480598784675,10.518574363086373,0.08287813188508153,
,nan,,,,not_run,False,,597.5413830950856,-1.264117769896984,19.70778524875641,35.768708512187004,-0.8038362190127373,-3.798932820558548,3.5225817933678627,-19.66326931025833,11.099801033735275,27.11511437408626,-543.861835822463,-864.9192407727242,202,,1240805842.0688186,Infeasible_Problem_Detected,243,False,99.0,,,infeasible,nan,,,,70.4,,,nan,nan,
20.637907140174804,0.9264733213931322,Infeasible_Problem_Detected,506,99.0,no_replan,False,59.4,1396.2361548095942,3.4119680896401405,-19.74800631403923,-4.1618213802576065,2.335998997092247,0.5659625306725502,-1.768881194293499,-1.6981457732617855,-6.128668047487736,4.6510461289435625,473.46766255795956,263.35701551288366,203,efficiency,952260787.483433,Solve_Succeeded,389,True,0.6009032699841464,1.1051263573112288e-05,6.742958883614097e-05,solved,52.0,0.000467601190430594,2.0273533258643837e-05,1.8027098099524392,108.4,derated,4.339929672699479,39.16639713607728,0.17650880943983793,
787.1957655726314,0.0,Infeasible_Problem_Detected,783,99.0,no_replan,False,178.8,882.9947473481297,0.6291899383068085,8.781279027462006,-22.957982942461967,0.7495789974927902,3.50269415974617,-19.612961187958717,-9.614338246174157,-2.565284214913845,2.2274414133280516,32.07527864724398,-384.52240470796824,204,engine_out,326256835.32066834,Solve_Succeeded,326,True,0.600903529617744,9.778534340952497e-06,5.9118862064861294e-05,solved,43.0,0.0004134674696593293,1.8000768039363347e-05,1.8027105888532318,96.6,derated,10.450101858679062,7.152526254113764,0.02978834742680192,
186.7799287921212,0.42499977652914817,Infeasible_Problem_Detected,766,99.0,no_replan,False,110.1,1111.8957284837961,-2.5467693209648132,-8.819048553705215,16.977277174592018,-2.141240768134594,-0.8626198396086693,15.056551173329353,9.717774735763669,4.162510201334953,13.037586124613881,-73.85157253593206,736.6949111223221,205,efficiency,631453631.155792,Solve_Succeeded,597,True,0.6009031468299204,1.164254826672039e-05,6.987110771147304e-05,solved,48.0,0.0004931840441977784,2.1320763606796422e-05,1.8027094404897612,163.2,derated,43.02078464336141,24.394874044507745,0.27094996673986316,
1159.877502800757,0.780314585659653,Infeasible_Problem_Detected,405,99.0,no_replan,False,120.9,1267.802184075117,2.263593405485153,2.6985862851142883,-38.831091448664665,1.5538663938641548,-1.4386056810617447,-13.839885108172894,3.2057947805151343,0.1635543331503868,20.555078617297113,-234.51832495629787,-221.17532584816217,206,efficiency,552382685.7234663,Solve_Succeeded,302,True,0.600910450071603,5.989979928114936e-07,3.5251938111939827e-06,solved,35.0,2.6640345557378758e-05,1.131395252195613e-06,1.8027313502148092,98.7,derated,48.705900156937865,3.8342591002583504,0.3594779032282531,
10.166423004950651,0.12642128532752392,Infeasible_Problem_Detected,362,99.0,no_replan,False,32.1,476.95102225989103,-0.41237443685531616,-2.6606829464435577,1.0626742988824844,-3.0860291868448257,2.1725503131747246,10.826425291597843,-15.817776778712869,-5.110884100198746,10.179768021218479,332.81761072576046,457.100947201252,207,efficiency,96528190.71404234,Solve_Succeeded,208,True,0.6009213334374038,3.5392409875344075e-06,2.0852230939951037e-05,solved,33.0,0.00015698938812594155,6.70822594246254e-06,1.8027640003122114,72.0,derated,26.682683236645936,22.733555779187007,0.12100899079814553,
605.219601420037,0.5791304332669824,Solve_Succeeded,317,0.6009126970450679,land,True,135.6,990.32928571105,-3.6326516196131706,13.647074699401855,22.266818210482597,-1.9996097832918167,1.2363011091947556,8.06503601372242,-3.971967431716621,-10.17467911541462,-4.090985604561865,735.101412422955,-582.0016443729401,208,efficiency,872353026.7227836,Solve_Succeeded,298,True,0.6009029386899561,1.0520083677555149e-05,6.334447348210676e-05,solved,53.0,0.00044641674606041634,1.9292224932711692e-05,1.8027088160698685,95.4,derated,11.887842938987477,18.78813360701315,0.20492423232644796,
1.1642916391050677,0.02273483457975088,Infeasible_Problem_Detected,433,99.0,no_replan,False,30.9,753.585640899837,1.5434409156441689,-13.606721013784409,-17.622217312455177,3.3912715390324593,-2.3753975108265877,-7.229323759675026,-22.175161950290203,8.600524105131626,18.324951048009098,-720.790677331388,89.21570833772421,209,efficiency,494808146.64644367,Solve_Succeeded,413,True,0.6009031448252761,1.7040027631323824e-05,0.0001022285274402226,solved,49.0,0.0007192133246040636,3.096037897492543e-05,1.802709434475828,130.3,derated,49.330532326912746,45.75461049173027,0.4630301911383867,
,nan,,,,not_run,False,,451.87278240919113,-3.272253781557083,11.056843847036362,7.174256667494774,0.7647725716233253,0.7693749368190765,-1.9209559261798859,-11.873427489772439,-3.658050499856472,13.19888330064714,-688.7591890990734,-164.30252194404602,210,,503965868.7735031,Maximum_Iterations_Exceeded,1500,False,99.0,,,infeasible,nan,,,,324.8,,,nan,nan,
1.607060790578935,0.10919247078709303,Infeasible_Problem_Detected,331,99.0,no_replan,False,29.4,1153.3693155273795,1.4349656701087952,-11.016593277454376,-33.068553283810616,-2.34381203353405,-3.595977209508419,2.745390236377716,7.456559627316892,1.5228546112775803,3.097518155351281,787.3898282647133,514.3838172778487,211,efficiency,894382876.9630777,Solve_Succeeded,393,True,0.6009031571548182,1.1680629214622362e-05,7.240232754538424e-05,solved,52.0,0.0004978212545699494,2.1369808419228778e-05,1.8027094714644547,104.1,derated,21.286742477718782,46.534861594252284,0.09182084491476417,
627.9968168792661,0.5961194508709013,Solve_Succeeded,287,0.6009147438323575,land,True,110.8,667.3350349068642,2.6532861664891243,0.12789562344551086,-14.36486504971981,-0.6948928683996201,-0.5342338979244232,16.136356703937054,-17.41063367575407,6.960156887769699,4.8119971211999655,282.19071608036757,-639.3121847882867,212,efficiency,205623587.2422254,Solve_Succeeded,215,True,0.6009045791359928,6.8554438250010856e-06,4.142289291228104e-05,solved,38.0,0.0002922485291483405,1.2711291394179408e-05,1.8027137374079785,64.2,derated,50.36406691242946,3.245338056702167,0.23849545419216156,
16.604766481984786,0.0007877140305936198,,0,99.0,lost_in_delay,False,0.0,938.7472501024604,-0.5540508255362511,-0.09007751941680908,25.882980301976204,2.1646774783730507,3.8306843414902687,-19.15804360061884,0.5523684294894338,-11.72144577652216,27.985285529866815,-268.4313828125596,32.37057477235794,213,efficiency,254879163.1999707,Solve_Succeeded,321,True,0.6009028248889882,5.368865423082709e-06,3.226051268259058e-05,solved,39.0,0.00022985741401462676,9.960402831552767e-06,1.8027084746669646,97.3,derated,179.68567823454012,25.927202695235607,0.4997981982305646,tumble
1038.30696359619,0.2694707459304481,Infeasible_Problem_Detected,687,99.0,no_replan,False,198.8,1282.7792489901185,0.270836777985096,6.508734375238419,-7.737967595458031,-1.514803372323513,2.469656690955162,10.363412201404572,-6.23316278681159,-7.5819128304719925,17.970294742845,-98.19357320666313,-809.6943760290742,214,efficiency,833894906.4061493,Solve_Succeeded,335,True,0.600903075772852,8.449306500229683e-06,5.073481649100854e-05,solved,51.0,0.00035953936416858973,1.555862816282674e-05,1.8027092273185559,92.1,derated,111.75323402719602,7.253962567588314,0.401008733548224,
183.1613980610572,0.9436619051266462,Solve_Succeeded,116,0.6009023739878782,land,True,28.8,573.4403055161238,-2.4364935383200645,-6.546610593795776,32.46836431324482,3.0938428193330765,-1.1420800760388374,-14.928086549043655,-24.43420627620071,9.740179695189,-4.767703217454255,27.907808125019073,318.9919263124466,215,efficiency,187044811.0806704,Solve_Succeeded,279,True,0.6009040190292835,5.916703310152607e-06,3.568389364665009e-05,solved,41.0,0.0002529092972141404,1.0981130784643807e-05,1.8027120570878503,82.2,derated,21.290219434406357,19.847592207137495,0.141911368817091,
448.4817702231581,0.0,Infeasible_Problem_Detected,684,99.0,no_replan,False,122.5,1059.3367690220475,-1.6556721031665802,17.454781979322433,11.172358021140099,1.9449230581521988,-2.20332570374012,-6.463584639132023,5.456328736618161,5.803198479115963,9.825457899831235,479.0496764704585,-440.18500596284866,216,engine_out,502729480.813272,Solve_Succeeded,338,True,0.600904665534356,8.482739438984e-06,5.131755324191387e-05,solved,45.0,0.0003603674689539826,1.5666513263861766e-05,1.8027139966030679,94.4,derated,28.965392880152137,16.756297830026597,0.05804195022210479,
18.795734051472355,0.44691142998635763,Infeasible_Problem_Detected,410,99.0,no_replan,False,36.9,795.7679402083158,3.5515387654304504,-17.49508947134018,-29.028938487172127,-3.4147076830267906,1.407853178679943,8.205968253314495,-13.565096226520836,-1.018106371164322,19.8782665906474,-521.5934509411454,681.4977368339896,217,efficiency,440523214.00146705,Solve_Succeeded,405,True,0.600902901783412,9.167626962897977e-06,5.504640967459689e-05,solved,47.0,0.00038934446734144567,1.6852106727928897e-05,1.802708705350236,118.5,derated,45.3919295849972,33.564826404815534,0.29747162805870175,
115.15293660226565,0.0,Infeasible_Problem_Detected,555,99.0,no_replan,False,72.7,1136.0016601160169,-0.32567352056503296,9.507350139319897,-3.138308525085449,-3.9637240767478943,0.4346703588962555,14.000478982925415,-22.375679202377796,1.218777246773243,25.3659744951874,-609.5813915133476,-560.3828351944685,218,engine_out,666853784.4025213,Solve_Succeeded,358,True,0.6009033350406975,1.266493464116261e-05,7.586121908873967e-05,solved,49.0,0.000537687801705884,2.3149963313197685e-05,1.8027100051220923,106.9,derated,65.35978470779075,27.287273310171436,0.21392777003347874,
686.6918930902508,0.503629591781646,Infeasible_Problem_Detected,474,99.0,no_replan,False,79.7,845.0968224555254,2.47541543841362,-9.46947518736124,36.61866217851639,1.4276531264185905,-3.1997485980391502,-10.665984004735947,-3.3521909592673182,-5.458947882056236,6.398232823237777,623.9452846348286,124.93818271905184,219,efficiency,351300250.33045125,Solve_Succeeded,354,True,0.6009031526699321,4.492826756500658e-06,2.7148968328001135e-05,solved,43.0,0.0001931705505297859,8.366392234359945e-06,1.8027094580097964,92.9,derated,43.04438817840834,8.012343829404562,0.45408964063972235,
