N,T1,T2,alt,dp1,dp1_dot,dp2,dp2_dot,dy1,dy1_dot,dy2,dy2_dot,family,iters,lands,margin,outcome,p,phi,plant,pos_err,psi,q,r,rate_deg,sample,theta,tilt_deg,u,v,v_horiz,v_vert,w,wall,x_E,y_E,y_eng
40,10162.806783765554,19396.4599262923,497.69298899918795,-2.1214206553995614,12.77017784714699,5.171982463449241,0.6330596655607224,-3.884344976395369,-7.505317836999894,-3.9172958694398408,5.240563005208969,engine_out,49,True,0.6010918007908598,land,1.0592379607260227,23.135294672101736,engout_y0.25,0.01873394437573298,16.955235451459885,19.0353250131011,4.51172012835741,1.0639663255331742,0,15.783858671784401,0.836609285182787,-0.22914819419384003,10.81572874635458,0.006001155653720781,1.8032754023725794,25.123582079075277,12.105040073394775,-113.55709210038185,-417.47618559747934,0.25
60,22003.51373590529,9733.150017410517,988.4210484102368,5.99024210125208,-3.1153085768222812,-4.784041263163091,-7.2134568303823485,0.5851454548537731,9.803853964805604,3.262239608913661,-5.569043809175492,engine_out,190,True,0.6009480727405029,land,-17.38814590498805,-3.1025650445371866,engout_y0.25,0.0028985130324172357,-12.838575467467308,-20.21931642666459,-20.723187271505594,0.16500106346492235,1,-3.6693564616143703,0.1361445932909002,-21.430216832086444,-3.7398790642619133,0.00319673920981787,1.8028442182215088,5.3820998733863235,41.004820823669434,154.83968183398247,404.02188654989004,0.25
68,16958.004743754864,7296.555628404021,1198.2591574080288,2.978590093553067,-9.72909208238125,1.5873269028961658,-0.2570648968219764,-0.4775525741279125,-6.135135957598687,2.3915318995714197,11.910821118950846,engine_out,185,True,0.6014309161087779,land,23.286500992253423,-18.562558572739363,engout_y0.25,0.012337601526987589,23.027891218662262,9.954748721793294,13.530180463567376,2.168354832161281,2,10.701672872528434,1.3178246018210515,-15.172692481428385,1.0465024933218956,0.04761047286991064,1.8042927483263336,17.241653374396265,44.412951707839966,-874.2735872045159,883.9110676199198,0.25
54,4204.81905259192,4797.610537484288,850.7191375829279,4.126091245561839,-12.605506896972658,-0.024181567132472992,5.2013723105192184,-2.490366127341986,-1.4327234566211704,-4.9621393382549295,0.23548960983753275,engine_out,59,True,0.60128351315877,land,-20.647471072152257,0.8441607933491468,engout_y0.25,0.04473760873568581,-34.995635598897934,-0.3377179615199566,20.728640956804156,2.3206722908371664,3,-14.346344117075205,2.1625309269546764,-11.49883943144232,4.664905361831188,0.01936092245450639,1.8038505394763102,21.882743866182864,18.170084953308105,-574.27844312042,-638.3940210565925,0.25
70,9279.889734685421,12311.157532930374,1335.8260614797473,1.1375099010765553,-6.949786081910134,3.3441967405378827,12.196765601634983,2.4102219007909307,12.270349618792537,-1.466168325394392,-10.156986898183824,engine_out,101,True,0.6010148561744075,land,13.973918743431568,16.54871804639697,engout_y0.25,0.0138566128418483,4.796457514166832,16.559293726459146,-13.572303391993046,0.7435325632610141,4,21.38028289191425,0.5955227776727757,-16.35405260603875,-2.7245056852698326,0.0033745900403111323,1.8030445685232226,0.7419531503692269,31.49430274963379,421.82103730738163,-211.18331775069237,0.25
54,17641.272818371654,21955.000400319695,846.3124645873904,-3.5066860467195515,9.895026728510857,-3.705516859889031,-4.705873757600784,-5.146929647773505,-13.55720934569836,0.4362938292324543,7.8035127460956595,engine_out,106,True,0.6009498929178683,land,-5.445306934416294,-8.822443941608071,engout_y0.25,0.014600873060345992,-5.016655921936035,-16.058918880298734,11.03414474055171,0.897468229393288,5,-9.26425433717668,0.6042528726786757,-5.304377232678235,6.910327546298504,0.0024907605369459992,1.8028496787536048,14.29491647426039,24.197412729263306,-435.0036319345236,197.83199205994606,0.25
70,14520.575602725148,5378.0021169781685,1307.123094983399,0.27645403146743774,-11.119725215435029,-0.8253758959472179,6.240275117754937,3.6524765118956575,5.7200370222330115,-2.8523608110845093,-0.41438388526439596,engine_out,144,True,0.6010072707532296,land,19.4983568508178,3.1394968274980783,engout_y0.25,0.013812777506697639,-38.38335685431957,-12.733014021068811,0.04782923497259617,0.7641152940095016,6,-16.876669647172093,0.584528145382702,3.9830109756439924,-5.989520765841007,0.0030672155294592515,1.8030218122596886,18.659298038110137,38.69260883331299,-290.6549245119095,-773.7383767962456,0.25
49,2285.554897338152,15015.834709480405,731.1393471434712,-4.098394419997931,1.0009581327438362,1.2072964310646057,-12.912024459242822,-0.9048121422529221,-4.420763602852823,2.006873432546855,3.232366588711738,engine_out,117,False,3.1944707586428076,gate_miss,-12.44984338991344,-20.607367157936096,engout_y0.25,2.280452285257784,31.727617532014847,14.014665596187115,-24.460890935733914,3.44741923047093,7,3.9930856321007013,19.166824551856845,-7.936095725744963,10.063878424465656,1.9241039608290667,9.291192934296754,-3.1085507441312075,21.300089359283447,333.69882702827454,760.2762892842293,0.25
59,19516.698845028877,7821.979699507356,967.508049774915,3.264479711651803,-5.300500372052193,4.044515512883664,13.182934033870698,-3.5450778454542164,-9.389194643497468,-3.481463715434075,10.343797928094865,engine_out,144,True,0.6010535964626927,land,-15.21609527990222,12.692097760736942,engout_y0.25,0.014232451710768385,8.269709944725037,3.957620682194829,-9.255016315728426,0.8335274792789349,8,22.347297053784132,0.5830537466523888,-5.585936717689037,1.798314280807972,0.002351054310179431,1.8031607893880781,4.737090131267905,31.92292547225952,471.22273575514555,-300.83838533610106,0.25
36,7399.539191350341,17470.610119700432,392.0475115068257,-1.0867459885776043,7.783436331152917,-4.409665647894145,-5.463472491502763,0.9856147393584251,7.976211816072464,4.326583430171014,-7.750403183698655,engine_out,180,False,inf,no_recovery,3.4200028516352177,-11.214226437732577,engout_y0.25,nan,-1.6045240312814713,-3.6525333765894175,16.089957766234875,nan,9,-9.462198801338673,nan,-20.4615121986717,-6.710773028433323,nan,nan,26.282374707981944,19.905586004257202,-486.23476792126894,287.48688865453005,0.25
44,20088.264473229647,20031.669628173113,593.4374363161623,-5.279653362929822,11.17626344561577,5.966741278767587,3.250460931658747,1.9728581383824348,14.042605224251748,-0.30834710597991943,-5.3068831980228435,engine_out,216,False,inf,no_recovery,-2.941662259399891,19.179206155240536,engout_y0.25,nan,11.072327867150307,6.6392626613378525,24.41891273483634,nan,10,15.585818188264966,nan,-24.442740376107395,-11.765271909534931,nan,nan,13.392282076179981,26.806747913360596,-737.3139364644885,-109.8113302141428,0.25
67,12083.014342263341,10402.486947104335,1170.0935543514788,1.6015420518815517,-1.059089487791061,-5.581152733415366,-10.052288398146631,-5.469807296991349,-11.841188183426858,0.7782850563526154,5.425271290540696,engine_out,189,True,0.6009657912365379,land,16.288050450384617,-5.3985032718628645,engout_y0.25,0.012668334416190493,-18.821513801813126,-7.6279195956885815,-0.004228018224239349,0.5144342381468079,11,-2.702246094122529,0.6327433740297236,-1.6032403381541371,3.9160591140389442,0.0055854036382283435,1.8028973737096137,2.1584943532943726,42.775972843170166,780.4465698078275,96.35688029229641,0.25
41,15082.904444560409,12533.8377764076,529.6144155785441,-2.2910770252346997,5.239238181710245,-2.653113383799792,10.653639256954193,-2.0796789228916173,-3.318467080593109,-5.25277091190219,13.438058701157573,engine_out,70,True,0.6074807761746377,land,6.484492821618915,9.932210156694055,engout_y0.25,0.08088836748684543,-21.18575006723404,-22.763089137151837,-16.08455046080053,1.286161961966508,12,-21.056553721427917,3.2948811492596164,-12.70491807255894,7.65928403288126,0.07231712776005521,1.822442328523913,9.782611541450024,12.350040435791016,17.96543262898922,-529.9220385029912,0.25
64,6958.481907248497,2876.557444781065,1104.6725807711482,4.613372068852187,-7.720361396670342,2.285771884024144,-3.043162089586259,5.38985724002123,1.0040015280246735,4.782468158751727,-11.745082649588586,engine_out,70,True,0.6010005548961194,land,-24.482710333541036,-14.705765619874,engout_y0.25,0.013696510476020097,28.94498459994793,22.360368678346276,9.247989533469081,0.7399737559951336,13,8.171443361788988,0.5869420030135597,8.750364207662642,-0.47187573462724686,0.00327701350803928,1.803001664688358,21.236949309706688,20.86206340789795,-32.90225900709629,516.5766773745418,0.25
50,18106.11516289413,8277.18818306923,750.3649826161563,3.8999166190624246,13.89514016211033,-1.5887618958950043,-13.892820185422899,-1.4745317995548248,4.923044818639756,-4.231898970901967,-9.871623972058298,engine_out,247,False,3.2905788457341334,gate_miss,11.586870765313506,-0.7801487110555172,engout_y0.25,2.098151205892109,33.083522245287895,24.12891718558967,18.782622553408146,4.224827019617436,14,-19.210247695446014,19.7434730744048,-18.34437631070614,0.020373724400997162,1.2636094320784317,7.606427195379176,2.3166156066581607,36.19276285171509,-85.60845404863358,-468.3957528322935,0.25
70,8837.138950526714,18557.09475018084,1292.4943829886615,-0.08088886365294456,-1.9903258770704273,1.9566821940243244,7.061109638214113,3.085504241287709,-7.010752129554749,3.576835535466672,8.175132510066035,engine_out,126,True,0.6010013025269735,land,-20.161069789901376,23.913535056635737,engout_y0.25,0.013841660064514264,-37.044542133808136,-24.5074478443712,-5.6954012252390385,0.756380791866212,15,6.300374586135149,0.5875147427516941,-3.1782699655741453,-7.9269459173083305,0.0031228152294760577,1.8030039075809203,11.74571533780545,33.43844294548035,70.72771936655045,455.0502944737673,0.25
58,3722.45076097548,15945.423320233822,952.0754747092724,-3.0923576764762406,-10.404054397344591,-5.176347501575948,14.015743812918664,-3.356192976236344,10.798561933636666,2.7573086880147466,-1.908051931858063,engine_out,111,True,0.6009606323098665,land,14.261951297521591,8.306300174444914,engout_y0.25,0.011942650702201086,6.933351531624794,7.818869594484568,9.85498265363276,0.5212208462592813,16,-0.8313084486871958,0.5671882224568837,1.5753481350839138,11.273486696183681,0.004874998613085573,1.8028818969295994,11.229760381393135,25.06089186668396,-677.5749357417226,31.314956210553646,0.25
66,16491.62846416235,13384.36780795455,1154.6588566154242,-1.8029494509100914,-13.730523875355722,3.712870929390193,-9.099068087339402,-5.650247856974603,11.450528115034103,-4.502473790198565,-13.864530444145204,engine_out,116,True,0.6023402999145956,land,-17.096293810755014,-22.24054210819304,engout_y0.25,0.04112369420567281,-15.121857300400734,-5.32616819255054,5.67792053334415,1.4059645109665015,17,24.218330066651106,2.455514634686995,6.616405374370515,6.250409714877605,0.014637374900660452,1.8070208997437867,-4.755151043646038,29.56005883216858,-545.9728030487895,-246.3455893099308,0.25
45,5522.727333828807,3093.3455272763968,612.9319604486227,5.484007682651282,1.827522334456443,-3.348618641495705,2.404466915130616,1.790036402642727,-12.640269184112551,5.531987797468902,11.267619752883913,engine_out,74,True,0.6010413558157363,land,2.321495395153761,1.6223049722611904,engout_y0.25,0.01386307283674182,14.754894375801086,5.802329024299979,-18.763709580525756,0.5773467924088286,18,-11.3084452226758,0.6608440196890302,-15.095227821730077,-2.068982385098934,0.0057558239382472535,1.8031240674472089,18.817385730333626,15.651139497756958,531.0162188485265,232.99423679709435,0.25
64,21497.518742457032,21039.08783785999,1090.0458767078817,-4.791347779333592,-6.274748289585114,-0.4172833487391472,-2.10543255507946,5.941839180886746,-0.49468906223773956,-1.057866744697094,3.980822691321375,engine_out,100,True,0.6010245911809418,land,23.7706093583256,-6.4879137091338634,engout_y0.25,0.014425744557683442,25.242909938097,15.276440512388945,-9.8252447322011,0.8241361937603715,19,-18.747643055394292,0.6123307999864944,0.5307234497740865,-10.349927388131618,0.0033358223371252552,1.8030737735428253,27.729556863196194,27.76603102684021,280.9372913092375,-729.7925865277648,0.25
42,10646.710216850042,10778.647105842829,548.8421901129186,2.471988033503295,10.570043706893923,0.034464966505765915,9.791495499014857,-1.5183577984571457,2.0207207232713706,0.02798793464899063,-6.802321234345437,engine_out,74,False,13.083484206223025,gate_miss,-7.396114384755492,17.314655287191272,engout_y0.25,1.8088304841146705,-24.865851923823357,-14.214340411126614,15.489163529127836,11.305493995995576,20,5.839296290650964,50.9170879816792,-22.05243453849107,5.51817112416029,14.679585930613156,39.25045261866907,3.8639602782204747,15.400212526321411,-237.94797845184803,716.3303816691041,0.25
62,6177.008340954781,16554.370265230536,1042.0048664323986,-5.793223444372416,-11.794749274849893,4.414042465388776,-8.285219353437425,0.012130346149206161,-10.313166484236719,-2.4872749820351605,13.78329770565033,engine_out,82,True,0.6010281714955663,land,18.343815207481384,-19.84742465429008,engout_y0.25,0.013887413391774102,-11.65540099143982,-17.93122491799295,23.252798849716783,0.7713385471090993,21,19.70515246503055,0.5867780510486232,-13.175181718543172,-7.175866641104221,0.0030578776821297026,1.803084514486699,8.263338612392545,24.94973635673523,-375.2097599208355,-167.23687034100294,0.25
38,15842.30575285852,6287.899955958128,448.7060288898647,1.9273260310292244,0.32592742145061493,-4.051823113113643,1.362048482894897,-4.448021080344916,8.803064140677453,1.6417832896113396,-11.426308250427248,engine_out,54,True,0.7872367889218386,land,-0.2939101308584213,5.480260215699673,engout_y0.25,0.05758880288180497,18.155499920248985,18.212101934477687,-1.9639768172055483,2.9140526761676324,22,-7.613111799582839,4.723420733531031,9.085378218442202,2.2678024247288704,0.08939138431053806,1.8036099857941288,23.843554133549333,11.8306725025177,362.0834983885288,153.88545412570238,0.25
70,11262.077687457204,19178.424126654863,1252.1139211952686,-2.805014748126269,-4.1754696607589725,-1.2175333611667156,-1.3443181961774826,-0.28299036249518394,6.525795972347261,-3.1675472594797616,-3.92156974375248,engine_out,75,True,0.6010257674170253,land,-22.625314304605126,-10.442076995968819,engout_y0.25,0.014178012671213287,21.84717185795307,2.8785199858248234,-17.24997879937291,0.7874719328136971,23,-12.671249452978373,0.6035508011075891,-23.4277231618762,9.026042349636555,0.003291912307556174,1.8030773022510758,14.966629328206182,28.01220941543579,668.3573937043548,-583.9006215333939,0.25
46,20887.109567672014,8883.857448622584,659.357175976038,4.938791267573834,8.908460390567782,0.8268233835697174,8.808842691779137,4.157156791538001,-5.3517663180828094,4.012674149125815,6.953092440962791,engine_out,65,False,3.8676556235824635,gate_miss,9.324513142928481,15.020654210820794,engout_y0.25,2.2819902911484222,-28.356718868017197,-1.6210824251174927,7.289283536374569,4.311934675764244,24,0.5807468667626381,18.64079942428602,-2.4830070044845343,-4.967797972261906,2.226773516229019,11.602966870747391,-0.39102100394666195,15.934858322143555,-627.03961674124,570.4385608434677,0.25
56,18756.38127744198,21657.91748225689,904.5718442648649,-4.328975021839143,-0.38411343991756475,2.6545948460698137,4.44722399711609,-2.6764840297400956,0.023356112837792153,1.1858127526938915,-8.221229651570322,engine_out,152,False,inf,no_recovery,21.358046540990472,21.519875014200807,engout_y0.25,nan,-31.139118149876595,-12.098441226407886,-23.284014873206615,nan,25,12.376862904056907,nan,-18.62473097164184,8.500842489302158,nan,nan,24.764045793563128,35.37794494628906,808.309336937964,818.8698275014758,0.25
52,3107.409017831087,3709.8974922299385,797.3275779746473,3.683191169053317,4.114262133836746,5.585564240813256,-3.6490524262189865,-4.59165207669139,13.054928076267245,-5.711658261716367,-1.6142494082450867,engine_out,195,True,0.601064121532743,land,6.063948106020689,-13.933713687583804,engout_y0.25,0.013214245045226116,-8.853617534041405,-21.57264780253172,-7.306718220934272,0.7303265954477136,26,17.434905841946602,0.5553869103387313,5.136885060928762,3.2678714767098427,0.0026934967290273156,1.803192364598229,16.108712535351515,38.0547080039978,214.57818634808064,-355.9505570679903,0.25
70,13720.793740227818,13995.814334228635,1389.4120841287076,-1.3169618099927902,-8.84533036351204,-5.974082853645087,11.454592546820642,2.968246679753066,-10.979634565114976,5.241348333656789,1.946245944499971,engine_out,121,True,0.6011758554449201,land,-13.164149317890406,12.260671891272068,engout_y0.25,0.010762349676507424,0.9375230967998505,20.412887912243605,17.269033519551158,0.7570268108649726,27,-5.344391521066427,0.6276691746817027,-9.22815767582506,-11.09804130345583,0.0057002501799963,1.8035275663347603,-1.5330077074468136,38.20797348022461,-173.34999851882458,342.49613396823406,0.25
59,2671.837640181184,18876.00056000054,973.1973187066615,0.47692645713686943,12.220154303312302,0.25544169545173645,9.956009459495547,5.689844772219659,-13.303698509931566,3.1001516617834577,-0.8097667604684826,engine_out,117,False,1.7049637790123342,gate_miss,2.885085204616189,-16.85018353164196,engout_y0.25,0.2604450783423032,-35.16736388206482,0.7152560167014599,-1.079121744260192,4.4277409343890985,28,-6.3109904527664185,10.229782674074006,-22.320041181519628,7.456474095582962,0.6589280191868909,1.8661116750267366,-0.2812654413282871,31.863913536071777,-221.43944464623928,-851.6629977151752,0.25
70,7667.845822274685,16263.978219032288,1320.8039803430438,3.4887086413800725,3.7501761585474007,-3.123201940208674,2.943065509200096,-5.960745222866536,2.691511854529381,2.472318872809411,10.735723543167115,engine_out,134,True,0.600999265916287,land,-6.440261844545603,-1.3039301615208387,engout_y0.25,0.013848428506499163,5.053958967328072,-16.96453015320003,8.369737397879362,0.758263391203363,29,0.8395515847951174,0.5876570360420396,-14.280708692967892,-9.306472107768059,0.003125798644238489,1.8029977977488612,22.92215509340167,40.705081939697266,823.8788226619363,-435.16490310430527,0.25
49,19902.97653608024,6620.287395492196,728.1649900600314,-1.167203150689602,-8.483002254366877,3.514535777270795,-10.753876706957818,1.5731524676084518,-0.28097048699855875,-1.6273822635412216,-7.252800250053407,engine_out,69,False,2.181071372750894,gate_miss,24.33147905394435,24.850782565772533,engout_y0.25,0.9795519976907858,-4.834990352392197,15.658260276541114,-17.158270068466663,5.293078810626279,30,-13.736859941855073,13.086428236505363,5.807360270991921,5.249503701925278,0.7972377609455115,2.0499249199198677,7.599622253328562,17.204238653182983,-809.0183487161994,448.5162153840065,0.25
41,12328.61633643508,4039.5003389567137,517.0461701229215,-5.972278933972121,-12.269579207897188,-5.045464541763068,13.037693381309513,1.4353925585746765,-6.33327392935753,5.644176810979844,-4.914961874485016,engine_out,57,False,1.9435625564008152,gate_miss,-19.164160266518593,-7.107778592035174,engout_y0.25,1.7686523607521876,12.87695199251175,-19.4144144654274,-23.582859430462122,4.67991541868985,31,11.312683206051588,11.661375338404891,1.858876501210034,1.2265525460243225,0.6163025170368808,4.930167432227716,-1.1655322145670652,13.877119779586792,-667.6656553521752,-173.7202288582921,0.25
64,20453.08298267424,13703.275879770517,1110.8983116224408,2.151105388998986,0.8025150060653683,4.6860604137182245,-6.116278070211411,-3.010476373136044,5.157540428638459,-5.174055755138398,5.922892248630525,engine_out,124,True,0.6010247357866147,land,12.19823881983757,18.35113186389208,engout_y0.25,0.013843878998645514,-16.992389634251595,19.841753039509058,1.1210182681679726,0.7468201017835442,32,-24.20846540480852,0.5912409326723367,-10.333694037981331,-8.40791268646717,0.003235878259471277,1.8030742073598442,16.218497479334474,35.096627712249756,624.6551832184196,187.17453461140394,0.25
44,7323.295364901423,11725.070190280676,591.0008524544537,-2.960675653070212,-3.695807245373727,2.083216018974782,5.592300090193749,-1.1639256700873375,10.113722142577174,0.7010002322494984,13.04267325103283,engine_out,68,True,0.6010444664673124,land,14.869837975129485,-22.763466089963913,engout_y0.25,0.0037908582675903247,-22.990580424666405,10.56281286291778,17.165024438872933,0.73105391540922,33,-5.84132862277329,1.0291279837630771,-4.008644060231745,-3.1731102615594864,0.0321156882842445,1.803133399401937,24.100425692275167,15.169916152954102,370.1887182891369,-650.1487199217081,0.25
67,15328.511490523815,21357.640474662185,1183.2366828806698,5.1390844881534585,8.427040323615074,-1.6955501921474934,-13.055064412951472,3.302222192287446,-8.601698049902918,-1.1714860908687115,-12.260209634900095,engine_out,290,True,0.6009953767214976,land,-3.1803651247173548,2.5619360152632,engout_y0.25,0.008829704004660084,27.11550161242485,-9.549534833058715,-8.375059487298131,0.3390880918077394,34,18.7386489007622,0.30297492897322803,-17.517072982154787,11.004933714866638,0.0009181759210986474,1.8029861301644927,6.421322027221322,72.43514037132263,-355.23930564522743,663.4941514581442,0.25
47,22328.18064287305,5974.281185418367,681.5406174398959,-1.6187670081853867,-14.376739025115969,-5.753404028713704,11.998793148994448,-4.796805549412967,0.6960002213716514,2.1289556957781324,4.729144656658175,engine_out,59,True,0.6013527970274221,land,20.40802938863635,-9.403406688943505,engout_y0.25,0.05173746720854262,18.782985135912895,-7.016806863248348,-3.6386726424098015,2.1861714286048413,35,7.61060263030231,2.7479228517251912,-8.964815214276314,-0.3004319965839386,0.02615301602376698,1.8040583910822663,10.821943660266697,17.38282060623169,-267.5803665071726,-312.59431801736355,0.25
69,10448.555554822087,15603.003060147166,1223.8208175636828,5.250706840306521,2.4719795107841485,5.386153366416694,-5.298918002843857,2.6694799549877652,-2.220219996571542,-2.783828850835562,-5.975224292278291,engine_out,92,True,0.6009998739782302,land,-10.174246225506067,14.395353477448225,engout_y0.25,0.01384368714932624,-11.035020649433136,7.248849701136351,21.803731378167868,0.7611594388187587,36,-19.712906843051314,0.5865260192494185,4.870471702888608,8.208291605114937,0.0030970650738449657,1.8029996219346907,20.21365210134536,32.98094630241394,226.25607512891293,326.04876793920994,0.25
61,5403.085619807243,18227.33062312007,1020.9001062437892,2.2621733285486707,9.922508856654169,-2.493943423032761,-12.297469970583919,-2.9401854760944848,12.832846158742907,-3.6561961323022847,12.29233386218548,engine_out,106,True,0.6008858547958412,land,5.1113075111061335,4.953426448628306,engout_y0.25,0.045534600242938386,21.224123015999794,-21.959716035053134,-12.694247951731086,1.3262846106341866,37,12.681209482252598,3.435710556238456,-6.471205148845911,-11.556108087301254,0.05573928175610857,1.8026575643875236,3.1978269638493657,30.529157638549805,-523.8115472719073,749.6201729401946,0.25
70,12913.448968604207,20706.54801517725,1360.8512761071324,4.115590743720532,14.205173403024677,0.9574084393680096,7.338603901863099,-0.07800287380814552,8.116343691945076,1.0841007828712463,0.7363070100545883,engine_out,147,True,0.601082697883173,land,-0.9082040283828974,-12.894184421747923,engout_y0.25,0.02737696210725615,-31.766144409775734,13.112109247595072,-21.796930627897382,1.6002294288951613,38,-12.368333665654063,1.3639317857071727,-2.7622711891308427,-6.155288457870483,0.01218330793940728,1.8032480936495192,3.7139815045520663,41.80502486228943,-727.8689162805676,-547.6094149053097,0.25
53,4552.1855445206165,11069.18113000691,819.2416103556752,-0.24753614142537117,-2.302116876840591,-1.3224677368998528,-0.5086506307125092,4.456032279878856,-10.542814376950265,-0.054410845041275024,-2.8819815784692775,engine_out,71,True,0.6010158312420643,land,17.343730991706252,11.637756181880832,engout_y0.25,0.01476272851259722,38.420665860176086,-13.63709643483162,3.6334919277578592,0.6230571678288228,39,24.470649799332023,0.7127653805955754,-23.14298482146114,1.9755033105611801,0.005823793479551906,1.8030474937261929,27.321643638424575,19.266018867492676,686.6198373958468,561.0714890062809,0.25
55,17988.634710907936,13044.72309269011,883.7359686382115,1.1039853170514107,5.800206854939461,-3.9256780296564107,0.3854255765676502,0.3695538081228733,-4.6726256847381595,4.581388045102359,-10.6684232711792,engine_out,80,True,0.6010405011112755,land,8.321040868759155,-3.6959747318178415,engout_y0.25,0.014524144227184493,1.5673728287220001,-4.3582511600106955,12.650777958333492,0.8109527884015424,40,5.335206165909767,0.625601264919291,9.91148826200515,10.256081745028496,0.003682451634616076,1.8031215033338266,19.698567460291088,21.51422142982483,97.28994369506836,-64.21820428222418,0.25
34,9587.107338532805,3395.9358030557632,342.6500369794667,-3.235524538904429,-10.095337638258936,4.307689402252437,-7.967776939272881,-4.18439406529069,6.761926764249804,-5.6114456467330465,7.397336554527286,engine_out,59,False,4.492414973127384,gate_miss,-23.230120167136192,20.993900205940008,engout_y0.25,0.326632745303556,-8.231330439448357,3.247325448319316,-12.065462488681078,4.627925631318674,41,-17.43903672322631,23.69018029627625,-14.006765787489712,-5.425612986087799,2.6755723966657183,13.477244919382153,-4.131659862585366,11.427135467529297,-84.09505784511566,77.56969425827265,0.25
70,16149.521132409573,7521.703257411718,1238.4309377521276,-5.455043926835061,11.545185068249705,-3.5042988695204262,-4.3462434142827995,2.474756721407176,3.510852652788163,3.560406558215619,14.185972005128864,engine_out,79,True,0.6009985088127546,land,9.56645030528307,6.989066489040852,engout_y0.25,0.013851157582422672,-14.715143963694572,4.948598751798272,-22.403876250609756,0.7608055986554638,42,3.6655712872743607,0.5869218328100627,-4.478238048031926,5.707261651754379,0.003101408607749174,1.8029955264382638,26.706341959536076,28.625089406967163,-24.30139370262623,-6.207999587059021,0.25
46,6524.3772833794355,17812.882407531142,662.3294349759817,1.820191640406847,-1.4262533515691764,3.121754430234433,11.14982976615429,-4.988782826811076,-1.1983089566230767,-4.4057151451706895,-10.918401235342028,engine_out,65,True,0.6025294591412168,land,-21.203854121267796,-17.64662633650005,engout_y0.25,0.04844762343831837,15.080889016389847,-6.181424157693982,3.06922416202724,1.6658545293694358,43,-15.794224198907614,2.79661547579547,-17.18566594645381,-9.78327302634716,0.02918240468620176,1.8075883774236505,4.903366833925247,16.48155403137207,37.55262605845928,19.559338688850403,0.25
61,21234.473910704255,5085.463097020984,1036.3176955841482,-2.4430787265300755,4.87515204548836,0.6126603484153748,-11.357429605722428,-2.3673297800123696,-14.242131105065347,2.8784747086465368,-4.306586953997613,engine_out,136,False,2.008268366971772,gate_miss,-6.010510446503758,22.48572283424437,engout_y0.25,0.45358803268100223,24.906672835350037,-14.871232490986586,18.341999035328627,2.0624038207189863,44,-10.698758391663432,12.04961020183063,2.8775006905198097,-1.5166106075048447,0.360146100396604,2.2388660303428596,-3.7157439962029457,34.91253328323364,739.3274607136846,-479.0521977469325,0.25
52,19081.050634905696,12866.224575042725,799.7620637528598,0.05198802798986435,-11.594555202126504,1.6911386623978615,-1.4899989455938343,3.9005952961742887,9.140560680627825,5.331822495907546,9.292717328667642,engine_out,61,False,4.081267914468229,gate_miss,-17.994406772777438,15.998186031356454,engout_y0.25,0.766469025123435,37.08429075777531,-23.749847197905183,-3.0379259027540684,4.7955703868226065,45,-2.2222393192350864,24.487607486809374,-15.98290994297713,11.85819947719574,0.350197630022838,2.101682551807248,21.403004115447402,17.442188501358032,-471.0494013503194,-685.2972317487001,0.25
70,8467.699465453625,2586.166039481759,1376.2668575160205,-3.9170958884060387,1.4775460928678523,-2.0758744664490227,8.156475922465326,-0.6358196027576923,-7.725656211376191,-4.861697126179934,-8.725565251708032,engine_out,180,True,0.6010370997796813,land,0.05722087807953358,-7.904317602515221,engout_y0.25,0.016247086089748966,-33.124492317438126,24.884991766884923,22.374007292091846,0.7505535254274873,46,14.35088012367487,0.7711849239041366,7.644811156205833,-4.010262742638588,0.006750831711604342,1.8031112993390441,10.206608666107059,52.135908365249634,484.2108367010951,698.6426901072264,0.25
33,14006.549485772848,20371.15837879479,323.4408460557461,3.0634082928299913,-4.8208383321762085,-4.675788816064597,-8.933634477853776,-4.007409978657962,-5.46426285803318,0.3343522623181343,-1.211598283052444,engine_out,37,False,2.032317534619114,gate_miss,22.287965659052134,0.19678305834531784,engout_y0.25,0.3239654847478821,-6.892537176609039,8.77330880612135,6.41008079983294,3.594548734670124,47,9.255319787189364,12.193905207714684,-21.16683675441891,-7.752389386296272,0.0917135218994519,1.8660953886019966,1.2934633996337652,9.364082336425781,285.99435836076736,-265.13244677335024,0.25
40,10162.806783765554,19396.4599262923,497.69298899918795,-2.1214206553995614,12.77017784714699,5.171982463449241,0.6330596655607224,-3.884344976395369,-7.505317836999894,-3.9172958694398408,5.240563005208969,engine_out,227,False,inf,no_recovery,1.0592379607260227,23.135294672101736,engout_y1.5,nan,16.955235451459885,19.0353250131011,4.51172012835741,nan,0,15.783858671784401,nan,-0.22914819419384003,10.81572874635458,nan,nan,25.123582079075277,30.41765832901001,-113.55709210038185,-417.47618559747934,1.5
60,22003.51373590529,9733.150017410517,988.4210484102368,5.99024210125208,-3.1153085768222812,-4.784041263163091,-7.2134568303823485,0.5851454548537731,9.803853964805604,3.262239608913661,-5.569043809175492,engine_out,400,False,inf,no_recovery,-17.38814590498805,-3.1025650445371866,engout_y1.5,nan,-12.838575467467308,-20.21931642666459,-20.723187271505594,nan,1,-3.6693564616143703,nan,-21.430216832086444,-3.7398790642619133,nan,nan,5.3820998733863235,88.27399373054504,154.83968183398247,404.02188654989004,1.5
68,16958.004743754864,7296.555628404021,1198.2591574080288,2.978590093553067,-9.72909208238125,1.5873269028961658,-0.2570648968219764,-0.4775525741279125,-6.135135957598687,2.3915318995714197,11.910821118950846,engine_out,400,False,inf,no_recovery,23.286500992253423,-18.562558572739363,engout_y1.5,nan,23.027891218662262,9.954748721793294,13.530180463567376,nan,2,10.701672872528434,nan,-15.172692481428385,1.0465024933218956,nan,nan,17.241653374396265,103.14723539352417,-874.2735872045159,883.9110676199198,1.5
54,4204.81905259192,4797.610537484288,850.7191375829279,4.126091245561839,-12.605506896972658,-0.024181567132472992,5.2013723105192184,-2.490366127341986,-1.4327234566211704,-4.9621393382549295,0.23548960983753275,engine_out,300,False,inf,no_recovery,-20.647471072152257,0.8441607933491468,engout_y1.5,nan,-34.995635598897934,-0.3377179615199566,20.728640956804156,nan,3,-14.346344117075205,nan,-11.49883943144232,4.664905361831188,nan,nan,21.882743866182864,56.761711835861206,-574.27844312042,-638.3940210565925,1.5
70,9279.889734685421,12311.157532930374,1335.8260614797473,1.1375099010765553,-6.949786081910134,3.3441967405378827,12.196765601634983,2.4102219007909307,12.270349618792537,-1.466168325394392,-10.156986898183824,engine_out,339,False,inf,no_recovery,13.973918743431568,16.54871804639697,engout_y1.5,nan,4.796457514166832,16.559293726459146,-13.572303391993046,nan,4,21.38028289191425,nan,-16.35405260603875,-2.7245056852698326,nan,nan,0.7419531503692269,80.12726998329163,421.82103730738163,-211.18331775069237,1.5
54,17641.272818371654,21955.000400319695,846.3124645873904,-3.5066860467195515,9.895026728510857,-3.705516859889031,-4.705873757600784,-5.146929647773505,-13.55720934569836,0.4362938292324543,7.8035127460956595,engine_out,373,False,inf,no_recovery,-5.445306934416294,-8.822443941608071,engout_y1.5,nan,-5.016655921936035,-16.058918880298734,11.03414474055171,nan,5,-9.26425433717668,nan,-5.304377232678235,6.910327546298504,nan,nan,14.29491647426039,70.18360376358032,-435.0036319345236,197.83199205994606,1.5
70,14520.575602725148,5378.0021169781685,1307.123094983399,0.27645403146743774,-11.119725215435029,-0.8253758959472179,6.240275117754937,3.6524765118956575,5.7200370222330115,-2.8523608110845093,-0.41438388526439596,engine_out,400,False,inf,no_recovery,19.4983568508178,3.1394968274980783,engout_y1.5,nan,-38.38335685431957,-12.733014021068811,0.04782923497259617,nan,6,-16.876669647172093,nan,3.9830109756439924,-5.989520765841007,nan,nan,18.659298038110137,99.86724090576172,-290.6549245119095,-773.7383767962456,1.5
49,2285.554897338152,15015.834709480405,731.1393471434712,-4.098394419997931,1.0009581327438362,1.2072964310646057,-12.912024459242822,-0.9048121422529221,-4.420763602852823,2.006873432546855,3.232366588711738,engine_out,239,False,inf,no_recovery,-12.44984338991344,-20.607367157936096,engout_y1.5,nan,31.727617532014847,14.014665596187115,-24.460890935733914,nan,7,3.9930856321007013,nan,-7.936095725744963,10.063878424465656,nan,nan,-3.1085507441312075,42.38821077346802,333.69882702827454,760.2762892842293,1.5
59,19516.698845028877,7821.979699507356,967.508049774915,3.264479711651803,-5.300500372052193,4.044515512883664,13.182934033870698,-3.5450778454542164,-9.389194643497468,-3.481463715434075,10.343797928094865,engine_out,297,False,inf,no_recovery,-15.21609527990222,12.692097760736942,engout_y1.5,nan,8.269709944725037,3.957620682194829,-9.255016315728426,nan,8,22.347297053784132,nan,-5.585936717689037,1.798314280807972,nan,nan,4.737090131267905,65.38174605369568,471.22273575514555,-300.83838533610106,1.5
36,7399.539191350341,17470.610119700432,392.0475115068257,-1.0867459885776043,7.783436331152917,-4.409665647894145,-5.463472491502763,0.9856147393584251,7.976211816072464,4.326583430171014,-7.750403183698655,engine_out,292,False,inf,no_recovery,3.4200028516352177,-11.214226437732577,engout_y1.5,nan,-1.6045240312814713,-3.6525333765894175,16.089957766234875,nan,9,-9.462198801338673,nan,-20.4615121986717,-6.710773028433323,nan,nan,26.282374707981944,47.67779469490051,-486.23476792126894,287.48688865453005,1.5
44,20088.264473229647,20031.669628173113,593.4374363161623,-5.279653362929822,11.17626344561577,5.966741278767587,3.250460931658747,1.9728581383824348,14.042605224251748,-0.30834710597991943,-5.3068831980228435,engine_out,367,False,inf,no_recovery,-2.941662259399891,19.179206155240536,engout_y1.5,nan,11.072327867150307,6.6392626613378525,24.41891273483634,nan,10,15.585818188264966,nan,-24.442740376107395,-11.765271909534931,nan,nan,13.392282076179981,66.98561668395996,-737.3139364644885,-109.8113302141428,1.5
67,12083.014342263341,10402.486947104335,1170.0935543514788,1.6015420518815517,-1.059089487791061,-5.581152733415366,-10.052288398146631,-5.469807296991349,-11.841188183426858,0.7782850563526154,5.425271290540696,engine_out,400,False,inf,no_recovery,16.288050450384617,-5.3985032718628645,engout_y1.5,nan,-18.821513801813126,-7.6279195956885815,-0.004228018224239349,nan,11,-2.702246094122529,nan,-1.6032403381541371,3.9160591140389442,nan,nan,2.1584943532943726,126.86631155014038,780.4465698078275,96.35688029229641,1.5
41,15082.904444560409,12533.8377764076,529.6144155785441,-2.2910770252346997,5.239238181710245,-2.653113383799792,10.653639256954193,-2.0796789228916173,-3.318467080593109,-5.25277091190219,13.438058701157573,engine_out,235,False,inf,no_recovery,6.484492821618915,9.932210156694055,engout_y1.5,nan,-21.18575006723404,-22.763089137151837,-16.08455046080053,nan,12,-21.056553721427917,nan,-12.70491807255894,7.65928403288126,nan,nan,9.782611541450024,41.518829584121704,17.96543262898922,-529.9220385029912,1.5
64,6958.481907248497,2876.557444781065,1104.6725807711482,4.613372068852187,-7.720361396670342,2.285771884024144,-3.043162089586259,5.38985724002123,1.0040015280246735,4.782468158751727,-11.745082649588586,engine_out,400,False,inf,no_recovery,-24.482710333541036,-14.705765619874,engout_y1.5,nan,28.94498459994793,22.360368678346276,9.247989533469081,nan,13,8.171443361788988,nan,8.750364207662642,-0.47187573462724686,nan,nan,21.236949309706688,126.35655665397644,-32.90225900709629,516.5766773745418,1.5
50,18106.11516289413,8277.18818306923,750.3649826161563,3.8999166190624246,13.89514016211033,-1.5887618958950043,-13.892820185422899,-1.4745317995548248,4.923044818639756,-4.231898970901967,-9.871623972058298,engine_out,290,False,inf,no_recovery,11.586870765313506,-0.7801487110555172,engout_y1.5,nan,33.083522245287895,24.12891718558967,18.782622553408146,nan,14,-19.210247695446014,nan,-18.34437631070614,0.020373724400997162,nan,nan,2.3166156066581607,63.41181969642639,-85.60845404863358,-468.3957528322935,1.5
70,8837.138950526714,18557.09475018084,1292.4943829886615,-0.08088886365294456,-1.9903258770704273,1.9566821940243244,7.061109638214113,3.085504241287709,-7.010752129554749,3.576835535466672,8.175132510066035,engine_out,377,False,inf,no_recovery,-20.161069789901376,23.913535056635737,engout_y1.5,nan,-37.044542133808136,-24.5074478443712,-5.6954012252390385,nan,15,6.300374586135149,nan,-3.1782699655741453,-7.9269459173083305,nan,nan,11.74571533780545,116.41853976249695,70.72771936655045,455.0502944737673,1.5
58,3722.45076097548,15945.423320233822,952.0754747092724,-3.0923576764762406,-10.404054397344591,-5.176347501575948,14.015743812918664,-3.356192976236344,10.798561933636666,2.7573086880147466,-1.908051931858063,engine_out,333,False,inf,no_recovery,14.261951297521591,8.306300174444914,engout_y1.5,nan,6.933351531624794,7.818869594484568,9.85498265363276,nan,16,-0.8313084486871958,nan,1.5753481350839138,11.273486696183681,nan,nan,11.229760381393135,85.80138659477234,-677.5749357417226,31.314956210553646,1.5
66,16491.62846416235,13384.36780795455,1154.6588566154242,-1.8029494509100914,-13.730523875355722,3.712870929390193,-9.099068087339402,-5.650247856974603,11.450528115034103,-4.502473790198565,-13.864530444145204,engine_out,332,False,inf,no_recovery,-17.096293810755014,-22.24054210819304,engout_y1.5,nan,-15.121857300400734,-5.32616819255054,5.67792053334415,nan,17,24.218330066651106,nan,6.616405374370515,6.250409714877605,nan,nan,-4.755151043646038,104.66477870941162,-545.9728030487895,-246.3455893099308,1.5
45,5522.727333828807,3093.3455272763968,612.9319604486227,5.484007682651282,1.827522334456443,-3.348618641495705,2.404466915130616,1.790036402642727,-12.640269184112551,5.531987797468902,11.267619752883913,engine_out,206,False,inf,no_recovery,2.321495395153761,1.6223049722611904,engout_y1.5,nan,14.754894375801086,5.802329024299979,-18.763709580525756,nan,18,-11.3084452226758,nan,-15.095227821730077,-2.068982385098934,nan,nan,18.817385730333626,44.59775471687317,531.0162188485265,232.99423679709435,1.5
64,21497.518742457032,21039.08783785999,1090.0458767078817,-4.791347779333592,-6.274748289585114,-0.4172833487391472,-2.10543255507946,5.941839180886746,-0.49468906223773956,-1.057866744697094,3.980822691321375,engine_out,400,False,inf,no_recovery,23.7706093583256,-6.4879137091338634,engout_y1.5,nan,25.242909938097,15.276440512388945,-9.8252447322011,nan,19,-18.747643055394292,nan,0.5307234497740865,-10.349927388131618,nan,nan,27.729556863196194,89.64192295074463,280.9372913092375,-729.7925865277648,1.5
42,10646.710216850042,10778.647105842829,548.8421901129186,2.471988033503295,10.570043706893923,0.034464966505765915,9.791495499014857,-1.5183577984571457,2.0207207232713706,0.02798793464899063,-6.802321234345437,engine_out,377,False,inf,no_recovery,-7.396114384755492,17.314655287191272,engout_y1.5,nan,-24.865851923823357,-14.214340411126614,15.489163529127836,nan,20,5.839296290650964,nan,-22.05243453849107,5.51817112416029,nan,nan,3.8639602782204747,54.907203674316406,-237.94797845184803,716.3303816691041,1.5
62,6177.008340954781,16554.370265230536,1042.0048664323986,-5.793223444372416,-11.794749274849893,4.414042465388776,-8.285219353437425,0.012130346149206161,-10.313166484236719,-2.4872749820351605,13.78329770565033,engine_out,391,False,inf,no_recovery,18.343815207481384,-19.84742465429008,engout_y1.5,nan,-11.65540099143982,-17.93122491799295,23.252798849716783,nan,21,19.70515246503055,nan,-13.175181718543172,-7.175866641104221,nan,nan,8.263338612392545,83.41764807701111,-375.2097599208355,-167.23687034100294,1.5
38,15842.30575285852,6287.899955958128,448.7060288898647,1.9273260310292244,0.32592742145061493,-4.051823113113643,1.362048482894897,-4.448021080344916,8.803064140677453,1.6417832896113396,-11.426308250427248,engine_out,207,False,inf,no_recovery,-0.2939101308584213,5.480260215699673,engout_y1.5,nan,18.155499920248985,18.212101934477687,-1.9639768172055483,nan,22,-7.613111799582839,nan,9.085378218442202,2.2678024247288704,nan,nan,23.843554133549333,26.98194408416748,362.0834983885288,153.88545412570238,1.5
70,11262.077687457204,19178.424126654863,1252.1139211952686,-2.805014748126269,-4.1754696607589725,-1.2175333611667156,-1.3443181961774826,-0.28299036249518394,6.525795972347261,-3.1675472594797616,-3.92156974375248,engine_out,400,False,inf,no_recovery,-22.625314304605126,-10.442076995968819,engout_y1.5,nan,21.84717185795307,2.8785199858248234,-17.24997879937291,nan,23,-12.671249452978373,nan,-23.4277231618762,9.026042349636555,nan,nan,14.966629328206182,103.42388844490051,668.3573937043548,-583.9006215333939,1.5
46,20887.109567672014,8883.857448622584,659.357175976038,4.938791267573834,8.908460390567782,0.8268233835697174,8.808842691779137,4.157156791538001,-5.3517663180828094,4.012674149125815,6.953092440962791,engine_out,208,False,inf,no_recovery,9.324513142928481,15.020654210820794,engout_y1.5,nan,-28.356718868017197,-1.6210824251174927,7.289283536374569,nan,24,0.5807468667626381,nan,-2.4830070044845343,-4.967797972261906,nan,nan,-0.39102100394666195,37.21271085739136,-627.03961674124,570.4385608434677,1.5
56,18756.38127744198,21657.91748225689,904.5718442648649,-4.328975021839143,-0.38411343991756475,2.6545948460698137,4.44722399711609,-2.6764840297400956,0.023356112837792153,1.1858127526938915,-8.221229651570322,engine_out,400,False,inf,no_recovery,21.358046540990472,21.519875014200807,engout_y1.5,nan,-31.139118149876595,-12.098441226407886,-23.284014873206615,nan,25,12.376862904056907,nan,-18.62473097164184,8.500842489302158,nan,nan,24.764045793563128,77.17280602455139,808.309336937964,818.8698275014758,1.5
52,3107.409017831087,3709.8974922299385,797.3275779746473,3.683191169053317,4.114262133836746,5.585564240813256,-3.6490524262189865,-4.59165207669139,13.054928076267245,-5.711658261716367,-1.6142494082450867,engine_out,206,False,inf,no_recovery,6.063948106020689,-13.933713687583804,engout_y1.5,nan,-8.853617534041405,-21.57264780253172,-7.306718220934272,nan,26,17.434905841946602,nan,5.136885060928762,3.2678714767098427,nan,nan,16.108712535351515,37.55808973312378,214.57818634808064,-355.9505570679903,1.5
70,13720.793740227818,13995.814334228635,1389.4120841287076,-1.3169618099927902,-8.84533036351204,-5.974082853645087,11.454592546820642,2.968246679753066,-10.979634565114976,5.241348333656789,1.946245944499971,engine_out,400,False,inf,no_recovery,-13.164149317890406,12.260671891272068,engout_y1.5,nan,0.9375230967998505,20.412887912243605,17.269033519551158,nan,27,-5.344391521066427,nan,-9.22815767582506,-11.09804130345583,nan,nan,-1.5330077074468136,94.90819954872131,-173.34999851882458,342.49613396823406,1.5
59,2671.837640181184,18876.00056000054,973.1973187066615,0.47692645713686943,12.220154303312302,0.25544169545173645,9.956009459495547,5.689844772219659,-13.303698509931566,3.1001516617834577,-0.8097667604684826,engine_out,400,False,inf,no_recovery,2.885085204616189,-16.85018353164196,engout_y1.5,nan,-35.16736388206482,0.7152560167014599,-1.079121744260192,nan,28,-6.3109904527664185,nan,-22.320041181519628,7.456474095582962,nan,nan,-0.2812654413282871,76.38702917098999,-221.43944464623928,-851.6629977151752,1.5
70,7667.845822274685,16263.978219032288,1320.8039803430438,3.4887086413800725,3.7501761585474007,-3.123201940208674,2.943065509200096,-5.960745222866536,2.691511854529381,2.472318872809411,10.735723543167115,engine_out,400,False,inf,no_recovery,-6.440261844545603,-1.3039301615208387,engout_y1.5,nan,5.053958967328072,-16.96453015320003,8.369737397879362,nan,29,0.8395515847951174,nan,-14.280708692967892,-9.306472107768059,nan,nan,22.92215509340167,94.87340044975281,823.8788226619363,-435.16490310430527,1.5
49,19902.97653608024,6620.287395492196,728.1649900600314,-1.167203150689602,-8.483002254366877,3.514535777270795,-10.753876706957818,1.5731524676084518,-0.28097048699855875,-1.6273822635412216,-7.252800250053407,engine_out,273,False,inf,no_recovery,24.33147905394435,24.850782565772533,engout_y1.5,nan,-4.834990352392197,15.658260276541114,-17.158270068466663,nan,30,-13.736859941855073,nan,5.807360270991921,5.249503701925278,nan,nan,7.599622253328562,46.127909898757935,-809.0183487161994,448.5162153840065,1.5
41,12328.61633643508,4039.5003389567137,517.0461701229215,-5.972278933972121,-12.269579207897188,-5.045464541763068,13.037693381309513,1.4353925585746765,-6.33327392935753,5.644176810979844,-4.914961874485016,engine_out,181,False,inf,no_recovery,-19.164160266518593,-7.107778592035174,engout_y1.5,nan,12.87695199251175,-19.4144144654274,-23.582859430462122,nan,31,11.312683206051588,nan,1.858876501210034,1.2265525460243225,nan,nan,-1.1655322145670652,29.249046802520752,-667.6656553521752,-173.7202288582921,1.5
64,20453.08298267424,13703.275879770517,1110.8983116224408,2.151105388998986,0.8025150060653683,4.6860604137182245,-6.116278070211411,-3.010476373136044,5.157540428638459,-5.174055755138398,5.922892248630525,engine_out,324,False,inf,no_recovery,12.19823881983757,18.35113186389208,engout_y1.5,nan,-16.992389634251595,19.841753039509058,1.1210182681679726,nan,32,-24.20846540480852,nan,-10.333694037981331,-8.40791268646717,nan,nan,16.218497479334474,79.71963787078857,624.6551832184196,187.17453461140394,1.5
44,7323.295364901423,11725.070190280676,591.0008524544537,-2.960675653070212,-3.695807245373727,2.083216018974782,5.592300090193749,-1.1639256700873375,10.113722142577174,0.7010002322494984,13.04267325103283,engine_out,198,False,inf,no_recovery,14.869837975129485,-22.763466089963913,engout_y1.5,nan,-22.990580424666405,10.56281286291778,17.165024438872933,nan,33,-5.84132862277329,nan,-4.008644060231745,-3.1731102615594864,nan,nan,24.100425692275167,35.22470450401306,370.1887182891369,-650.1487199217081,1.5
67,15328.511490523815,21357.640474662185,1183.2366828806698,5.1390844881534585,8.427040323615074,-1.6955501921474934,-13.055064412951472,3.302222192287446,-8.601698049902918,-1.1714860908687115,-12.260209634900095,engine_out,400,False,inf,no_recovery,-3.1803651247173548,2.5619360152632,engout_y1.5,nan,27.11550161242485,-9.549534833058715,-8.375059487298131,nan,34,18.7386489007622,nan,-17.517072982154787,11.004933714866638,nan,nan,6.421322027221322,107.9504611492157,-355.23930564522743,663.4941514581442,1.5
47,22328.18064287305,5974.281185418367,681.5406174398959,-1.6187670081853867,-14.376739025115969,-5.753404028713704,11.998793148994448,-4.796805549412967,0.6960002213716514,2.1289556957781324,4.729144656658175,engine_out,252,False,inf,no_recovery,20.40802938863635,-9.403406688943505,engout_y1.5,nan,18.782985135912895,-7.016806863248348,-3.6386726424098015,nan,35,7.61060263030231,nan,-8.964815214276314,-0.3004319965839386,nan,nan,10.821943660266697,46.19335412979126,-267.5803665071726,-312.59431801736355,1.5
69,10448.555554822087,15603.003060147166,1223.8208175636828,5.250706840306521,2.4719795107841485,5.386153366416694,-5.298918002843857,2.6694799549877652,-2.220219996571542,-2.783828850835562,-5.975224292278291,engine_out,292,False,inf,no_recovery,-10.174246225506067,14.395353477448225,engout_y1.5,nan,-11.035020649433136,7.248849701136351,21.803731378167868,nan,36,-19.712906843051314,nan,4.870471702888608,8.208291605114937,nan,nan,20.21365210134536,80.69817924499512,226.25607512891293,326.04876793920994,1.5
61,5403.085619807243,18227.33062312007,1020.9001062437892,2.2621733285486707,9.922508856654169,-2.493943423032761,-12.297469970583919,-2.9401854760944848,12.832846158742907,-3.6561961323022847,12.29233386218548,engine_out,400,False,inf,no_recovery,5.1113075111061335,4.953426448628306,engout_y1.5,nan,21.224123015999794,-21.959716035053134,-12.694247951731086,nan,37,12.681209482252598,nan,-6.471205148845911,-11.556108087301254,nan,nan,3.1978269638493657,112.69965553283691,-523.8115472719073,749.6201729401946,1.5
70,12913.448968604207,20706.54801517725,1360.8512761071324,4.115590743720532,14.205173403024677,0.9574084393680096,7.338603901863099,-0.07800287380814552,8.116343691945076,1.0841007828712463,0.7363070100545883,engine_out,400,False,inf,no_recovery,-0.9082040283828974,-12.894184421747923,engout_y1.5,nan,-31.766144409775734,13.112109247595072,-21.796930627897382,nan,38,-12.368333665654063,nan,-2.7622711891308427,-6.155288457870483,nan,nan,3.7139815045520663,115.95789694786072,-727.8689162805676,-547.6094149053097,1.5
53,4552.1855445206165,11069.18113000691,819.2416103556752,-0.24753614142537117,-2.302116876840591,-1.3224677368998528,-0.5086506307125092,4.456032279878856,-10.542814376950265,-0.054410845041275024,-2.8819815784692775,engine_out,341,False,inf,no_recovery,17.343730991706252,11.637756181880832,engout_y1.5,nan,38.420665860176086,-13.63709643483162,3.6334919277578592,nan,39,24.470649799332023,nan,-23.14298482146114,1.9755033105611801,nan,nan,27.321643638424575,68.67347598075867,686.6198373958468,561.0714890062809,1.5
55,17988.634710907936,13044.72309269011,883.7359686382115,1.1039853170514107,5.800206854939461,-3.9256780296564107,0.3854255765676502,0.3695538081228733,-4.6726256847381595,4.581388045102359,-10.6684232711792,engine_out,400,False,inf,no_recovery,8.321040868759155,-3.6959747318178415,engout_y1.5,nan,1.5673728287220001,-4.3582511600106955,12.650777958333492,nan,40,5.335206165909767,nan,9.91148826200515,10.256081745028496,nan,nan,19.698567460291088,88.92056846618652,97.28994369506836,-64.21820428222418,1.5
34,9587.107338532805,3395.9358030557632,342.6500369794667,-3.235524538904429,-10.095337638258936,4.307689402252437,-7.967776939272881,-4.18439406529069,6.761926764249804,-5.6114456467330465,7.397336554527286,engine_out,250,False,inf,no_recovery,-23.230120167136192,20.993900205940008,engout_y1.5,nan,-8.231330439448357,3.247325448319316,-12.065462488681078,nan,41,-17.43903672322631,nan,-14.006765787489712,-5.425612986087799,nan,nan,-4.131659862585366,33.99505257606506,-84.09505784511566,77.56969425827265,1.5
70,16149.521132409573,7521.703257411718,1238.4309377521276,-5.455043926835061,11.545185068249705,-3.5042988695204262,-4.3462434142827995,2.474756721407176,3.510852652788163,3.560406558215619,14.185972005128864,engine_out,400,False,inf,no_recovery,9.56645030528307,6.989066489040852,engout_y1.5,nan,-14.715143963694572,4.948598751798272,-22.403876250609756,nan,42,3.6655712872743607,nan,-4.478238048031926,5.707261651754379,nan,nan,26.706341959536076,117.96634984016418,-24.30139370262623,-6.207999587059021,1.5
46,6524.3772833794355,17812.882407531142,662.3294349759817,1.820191640406847,-1.4262533515691764,3.121754430234433,11.14982976615429,-4.988782826811076,-1.1983089566230767,-4.4057151451706895,-10.918401235342028,engine_out,137,False,inf,no_recovery,-21.203854121267796,-17.64662633650005,engout_y1.5,nan,15.080889016389847,-6.181424157693982,3.06922416202724,nan,43,-15.794224198907614,nan,-17.18566594645381,-9.78327302634716,nan,nan,4.903366833925247,30.521791458129883,37.55262605845928,19.559338688850403,1.5
61,21234.473910704255,5085.463097020984,1036.3176955841482,-2.4430787265300755,4.87515204548836,0.6126603484153748,-11.357429605722428,-2.3673297800123696,-14.242131105065347,2.8784747086465368,-4.306586953997613,engine_out,400,False,inf,no_recovery,-6.010510446503758,22.48572283424437,engout_y1.5,nan,24.906672835350037,-14.871232490986586,18.341999035328627,nan,44,-10.698758391663432,nan,2.8775006905198097,-1.5166106075048447,nan,nan,-3.7157439962029457,93.51810479164124,739.3274607136846,-479.0521977469325,1.5
52,19081.050634905696,12866.224575042725,799.7620637528598,0.05198802798986435,-11.594555202126504,1.6911386623978615,-1.4899989455938343,3.9005952961742887,9.140560680627825,5.331822495907546,9.292717328667642,engine_out,275,False,inf,no_recovery,-17.994406772777438,15.998186031356454,engout_y1.5,nan,37.08429075777531,-23.749847197905183,-3.0379259027540684,nan,45,-2.2222393192350864,nan,-15.98290994297713,11.85819947719574,nan,nan,21.403004115447402,56.64841175079346,-471.0494013503194,-685.2972317487001,1.5
70,8467.699465453625,2586.166039481759,1376.2668575160205,-3.9170958884060387,1.4775460928678523,-2.0758744664490227,8.156475922465326,-0.6358196027576923,-7.725656211376191,-4.861697126179934,-8.725565251708032,engine_out,382,False,inf,no_recovery,0.05722087807953358,-7.904317602515221,engout_y1.5,nan,-33.124492317438126,24.884991766884923,22.374007292091846,nan,46,14.35088012367487,nan,7.644811156205833,-4.010262742638588,nan,nan,10.206608666107059,111.5477843284607,484.2108367010951,698.6426901072264,1.5
33,14006.549485772848,20371.15837879479,323.4408460557461,3.0634082928299913,-4.8208383321762085,-4.675788816064597,-8.933634477853776,-4.007409978657962,-5.46426285803318,0.3343522623181343,-1.211598283052444,engine_out,150,False,inf,no_recovery,22.287965659052134,0.19678305834531784,engout_y1.5,nan,-6.892537176609039,8.77330880612135,6.41008079983294,nan,47,9.255319787189364,nan,-21.16683675441891,-7.752389386296272,nan,nan,1.2934633996337652,23.914703369140625,285.99435836076736,-265.13244677335024,1.5
40,10162.806783765554,19396.4599262923,497.69298899918795,-2.1214206553995614,12.77017784714699,5.171982463449241,0.6330596655607224,-3.884344976395369,-7.505317836999894,-3.9172958694398408,5.240563005208969,thrust_eff,44,True,0.6010643701274607,land,1.0592379607260227,23.135294672101736,eta15_y0.25,0.005230750252337971,16.955235451459885,19.0353250131011,4.51172012835741,0.23930127891664058,0,15.783858671784401,0.26105123050242446,-0.22914819419384003,10.81572874635458,0.0022189625842794734,1.8031931103823822,25.123582079075277,12.73269009590149,-113.55709210038185,-417.47618559747934,0.25
60,22003.51373590529,9733.150017410517,988.4210484102368,5.99024210125208,-3.1153085768222812,-4.784041263163091,-7.2134568303823485,0.5851454548537731,9.803853964805604,3.262239608913661,-5.569043809175492,thrust_eff,172,True,0.6011151747288178,land,-17.38814590498805,-3.1025650445371866,eta15_y0.25,0.005503653279355506,-12.838575467467308,-20.21931642666459,-20.723187271505594,0.27639689021113595,1,-3.6693564616143703,0.28768278887020016,-21.430216832086444,-3.7398790642619133,0.0030569953087045553,1.8033455241864533,5.3820998733863235,49.56123876571655,154.83968183398247,404.02188654989004,0.25
68,16958.004743754864,7296.555628404021,1198.2591574080288,2.978590093553067,-9.72909208238125,1.5873269028961658,-0.2570648968219764,-0.4775525741279125,-6.135135957598687,2.3915318995714197,11.910821118950846,thrust_eff,309,True,0.6009980225530839,land,23.286500992253423,-18.562558572739363,eta15_y0.25,0.005078970725139548,23.027891218662262,9.954748721793294,13.530180463567376,0.21655180454546138,2,10.701672872528434,0.2662262854451226,-15.172692481428385,1.0465024933218956,0.0030682360192052227,1.8029940676592515,17.241653374396265,94.06934762001038,-874.2735872045159,883.9110676199198,0.25
54,4204.81905259192,4797.610537484288,850.7191375829279,4.126091245561839,-12.605506896972658,-0.024181567132472992,5.2013723105192184,-2.490366127341986,-1.4327234566211704,-4.9621393382549295,0.23548960983753275,thrust_eff,79,True,0.600971993059077,land,-20.647471072152257,0.8441607933491468,eta15_y0.25,0.004549400021358547,-34.995635598897934,-0.3377179615199566,20.728640956804156,0.3329971263785611,3,-14.346344117075205,0.22994588651802678,-11.49883943144232,4.664905361831188,0.002287270405785362,1.8029159791772311,21.882743866182864,25.21446967124939,-574.27844312042,-638.3940210565925,0.25
70,9279.889734685421,12311.157532930374,1335.8260614797473,1.1375099010765553,-6.949786081910134,3.3441967405378827,12.196765601634983,2.4102219007909307,12.270349618792537,-1.466168325394392,-10.156986898183824,thrust_eff,81,True,0.6010888631578964,land,13.973918743431568,16.54871804639697,eta15_y0.25,0.005427079407629759,4.796457514166832,16.559293726459146,-13.572303391993046,0.20401927978332257,4,21.38028289191425,0.2761600887572089,-16.35405260603875,-2.7245056852698326,0.0025668663827248207,1.8032665894736895,0.7419531503692269,34.35771679878235,421.82103730738163,-211.18331775069237,0.25
54,17641.272818371654,21955.000400319695,846.3124645873904,-3.5066860467195515,9.895026728510857,-3.705516859889031,-4.705873757600784,-5.146929647773505,-13.55720934569836,0.4362938292324543,7.8035127460956595,thrust_eff,133,True,0.6010949126929116,land,-5.445306934416294,-8.822443941608071,eta15_y0.25,0.005586148326577523,-5.016655921936035,-16.058918880298734,11.03414474055171,0.243360348636846,5,-9.26425433717668,0.29197677419237833,-5.304377232678235,6.910327546298504,0.0030290062681318534,1.803284738078735,14.29491647426039,37.17539072036743,-435.0036319345236,197.83199205994606,0.25
70,14520.575602725148,5378.0021169781685,1307.123094983399,0.27645403146743774,-11.119725215435029,-0.8253758959472179,6.240275117754937,3.6524765118956575,5.7200370222330115,-2.8523608110845093,-0.41438388526439596,thrust_eff,124,True,0.6010927859710443,land,19.4983568508178,3.1394968274980783,eta15_y0.25,0.0054511251955611,-38.38335685431957,-12.733014021068811,0.04782923497259617,0.20126651250089836,6,-16.876669647172093,0.27732158122958406,3.9830109756439924,-5.989520765841007,0.002571224024477159,1.8032783579131328,18.659298038110137,46.86917042732239,-290.6549245119095,-773.7383767962456,0.25
49,2285.554897338152,15015.834709480405,731.1393471434712,-4.098394419997931,1.0009581327438362,1.2072964310646057,-12.912024459242822,-0.9048121422529221,-4.420763602852823,2.006873432546855,3.232366588711738,thrust_eff,130,False,3.144881073814138,gate_miss,-12.44984338991344,-20.607367157936096,eta15_y0.25,2.0550023853919996,31.727617532014847,14.014665596187115,-24.460890935733914,4.413004674590602,7,3.9930856321007013,18.869286442884828,-7.936095725744963,10.063878424465656,0.6798052284644939,4.606749951457293,-3.1085507441312075,31.56573462486267,333.69882702827454,760.2762892842293,0.25
59,19516.698845028877,7821.979699507356,967.508049774915,3.264479711651803,-5.300500372052193,4.044515512883664,13.182934033870698,-3.5450778454542164,-9.389194643497468,-3.481463715434075,10.343797928094865,thrust_eff,87,True,0.601118882006313,land,-15.21609527990222,12.692097760736942,eta15_y0.25,0.0055026856727797314,8.269709944725037,3.957620682194829,-9.255016315728426,0.21163721041328915,8,22.347297053784132,0.2803642202629268,-5.585936717689037,1.798314280807972,0.002610629606498931,1.8033566460189392,4.737090131267905,28.571622371673584,471.22273575514555,-300.83838533610106,0.25
36,7399.539191350341,17470.610119700432,392.0475115068257,-1.0867459885776043,7.783436331152917,-4.409665647894145,-5.463472491502763,0.9856147393584251,7.976211816072464,4.326583430171014,-7.750403183698655,thrust_eff,294,False,inf,no_recovery,3.4200028516352177,-11.214226437732577,eta15_y0.25,nan,-1.6045240312814713,-3.6525333765894175,16.089957766234875,nan,9,-9.462198801338673,nan,-20.4615121986717,-6.710773028433323,nan,nan,26.282374707981944,33.356077671051025,-486.23476792126894,287.48688865453005,0.25
44,20088.264473229647,20031.669628173113,593.4374363161623,-5.279653362929822,11.17626344561577,5.966741278767587,3.250460931658747,1.9728581383824348,14.042605224251748,-0.30834710597991943,-5.3068831980228435,thrust_eff,400,False,inf,no_recovery,-2.941662259399891,19.179206155240536,eta15_y0.25,nan,11.072327867150307,6.6392626613378525,24.41891273483634,nan,10,15.585818188264966,nan,-24.442740376107395,-11.765271909534931,nan,nan,13.392282076179981,52.744112491607666,-737.3139364644885,-109.8113302141428,0.25
67,12083.014342263341,10402.486947104335,1170.0935543514788,1.6015420518815517,-1.059089487791061,-5.581152733415366,-10.052288398146631,-5.469807296991349,-11.841188183426858,0.7782850563526154,5.425271290540696,thrust_eff,119,True,0.6010966264857307,land,16.288050450384617,-5.3985032718628645,eta15_y0.25,0.005266175476157189,-18.821513801813126,-7.6279195956885815,-0.004228018224239349,0.21349718968197137,11,-2.702246094122529,0.2704774076025953,-1.6032403381541371,3.9160591140389442,0.00258062497863124,1.803289879457192,2.1584943532943726,42.668771266937256,780.4465698078275,96.35688029229641,0.25
41,15082.904444560409,12533.8377764076,529.6144155785441,-2.2910770252346997,5.239238181710245,-2.653113383799792,10.653639256954193,-2.0796789228916173,-3.318467080593109,-5.25277091190219,13.438058701157573,thrust_eff,63,True,0.601345948271735,land,6.484492821618915,9.932210156694055,eta15_y0.25,0.023549514382880634,-21.18575006723404,-22.763089137151837,-16.08455046080053,1.0014818810601822,12,-21.056553721427917,1.4700644780790857,-12.70491807255894,7.65928403288126,0.01876572830230519,1.804037844815205,9.782611541450024,15.861002206802368,17.96543262898922,-529.9220385029912,0.25
64,6958.481907248497,2876.557444781065,1104.6725807711482,4.613372068852187,-7.720361396670342,2.285771884024144,-3.043162089586259,5.38985724002123,1.0040015280246735,4.782468158751727,-11.745082649588586,thrust_eff,107,True,0.6010766436175776,land,-24.482710333541036,-14.705765619874,eta15_y0.25,0.005398096715715338,28.94498459994793,22.360368678346276,9.247989533469081,0.19988178423857358,13,8.171443361788988,0.2742764960793882,8.750364207662642,-0.47187573462724686,0.002538363338305641,1.8032299308527329,21.236949309706688,37.227588176727295,-32.90225900709629,516.5766773745418,0.25
50,18106.11516289413,8277.18818306923,750.3649826161563,3.8999166190624246,13.89514016211033,-1.5887618958950043,-13.892820185422899,-1.4745317995548248,4.923044818639756,-4.231898970901967,-9.871623972058298,thrust_eff,111,False,2.9755735805427883,gate_miss,11.586870765313506,-0.7801487110555172,eta15_y0.25,1.603764121069015,33.083522245287895,24.12891718558967,18.782622553408146,4.109492931073762,14,-19.210247695446014,17.85344148325673,-18.34437631070614,0.020373724400997162,0.4810450589486253,3.4413859103777225,2.3166156066581607,27.81273651123047,-85.60845404863358,-468.3957528322935,0.25
70,8837.138950526714,18557.09475018084,1292.4943829886615,-0.08088886365294456,-1.9903258770704273,1.9566821940243244,7.061109638214113,3.085504241287709,-7.010752129554749,3.576835535466672,8.175132510066035,thrust_eff,115,True,0.6010896332660033,land,-20.161069789901376,23.913535056635737,eta15_y0.25,0.005434031070032921,-37.044542133808136,-24.5074478443712,-5.6954012252390385,0.20042101611704619,15,6.300374586135149,0.27625324738199597,-3.1782699655741453,-7.9269459173083305,0.0025551983571189298,1.80326889979801,11.74571533780545,49.07260489463806,70.72771936655045,455.0502944737673,0.25
58,3722.45076097548,15945.423320233822,952.0754747092724,-3.0923576764762406,-10.404054397344591,-5.176347501575948,14.015743812918664,-3.356192976236344,10.798561933636666,2.7573086880147466,-1.908051931858063,thrust_eff,72,True,0.6010768311139426,land,14.261951297521591,8.306300174444914,eta15_y0.25,0.005313925658651434,6.933351531624794,7.818869594484568,9.85498265363276,0.21786939409817385,16,-0.8313084486871958,0.2719646491649627,1.5753481350839138,11.273486696183681,0.002518891019215788,1.803230493341828,11.229760381393135,28.60921597480774,-677.5749357417226,31.314956210553646,0.25
66,16491.62846416235,13384.36780795455,1154.6588566154242,-1.8029494509100914,-13.730523875355722,3.712870929390193,-9.099068087339402,-5.650247856974603,11.450528115034103,-4.502473790198565,-13.864530444145204,thrust_eff,84,True,0.6009505221975556,land,-17.096293810755014,-22.24054210819304,eta15_y0.25,0.0046843206978868105,-15.121857300400734,-5.32616819255054,5.67792053334415,0.4115683307344102,17,24.218330066651106,0.23240456741926704,6.616405374370515,6.250409714877605,0.0022366191488169466,1.8028515665926668,-4.755151043646038,35.788357973098755,-545.9728030487895,-246.3455893099308,0.25
45,5522.727333828807,3093.3455272763968,612.9319604486227,5.484007682651282,1.827522334456443,-3.348618641495705,2.404466915130616,1.790036402642727,-12.640269184112551,5.531987797468902,11.267619752883913,thrust_eff,65,True,0.6010836539253334,land,2.321495395153761,1.6223049722611904,eta15_y0.25,0.005385176018730411,14.754894375801086,5.802329024299979,-18.763709580525756,0.20649423704512218,18,-11.3084452226758,0.2751706379596242,-15.095227821730077,-2.068982385098934,0.0025848066453255237,1.803250961776,18.817385730333626,19.806066036224365,531.0162188485265,232.99423679709435,0.25
64,21497.518742457032,21039.08783785999,1090.0458767078817,-4.791347779333592,-6.274748289585114,-0.4172833487391472,-2.10543255507946,5.941839180886746,-0.49468906223773956,-1.057866744697094,3.980822691321375,thrust_eff,98,True,0.6011095452047278,land,23.7706093583256,-6.4879137091338634,eta15_y0.25,0.00549898994683617,25.242909938097,15.276440512388945,-9.8252447322011,0.20139335354494925,19,-18.747643055394292,0.27986191032754887,0.5307234497740865,-10.349927388131618,0.0025901267897581112,1.8033286356141836,27.729556863196194,36.85543990135193,280.9372913092375,-729.7925865277648,0.25
42,10646.710216850042,10778.647105842829,548.8421901129186,2.471988033503295,10.570043706893923,0.034464966505765915,9.791495499014857,-1.5183577984571457,2.0207207232713706,0.02798793464899063,-6.802321234345437,thrust_eff,107,False,11.241616127541036,gate_miss,-7.396114384755492,17.314655287191272,eta15_y0.25,2.7880738269078473,-24.865851923823357,-14.214340411126614,15.489163529127836,14.03406851023171,20,5.839296290650964,37.08056535252829,-22.05243453849107,5.51817112416029,9.042900463912352,33.72484838262311,3.8639602782204747,24.989819526672363,-237.94797845184803,716.3303816691041,0.25
62,6177.008340954781,16554.370265230536,1042.0048664323986,-5.793223444372416,-11.794749274849893,4.414042465388776,-8.285219353437425,0.012130346149206161,-10.313166484236719,-2.4872749820351605,13.78329770565033,thrust_eff,82,True,0.6011083731511303,land,18.343815207481384,-19.84742465429008,eta15_y0.25,0.005450597207195926,-11.65540099143982,-17.93122491799295,23.252798849716783,0.203707732917537,21,19.70515246503055,0.2771520536000297,-13.175181718543172,-7.175866641104221,0.0025615890067373064,1.8033251194533908,8.263338612392545,33.73110556602478,-375.2097599208355,-167.23687034100294,0.25
38,15842.30575285852,6287.899955958128,448.7060288898647,1.9273260310292244,0.32592742145061493,-4.051823113113643,1.362048482894897,-4.448021080344916,8.803064140677453,1.6417832896113396,-11.426308250427248,thrust_eff,45,True,0.6011180431762555,land,-0.2939101308584213,5.480260215699673,eta15_y0.25,0.006999771296658636,18.155499920248985,18.212101934477687,-1.9639768172055483,0.32997113718996973,22,-7.613111799582839,0.3976276775384184,9.085378218442202,2.2678024247288704,0.004406603746491049,1.8033541295287665,23.843554133549333,14.72806167602539,362.0834983885288,153.88545412570238,0.25
70,11262.077687457204,19178.424126654863,1252.1139211952686,-2.805014748126269,-4.1754696607589725,-1.2175333611667156,-1.3443181961774826,-0.28299036249518394,6.525795972347261,-3.1675472594797616,-3.92156974375248,thrust_eff,157,True,0.60111007712896,land,-22.625314304605126,-10.442076995968819,eta15_y0.25,0.005460132922025584,21.84717185795307,2.8785199858248234,-17.24997879937291,0.20174837773594348,23,-12.671249452978373,0.27771108054553895,-23.4277231618762,9.026042349636555,0.002567454526856608,1.8033302313868802,14.966629328206182,59.31538367271423,668.3573937043548,-583.9006215333939,0.25
46,20887.109567672014,8883.857448622584,659.357175976038,4.938791267573834,8.908460390567782,0.8268233835697174,8.808842691779137,4.157156791538001,-5.3517663180828094,4.012674149125815,6.953092440962791,thrust_eff,117,False,2.572615837645808,gate_miss,9.324513142928481,15.020654210820794,eta15_y0.25,2.1406047227456684,-28.356718868017197,-1.6210824251174927,7.289283536374569,5.190538454033966,24,0.5807468667626381,15.43569502587485,-2.4830070044845343,-4.967797972261906,0.9194844619817405,6.783103278274761,-0.39102100394666195,28.73319411277771,-627.03961674124,570.4385608434677,0.25
56,18756.38127744198,21657.91748225689,904.5718442648649,-4.328975021839143,-0.38411343991756475,2.6545948460698137,4.44722399711609,-2.6764840297400956,0.023356112837792153,1.1858127526938915,-8.221229651570322,thrust_eff,85,True,0.6014975682190298,land,21.358046540990472,21.519875014200807,eta15_y0.25,0.015456557479988791,-31.139118149876595,-12.098441226407886,-23.284014873206615,1.1196149201121879,25,12.376862904056907,0.6593215662507138,-18.62473097164184,8.500842489302158,0.006501631847143484,1.8044927046570893,24.764045793563128,27.52694296836853,808.309336937964,818.8698275014758,0.25
52,3107.409017831087,3709.8974922299385,797.3275779746473,3.683191169053317,4.114262133836746,5.585564240813256,-3.6490524262189865,-4.59165207669139,13.054928076267245,-5.711658261716367,-1.6142494082450867,thrust_eff,81,True,0.601178318044928,land,6.063948106020689,-13.933713687583804,eta15_y0.25,0.006109876280985257,-8.853617534041405,-21.57264780253172,-7.306718220934272,0.22823708712506446,26,17.434905841946602,0.31622696438080883,5.136885060928762,3.2678714767098427,0.0030199435791537148,1.803534954134784,16.108712535351515,27.35907554626465,214.57818634808064,-355.9505570679903,0.25
70,13720.793740227818,13995.814334228635,1389.4120841287076,-1.3169618099927902,-8.84533036351204,-5.974082853645087,11.454592546820642,2.968246679753066,-10.979634565114976,5.241348333656789,1.946245944499971,thrust_eff,156,True,0.6013060476189953,land,-13.164149317890406,12.260671891272068,eta15_y0.25,0.007101752461753121,0.9375230967998505,20.412887912243605,17.269033519551158,0.38543673337047857,27,-5.344391521066427,0.38154134339071005,-9.22815767582506,-11.09804130345583,0.004183103198372661,1.803918142856986,-1.5330077074468136,55.962924003601074,-173.34999851882458,342.49613396823406,0.25
59,2671.837640181184,18876.00056000054,973.1973187066615,0.47692645713686943,12.220154303312302,0.25544169545173645,9.956009459495547,5.689844772219659,-13.303698509931566,3.1001516617834577,-0.8097667604684826,thrust_eff,66,True,0.9868311317939478,land,2.885085204616189,-16.85018353164196,eta15_y0.25,0.17951870861794705,-35.16736388206482,0.7152560167014599,-1.079121744260192,1.8774682268569505,28,-6.3109904527664185,5.920986790763687,-22.320041181519628,7.456474095582962,0.08626114138421487,1.8332971540593213,-0.2812654413282871,26.19827890396118,-221.43944464623928,-851.6629977151752,0.25
70,7667.845822274685,16263.978219032288,1320.8039803430438,3.4887086413800725,3.7501761585474007,-3.123201940208674,2.943065509200096,-5.960745222866536,2.691511854529381,2.472318872809411,10.735723543167115,thrust_eff,111,True,0.6011062456291315,land,-6.440261844545603,-1.3039301615208387,eta15_y0.25,0.0054565355461920415,5.053958967328072,-16.96453015320003,8.369737397879362,0.2013955401587024,29,0.8395515847951174,0.2776560721647819,-14.280708692967892,-9.306472107768059,0.002574482955751041,1.8033187368873944,22.92215509340167,47.03130626678467,823.8788226619363,-435.16490310430527,0.25
49,19902.97653608024,6620.287395492196,728.1649900600314,-1.167203150689602,-8.483002254366877,3.514535777270795,-10.753876706957818,1.5731524676084518,-0.28097048699855875,-1.6273822635412216,-7.252800250053407,thrust_eff,77,True,0.9917361787950103,land,24.33147905394435,24.850782565772533,eta15_y0.25,0.06326746462723853,-4.834990352392197,15.658260276541114,-17.158270068466663,3.1029787268626134,30,-13.736859941855073,5.950417072770062,5.807360270991921,5.249503701925278,0.14529288904738893,1.808275519087907,7.599622253328562,25.072305917739868,-809.0183487161994,448.5162153840065,0.25
41,12328.61633643508,4039.5003389567137,517.0461701229215,-5.972278933972121,-12.269579207897188,-5.045464541763068,13.037693381309513,1.4353925585746765,-6.33327392935753,5.644176810979844,-4.914961874485016,thrust_eff,68,False,1.0120194467606018,gate_miss,-19.164160266518593,-7.107778592035174,eta15_y0.25,0.803377596264464,12.87695199251175,-19.4144144654274,-23.582859430462122,2.7393937018318093,31,11.312683206051588,6.072116680563611,1.858876501210034,1.2265525460243225,0.4575502871177959,2.0437544545690183,-1.1655322145670652,17.6844162940979,-667.6656553521752,-173.7202288582921,0.25
64,20453.08298267424,13703.275879770517,1110.8983116224408,2.151105388998986,0.8025150060653683,4.6860604137182245,-6.116278070211411,-3.010476373136044,5.157540428638459,-5.174055755138398,5.922892248630525,thrust_eff,115,True,0.6010977556074488,land,12.19823881983757,18.35113186389208,eta15_y0.25,0.005446509020109236,-16.992389634251595,19.841753039509058,1.1210182681679726,0.20079736444708227,32,-24.20846540480852,0.27706986700251773,-10.333694037981331,-8.40791268646717,0.002567940197699475,1.8032932668223465,16.218497479334474,39.448731899261475,624.6551832184196,187.17453461140394,0.25
44,7323.295364901423,11725.070190280676,591.0008524544537,-2.960675653070212,-3.695807245373727,2.083216018974782,5.592300090193749,-1.1639256700873375,10.113722142577174,0.7010002322494984,13.04267325103283,thrust_eff,64,True,0.6014708729514512,land,14.869837975129485,-22.763466089963913,eta15_y0.25,0.02813569250587322,-22.990580424666405,10.56281286291778,17.165024438872933,0.9170976537003417,33,-5.84132862277329,1.4923524189014306,-4.008644060231745,-3.1731102615594864,0.01501544909695846,1.8044126188543537,24.100425692275167,16.321990966796875,370.1887182891369,-650.1487199217081,0.25
67,15328.511490523815,21357.640474662185,1183.2366828806698,5.1390844881534585,8.427040323615074,-1.6955501921474934,-13.055064412951472,3.302222192287446,-8.601698049902918,-1.1714860908687115,-12.260209634900095,thrust_eff,150,True,0.6010606531897448,land,-3.1803651247173548,2.5619360152632,eta15_y0.25,0.004951128697839016,27.11550161242485,-9.549534833058715,-8.375059487298131,0.2042836141644186,34,18.7386489007622,0.24710351994477184,-17.517072982154787,11.004933714866638,0.002183872268400268,1.8031819595692344,6.421322027221322,53.560821771621704,-355.23930564522743,663.4941514581442,0.25
47,22328.18064287305,5974.281185418367,681.5406174398959,-1.6187670081853867,-14.376739025115969,-5.753404028713704,11.998793148994448,-4.796805549412967,0.6960002213716514,2.1289556957781324,4.729144656658175,thrust_eff,80,True,0.6012596162195594,land,20.40802938863635,-9.403406688943505,eta15_y0.25,0.005350924006299201,18.782985135912895,-7.016806863248348,-3.6386726424098015,0.1732188996093065,35,7.61060263030231,0.2694073705486094,-8.964815214276314,-0.3004319965839386,0.0023402782114059334,1.803778848658678,10.821943660266697,22.76301097869873,-267.5803665071726,-312.59431801736355,0.25
69,10448.555554822087,15603.003060147166,1223.8208175636828,5.250706840306521,2.4719795107841485,5.386153366416694,-5.298918002843857,2.6694799549877652,-2.220219996571542,-2.783828850835562,-5.975224292278291,thrust_eff,105,True,0.6010806198444412,land,-10.174246225506067,14.395353477448225,eta15_y0.25,0.005452016380612122,-11.035020649433136,7.248849701136351,21.803731378167868,0.2003784658702989,36,-19.712906843051314,0.2772438313750668,4.870471702888608,8.208291605114937,0.0025663022631954024,1.8032418595333235,20.21365210134536,39.542200565338135,226.25607512891293,326.04876793920994,0.25
61,5403.085619807243,18227.33062312007,1020.9001062437892,2.2621733285486707,9.922508856654169,-2.493943423032761,-12.297469970583919,-2.9401854760944848,12.832846158742907,-3.6561961323022847,12.29233386218548,thrust_eff,115,True,0.6012383624157166,land,5.1113075111061335,4.953426448628306,eta15_y0.25,0.005900371157481323,21.224123015999794,-21.959716035053134,-12.694247951731086,0.30914162785424676,37,12.681209482252598,0.31981547144633476,-6.471205148845911,-11.556108087301254,0.004092637428104683,1.80371508724715,3.1978269638493657,38.635292291641235,-523.8115472719073,749.6201729401946,0.25
70,12913.448968604207,20706.54801517725,1360.8512761071324,4.115590743720532,14.205173403024677,0.9574084393680096,7.338603901863099,-0.07800287380814552,8.116343691945076,1.0841007828712463,0.7363070100545883,thrust_eff,119,True,0.6010516009458978,land,-0.9082040283828974,-12.894184421747923,eta15_y0.25,0.00578823293166941,-31.766144409775734,13.112109247595072,-21.796930627897382,0.22863155786320183,38,-12.368333665654063,0.28656592663147346,-2.7622711891308427,-6.155288457870483,0.0023524389986862904,1.8031548028376934,3.7139815045520663,44.65666174888611,-727.8689162805676,-547.6094149053097,0.25
53,4552.1855445206165,11069.18113000691,819.2416103556752,-0.24753614142537117,-2.302116876840591,-1.3224677368998528,-0.5086506307125092,4.456032279878856,-10.542814376950265,-0.054410845041275024,-2.8819815784692775,thrust_eff,70,True,0.6010566924249356,land,17.343730991706252,11.637756181880832,eta15_y0.25,0.004873424325664105,38.420665860176086,-13.63709643483162,3.6334919277578592,0.18555454633501578,39,24.470649799332023,0.24429108460591525,-23.14298482146114,1.9755033105611801,0.002188909569890565,1.803170077274807,27.321643638424575,21.906185388565063,686.6198373958468,561.0714890062809,0.25
55,17988.634710907936,13044.72309269011,883.7359686382115,1.1039853170514107,5.800206854939461,-3.9256780296564107,0.3854255765676502,0.3695538081228733,-4.6726256847381595,4.581388045102359,-10.6684232711792,thrust_eff,106,True,0.601092571937942,land,8.321040868759155,-3.6959747318178415,eta15_y0.25,0.005353931170703079,1.5673728287220001,-4.3582511600106955,12.650777958333492,0.22366424867823442,40,5.335206165909767,0.27111308793616107,9.91148826200515,10.256081745028496,0.0024731809700653316,1.8032777158138258,19.698567460291088,30.85856533050537,97.28994369506836,-64.21820428222418,0.25
34,9587.107338532805,3395.9358030557632,342.6500369794667,-3.235524538904429,-10.095337638258936,4.307689402252437,-7.967776939272881,-4.18439406529069,6.761926764249804,-5.6114456467330465,7.397336554527286,thrust_eff,79,False,4.531478394265381,gate_miss,-23.230120167136192,20.993900205940008,eta15_y0.25,0.4094621968693541,-8.231330439448357,3.247325448319316,-12.065462488681078,6.893290769829973,41,-17.43903672322631,27.188870365592287,-14.006765787489712,-5.425612986087799,2.185892568128655,11.881754133741394,-4.131659862585366,15.440535545349121,-84.09505784511566,77.56969425827265,0.25
70,16149.521132409573,7521.703257411718,1238.4309377521276,-5.455043926835061,11.545185068249705,-3.5042988695204262,-4.3462434142827995,2.474756721407176,3.510852652788163,3.560406558215619,14.185972005128864,thrust_eff,79,True,0.6011081407231699,land,9.56645030528307,6.989066489040852,eta15_y0.25,0.00544547483304654,-14.715143963694572,4.948598751798272,-22.403876250609756,0.2000153473276473,42,3.6655712872743607,0.276944254517323,-4.478238048031926,5.707261651754379,0.0025635761247583978,1.8033244221695097,26.706341959536076,34.136621952056885,-24.30139370262623,-6.207999587059021,0.25
46,6524.3772833794355,17812.882407531142,662.3294349759817,1.820191640406847,-1.4262533515691764,3.121754430234433,11.14982976615429,-4.988782826811076,-1.1983089566230767,-4.4057151451706895,-10.918401235342028,thrust_eff,85,True,0.6011944456155133,land,-21.203854121267796,-17.64662633650005,eta15_y0.25,0.008794975254912943,15.080889016389847,-6.181424157693982,3.06922416202724,0.30167840194662443,43,-15.794224198907614,0.5032661595199172,-17.18566594645381,-9.78327302634716,0.005326221059554263,1.80358333684654,4.903366833925247,23.05194854736328,37.55262605845928,19.559338688850403,0.25
61,21234.473910704255,5085.463097020984,1036.3176955841482,-2.4430787265300755,4.87515204548836,0.6126603484153748,-11.357429605722428,-2.3673297800123696,-14.242131105065347,2.8784747086465368,-4.306586953997613,thrust_eff,95,True,0.6051126537479679,land,-6.010510446503758,22.48572283424437,eta15_y0.25,0.03637036838322634,24.906672835350037,-14.871232490986586,18.341999035328627,1.0405226358895037,44,-10.698758391663432,2.621366052482648,2.8775006905198097,-1.5166106075048447,0.03670398195184857,1.8153379612439036,-3.7157439962029457,31.14168620109558,739.3274607136846,-479.0521977469325,0.25
52,19081.050634905696,12866.224575042725,799.7620637528598,0.05198802798986435,-11.594555202126504,1.6911386623978615,-1.4899989455938343,3.9005952961742887,9.140560680627825,5.331822495907546,9.292717328667642,thrust_eff,58,True,0.6016857914132566,land,-17.994406772777438,15.998186031356454,eta15_y0.25,0.020282976024205212,37.08429075777531,-23.749847197905183,-3.0379259027540684,0.7043229590416443,45,-2.2222393192350864,0.9537349262423808,-15.98290994297713,11.85819947719574,0.006120242098778098,1.8050573742397698,21.403004115447402,20.27977991104126,-471.0494013503194,-685.2972317487001,0.25
70,8467.699465453625,2586.166039481759,1376.2668575160205,-3.9170958884060387,1.4775460928678523,-2.0758744664490227,8.156475922465326,-0.6358196027576923,-7.725656211376191,-4.861697126179934,-8.725565251708032,thrust_eff,110,True,0.6010933227757199,land,0.05722087807953358,-7.904317602515221,eta15_y0.25,0.005253735275769631,-33.124492317438126,24.884991766884923,22.374007292091846,0.19354582895843583,46,14.35088012367487,0.26437119833011863,7.644811156205833,-4.010262742638588,0.0023911824479052606,1.8032799683271599,10.206608666107059,48.56773090362549,484.2108367010951,698.6426901072264,0.25
33,14006.549485772848,20371.15837879479,323.4408460557461,3.0634082928299913,-4.8208383321762085,-4.675788816064597,-8.933634477853776,-4.007409978657962,-5.46426285803318,0.3343522623181343,-1.211598283052444,thrust_eff,67,True,0.7028643309856899,land,22.287965659052134,0.19678305834531784,eta15_y0.25,0.0930082255301909,-6.892537176609039,8.77330880612135,6.41008079983294,1.6530070421217076,47,9.255319787189364,4.217185985914139,-21.16683675441891,-7.752389386296272,0.03819890302382511,1.811394326704977,1.2934633996337652,14.91320538520813,285.99435836076736,-265.13244677335024,0.25
40,10162.806783765554,19396.4599262923,497.69298899918795,-2.1214206553995614,12.77017784714699,5.171982463449241,0.6330596655607224,-3.884344976395369,-7.505317836999894,-3.9172958694398408,5.240563005208969,thrust_eff,352,False,inf,no_recovery,1.0592379607260227,23.135294672101736,eta15_y1.5,nan,16.955235451459885,19.0353250131011,4.51172012835741,nan,0,15.783858671784401,nan,-0.22914819419384003,10.81572874635458,nan,nan,25.123582079075277,46.558327198028564,-113.55709210038185,-417.47618559747934,1.5
60,22003.51373590529,9733.150017410517,988.4210484102368,5.99024210125208,-3.1153085768222812,-4.784041263163091,-7.2134568303823485,0.5851454548537731,9.803853964805604,3.262239608913661,-5.569043809175492,thrust_eff,400,False,inf,no_recovery,-17.38814590498805,-3.1025650445371866,eta15_y1.5,nan,-12.838575467467308,-20.21931642666459,-20.723187271505594,nan,1,-3.6693564616143703,nan,-21.430216832086444,-3.7398790642619133,nan,nan,5.3820998733863235,92.08312678337097,154.83968183398247,404.02188654989004,1.5
68,16958.004743754864,7296.555628404021,1198.2591574080288,2.978590093553067,-9.72909208238125,1.5873269028961658,-0.2570648968219764,-0.4775525741279125,-6.135135957598687,2.3915318995714197,11.910821118950846,thrust_eff,400,False,inf,no_recovery,23.286500992253423,-18.562558572739363,eta15_y1.5,nan,23.027891218662262,9.954748721793294,13.530180463567376,nan,2,10.701672872528434,nan,-15.172692481428385,1.0465024933218956,nan,nan,17.241653374396265,124.24542045593262,-874.2735872045159,883.9110676199198,1.5
54,4204.81905259192,4797.610537484288,850.7191375829279,4.126091245561839,-12.605506896972658,-0.024181567132472992,5.2013723105192184,-2.490366127341986,-1.4327234566211704,-4.9621393382549295,0.23548960983753275,thrust_eff,400,False,inf,no_recovery,-20.647471072152257,0.8441607933491468,eta15_y1.5,nan,-34.995635598897934,-0.3377179615199566,20.728640956804156,nan,3,-14.346344117075205,nan,-11.49883943144232,4.664905361831188,nan,nan,21.882743866182864,91.46992897987366,-574.27844312042,-638.3940210565925,1.5
70,9279.889734685421,12311.157532930374,1335.8260614797473,1.1375099010765553,-6.949786081910134,3.3441967405378827,12.196765601634983,2.4102219007909307,12.270349618792537,-1.466168325394392,-10.156986898183824,thrust_eff,400,False,inf,no_recovery,13.973918743431568,16.54871804639697,eta15_y1.5,nan,4.796457514166832,16.559293726459146,-13.572303391993046,nan,4,21.38028289191425,nan,-16.35405260603875,-2.7245056852698326,nan,nan,0.7419531503692269,195.43494820594788,421.82103730738163,-211.18331775069237,1.5
54,17641.272818371654,21955.000400319695,846.3124645873904,-3.5066860467195515,9.895026728510857,-3.705516859889031,-4.705873757600784,-5.146929647773505,-13.55720934569836,0.4362938292324543,7.8035127460956595,thrust_eff,400,False,inf,no_recovery,-5.445306934416294,-8.822443941608071,eta15_y1.5,nan,-5.016655921936035,-16.058918880298734,11.03414474055171,nan,5,-9.26425433717668,nan,-5.304377232678235,6.910327546298504,nan,nan,14.29491647426039,104.26115679740906,-435.0036319345236,197.83199205994606,1.5
70,14520.575602725148,5378.0021169781685,1307.123094983399,0.27645403146743774,-11.119725215435029,-0.8253758959472179,6.240275117754937,3.6524765118956575,5.7200370222330115,-2.8523608110845093,-0.41438388526439596,thrust_eff,297,False,inf,no_recovery,19.4983568508178,3.1394968274980783,eta15_y1.5,nan,-38.38335685431957,-12.733014021068811,0.04782923497259617,nan,6,-16.876669647172093,nan,3.9830109756439924,-5.989520765841007,nan,nan,18.659298038110137,104.8218183517456,-290.6549245119095,-773.7383767962456,1.5
49,2285.554897338152,15015.834709480405,731.1393471434712,-4.098394419997931,1.0009581327438362,1.2072964310646057,-12.912024459242822,-0.9048121422529221,-4.420763602852823,2.006873432546855,3.232366588711738,thrust_eff,148,False,10.607709861232033,gate_miss,-12.44984338991344,-20.607367157936096,eta15_y1.5,2.170558466132227,31.727617532014847,14.014665596187115,-24.460890935733914,12.63521908662892,7,3.9930856321007013,26.586193232160166,-7.936095725744963,10.063878424465656,3.3304682620783805,31.823129583696097,-3.1085507441312075,38.54255962371826,333.69882702827454,760.2762892842293,1.5
59,19516.698845028877,7821.979699507356,967.508049774915,3.264479711651803,-5.300500372052193,4.044515512883664,13.182934033870698,-3.5450778454542164,-9.389194643497468,-3.481463715434075,10.343797928094865,thrust_eff,400,False,inf,no_recovery,-15.21609527990222,12.692097760736942,eta15_y1.5,nan,8.269709944725037,3.957620682194829,-9.255016315728426,nan,8,22.347297053784132,nan,-5.585936717689037,1.798314280807972,nan,nan,4.737090131267905,109.64193105697632,471.22273575514555,-300.83838533610106,1.5
36,7399.539191350341,17470.610119700432,392.0475115068257,-1.0867459885776043,7.783436331152917,-4.409665647894145,-5.463472491502763,0.9856147393584251,7.976211816072464,4.326583430171014,-7.750403183698655,thrust_eff,251,False,inf,no_recovery,3.4200028516352177,-11.214226437732577,eta15_y1.5,nan,-1.6045240312814713,-3.6525333765894175,16.089957766234875,nan,9,-9.462198801338673,nan,-20.4615121986717,-6.710773028433323,nan,nan,26.282374707981944,38.80487394332886,-486.23476792126894,287.48688865453005,1.5
44,20088.264473229647,20031.669628173113,593.4374363161623,-5.279653362929822,11.17626344561577,5.966741278767587,3.250460931658747,1.9728581383824348,14.042605224251748,-0.30834710597991943,-5.3068831980228435,thrust_eff,305,False,inf,no_recovery,-2.941662259399891,19.179206155240536,eta15_y1.5,nan,11.072327867150307,6.6392626613378525,24.41891273483634,nan,10,15.585818188264966,nan,-24.442740376107395,-11.765271909534931,nan,nan,13.392282076179981,58.58365845680237,-737.3139364644885,-109.8113302141428,1.5
67,12083.014342263341,10402.486947104335,1170.0935543514788,1.6015420518815517,-1.059089487791061,-5.581152733415366,-10.052288398146631,-5.469807296991349,-11.841188183426858,0.7782850563526154,5.425271290540696,thrust_eff,269,False,9.802915223985705,gate_miss,16.288050450384617,-5.3985032718628645,eta15_y1.5,2.06168128160984,-18.821513801813126,-7.6279195956885815,-0.004228018224239349,14.158444588265386,11,-2.702246094122529,22.842493832208202,-1.6032403381541371,3.9160591140389442,11.516860226621477,29.408745671957114,2.1584943532943726,91.1655523777008,780.4465698078275,96.35688029229641,1.5
41,15082.904444560409,12533.8377764076,529.6144155785441,-2.2910770252346997,5.239238181710245,-2.653113383799792,10.653639256954193,-2.0796789228916173,-3.318467080593109,-5.25277091190219,13.438058701157573,thrust_eff,279,False,inf,no_recovery,6.484492821618915,9.932210156694055,eta15_y1.5,nan,-21.18575006723404,-22.763089137151837,-16.08455046080053,nan,12,-21.056553721427917,nan,-12.70491807255894,7.65928403288126,nan,nan,9.782611541450024,51.02436351776123,17.96543262898922,-529.9220385029912,1.5
64,6958.481907248497,2876.557444781065,1104.6725807711482,4.613372068852187,-7.720361396670342,2.285771884024144,-3.043162089586259,5.38985724002123,1.0040015280246735,4.782468158751727,-11.745082649588586,thrust_eff,400,False,inf,no_recovery,-24.482710333541036,-14.705765619874,eta15_y1.5,nan,28.94498459994793,22.360368678346276,9.247989533469081,nan,13,8.171443361788988,nan,8.750364207662642,-0.47187573462724686,nan,nan,21.236949309706688,143.96232891082764,-32.90225900709629,516.5766773745418,1.5
50,18106.11516289413,8277.18818306923,750.3649826161563,3.8999166190624246,13.89514016211033,-1.5887618958950043,-13.892820185422899,-1.4745317995548248,4.923044818639756,-4.231898970901967,-9.871623972058298,thrust_eff,136,False,inf,no_recovery,11.586870765313506,-0.7801487110555172,eta15_y1.5,nan,33.083522245287895,24.12891718558967,18.782622553408146,nan,14,-19.210247695446014,nan,-18.34437631070614,0.020373724400997162,nan,nan,2.3166156066581607,38.39146876335144,-85.60845404863358,-468.3957528322935,1.5
70,8837.138950526714,18557.09475018084,1292.4943829886615,-0.08088886365294456,-1.9903258770704273,1.9566821940243244,7.061109638214113,3.085504241287709,-7.010752129554749,3.576835535466672,8.175132510066035,thrust_eff,400,False,inf,no_recovery,-20.161069789901376,23.913535056635737,eta15_y1.5,nan,-37.044542133808136,-24.5074478443712,-5.6954012252390385,nan,15,6.300374586135149,nan,-3.1782699655741453,-7.9269459173083305,nan,nan,11.74571533780545,149.97223043441772,70.72771936655045,455.0502944737673,1.5
58,3722.45076097548,15945.423320233822,952.0754747092724,-3.0923576764762406,-10.404054397344591,-5.176347501575948,14.015743812918664,-3.356192976236344,10.798561933636666,2.7573086880147466,-1.908051931858063,thrust_eff,400,False,inf,no_recovery,14.261951297521591,8.306300174444914,eta15_y1.5,nan,6.933351531624794,7.818869594484568,9.85498265363276,nan,16,-0.8313084486871958,nan,1.5753481350839138,11.273486696183681,nan,nan,11.229760381393135,106.83504581451416,-677.5749357417226,31.314956210553646,1.5
66,16491.62846416235,13384.36780795455,1154.6588566154242,-1.8029494509100914,-13.730523875355722,3.712870929390193,-9.099068087339402,-5.650247856974603,11.450528115034103,-4.502473790198565,-13.864530444145204,thrust_eff,207,False,9.968858112357426,gate_miss,-17.096293810755014,-22.24054210819304,eta15_y1.5,1.8818742914528044,-15.121857300400734,-5.32616819255054,5.67792053334415,10.225765652881922,17,24.218330066651106,16.942846901633317,6.616405374370515,6.250409714877605,6.965504694378266,29.90657433707228,-4.755151043646038,70.88308954238892,-545.9728030487895,-246.3455893099308,1.5
45,5522.727333828807,3093.3455272763968,612.9319604486227,5.484007682651282,1.827522334456443,-3.348618641495705,2.404466915130616,1.790036402642727,-12.640269184112551,5.531987797468902,11.267619752883913,thrust_eff,400,False,inf,no_recovery,2.321495395153761,1.6223049722611904,eta15_y1.5,nan,14.754894375801086,5.802329024299979,-18.763709580525756,nan,18,-11.3084452226758,nan,-15.095227821730077,-2.068982385098934,nan,nan,18.817385730333626,71.61099886894226,531.0162188485265,232.99423679709435,1.5
64,21497.518742457032,21039.08783785999,1090.0458767078817,-4.791347779333592,-6.274748289585114,-0.4172833487391472,-2.10543255507946,5.941839180886746,-0.49468906223773956,-1.057866744697094,3.980822691321375,thrust_eff,400,False,inf,no_recovery,23.7706093583256,-6.4879137091338634,eta15_y1.5,nan,25.242909938097,15.276440512388945,-9.8252447322011,nan,19,-18.747643055394292,nan,0.5307234497740865,-10.349927388131618,nan,nan,27.729556863196194,101.92951369285583,280.9372913092375,-729.7925865277648,1.5
42,10646.710216850042,10778.647105842829,548.8421901129186,2.471988033503295,10.570043706893923,0.034464966505765915,9.791495499014857,-1.5183577984571457,2.0207207232713706,0.02798793464899063,-6.802321234345437,thrust_eff,282,False,inf,no_recovery,-7.396114384755492,17.314655287191272,eta15_y1.5,nan,-24.865851923823357,-14.214340411126614,15.489163529127836,nan,20,5.839296290650964,nan,-22.05243453849107,5.51817112416029,nan,nan,3.8639602782204747,43.885274171829224,-237.94797845184803,716.3303816691041,1.5
62,6177.008340954781,16554.370265230536,1042.0048664323986,-5.793223444372416,-11.794749274849893,4.414042465388776,-8.285219353437425,0.012130346149206161,-10.313166484236719,-2.4872749820351605,13.78329770565033,thrust_eff,400,False,inf,no_recovery,18.343815207481384,-19.84742465429008,eta15_y1.5,nan,-11.65540099143982,-17.93122491799295,23.252798849716783,nan,21,19.70515246503055,nan,-13.175181718543172,-7.175866641104221,nan,nan,8.263338612392545,100.3948233127594,-375.2097599208355,-167.23687034100294,1.5
38,15842.30575285852,6287.899955958128,448.7060288898647,1.9273260310292244,0.32592742145061493,-4.051823113113643,1.362048482894897,-4.448021080344916,8.803064140677453,1.6417832896113396,-11.426308250427248,thrust_eff,298,False,inf,no_recovery,-0.2939101308584213,5.480260215699673,eta15_y1.5,nan,18.155499920248985,18.212101934477687,-1.9639768172055483,nan,22,-7.613111799582839,nan,9.085378218442202,2.2678024247288704,nan,nan,23.843554133549333,38.681416749954224,362.0834983885288,153.88545412570238,1.5
70,11262.077687457204,19178.424126654863,1252.1139211952686,-2.805014748126269,-4.1754696607589725,-1.2175333611667156,-1.3443181961774826,-0.28299036249518394,6.525795972347261,-3.1675472594797616,-3.92156974375248,thrust_eff,400,False,inf,no_recovery,-22.625314304605126,-10.442076995968819,eta15_y1.5,nan,21.84717185795307,2.8785199858248234,-17.24997879937291,nan,23,-12.671249452978373,nan,-23.4277231618762,9.026042349636555,nan,nan,14.966629328206182,139.08762192726135,668.3573937043548,-583.9006215333939,1.5
46,20887.109567672014,8883.857448622584,659.357175976038,4.938791267573834,8.908460390567782,0.8268233835697174,8.808842691779137,4.157156791538001,-5.3517663180828094,4.012674149125815,6.953092440962791,thrust_eff,176,False,inf,no_recovery,9.324513142928481,15.020654210820794,eta15_y1.5,nan,-28.356718868017197,-1.6210824251174927,7.289283536374569,nan,24,0.5807468667626381,nan,-2.4830070044845343,-4.967797972261906,nan,nan,-0.39102100394666195,30.248925924301147,-627.03961674124,570.4385608434677,1.5
56,18756.38127744198,21657.91748225689,904.5718442648649,-4.328975021839143,-0.38411343991756475,2.6545948460698137,4.44722399711609,-2.6764840297400956,0.023356112837792153,1.1858127526938915,-8.221229651570322,thrust_eff,400,False,inf,no_recovery,21.358046540990472,21.519875014200807,eta15_y1.5,nan,-31.139118149876595,-12.098441226407886,-23.284014873206615,nan,25,12.376862904056907,nan,-18.62473097164184,8.500842489302158,nan,nan,24.764045793563128,83.03501486778259,808.309336937964,818.8698275014758,1.5
52,3107.409017831087,3709.8974922299385,797.3275779746473,3.683191169053317,4.114262133836746,5.585564240813256,-3.6490524262189865,-4.59165207669139,13.054928076267245,-5.711658261716367,-1.6142494082450867,thrust_eff,400,False,inf,no_recovery,6.063948106020689,-13.933713687583804,eta15_y1.5,nan,-8.853617534041405,-21.57264780253172,-7.306718220934272,nan,26,17.434905841946602,nan,5.136885060928762,3.2678714767098427,nan,nan,16.108712535351515,86.33046841621399,214.57818634808064,-355.9505570679903,1.5
70,13720.793740227818,13995.814334228635,1389.4120841287076,-1.3169618099927902,-8.84533036351204,-5.974082853645087,11.454592546820642,2.968246679753066,-10.979634565114976,5.241348333656789,1.946245944499971,thrust_eff,203,False,10.594818257344112,gate_miss,-13.164149317890406,12.260671891272068,eta15_y1.5,1.8074122478397807,0.9375230967998505,20.412887912243605,17.269033519551158,10.19752470465902,27,-5.344391521066427,18.016666777015935,-9.22815767582506,-11.09804130345583,7.3293614797226665,31.784454772032337,-1.5330077074468136,62.16312837600708,-173.34999851882458,342.49613396823406,1.5
59,2671.837640181184,18876.00056000054,973.1973187066615,0.47692645713686943,12.220154303312302,0.25544169545173645,9.956009459495547,5.689844772219659,-13.303698509931566,3.1001516617834577,-0.8097667604684826,thrust_eff,185,False,9.483932795053676,gate_miss,2.885085204616189,-16.85018353164196,eta15_y1.5,1.9576288889357398,-35.16736388206482,0.7152560167014599,-1.079121744260192,14.185878841811844,28,-6.3109904527664185,8.39840819089819,-22.320041181519628,7.456474095582962,11.38071935406441,27.98528393577735,-0.2812654413282871,49.8002073764801,-221.43944464623928,-851.6629977151752,1.5
70,7667.845822274685,16263.978219032288,1320.8039803430438,3.4887086413800725,3.7501761585474007,-3.123201940208674,2.943065509200096,-5.960745222866536,2.691511854529381,2.472318872809411,10.735723543167115,thrust_eff,400,False,inf,no_recovery,-6.440261844545603,-1.3039301615208387,eta15_y1.5,nan,5.053958967328072,-16.96453015320003,8.369737397879362,nan,29,0.8395515847951174,nan,-14.280708692967892,-9.306472107768059,nan,nan,22.92215509340167,99.56755256652832,823.8788226619363,-435.16490310430527,1.5
49,19902.97653608024,6620.287395492196,728.1649900600314,-1.167203150689602,-8.483002254366877,3.514535777270795,-10.753876706957818,1.5731524676084518,-0.28097048699855875,-1.6273822635412216,-7.252800250053407,thrust_eff,381,False,inf,no_recovery,24.33147905394435,24.850782565772533,eta15_y1.5,nan,-4.834990352392197,15.658260276541114,-17.158270068466663,nan,30,-13.736859941855073,nan,5.807360270991921,5.249503701925278,nan,nan,7.599622253328562,71.50631475448608,-809.0183487161994,448.5162153840065,1.5
41,12328.61633643508,4039.5003389567137,517.0461701229215,-5.972278933972121,-12.269579207897188,-5.045464541763068,13.037693381309513,1.4353925585746765,-6.33327392935753,5.644176810979844,-4.914961874485016,thrust_eff,191,False,10.949373255595736,gate_miss,-19.164160266518593,-7.107778592035174,eta15_y1.5,0.8693495666294753,12.87695199251175,-19.4144144654274,-23.582859430462122,11.487082387965305,31,11.312683206051588,23.189101080745505,1.858876501210034,1.2265525460243225,13.139247906714884,26.828121782777245,-1.1655322145670652,32.71469831466675,-667.6656553521752,-173.7202288582921,1.5
64,20453.08298267424,13703.275879770517,1110.8983116224408,2.151105388998986,0.8025150060653683,4.6860604137182245,-6.116278070211411,-3.010476373136044,5.157540428638459,-5.174055755138398,5.922892248630525,thrust_eff,322,False,inf,no_recovery,12.19823881983757,18.35113186389208,eta15_y1.5,nan,-16.992389634251595,19.841753039509058,1.1210182681679726,nan,32,-24.20846540480852,nan,-10.333694037981331,-8.40791268646717,nan,nan,16.218497479334474,83.48111200332642,624.6551832184196,187.17453461140394,1.5
44,7323.295364901423,11725.070190280676,591.0008524544537,-2.960675653070212,-3.695807245373727,2.083216018974782,5.592300090193749,-1.1639256700873375,10.113722142577174,0.7010002322494984,13.04267325103283,thrust_eff,355,False,inf,no_recovery,14.869837975129485,-22.763466089963913,eta15_y1.5,nan,-22.990580424666405,10.56281286291778,17.165024438872933,nan,33,-5.84132862277329,nan,-4.008644060231745,-3.1731102615594864,nan,nan,24.100425692275167,57.89996814727783,370.1887182891369,-650.1487199217081,1.5
67,15328.511490523815,21357.640474662185,1183.2366828806698,5.1390844881534585,8.427040323615074,-1.6955501921474934,-13.055064412951472,3.302222192287446,-8.601698049902918,-1.1714860908687115,-12.260209634900095,thrust_eff,400,False,inf,no_recovery,-3.1803651247173548,2.5619360152632,eta15_y1.5,nan,27.11550161242485,-9.549534833058715,-8.375059487298131,nan,34,18.7386489007622,nan,-17.517072982154787,11.004933714866638,nan,nan,6.421322027221322,141.40042161941528,-355.23930564522743,663.4941514581442,1.5
47,22328.18064287305,5974.281185418367,681.5406174398959,-1.6187670081853867,-14.376739025115969,-5.753404028713704,11.998793148994448,-4.796805549412967,0.6960002213716514,2.1289556957781324,4.729144656658175,thrust_eff,142,False,inf,no_recovery,20.40802938863635,-9.403406688943505,eta15_y1.5,nan,18.782985135912895,-7.016806863248348,-3.6386726424098015,nan,35,7.61060263030231,nan,-8.964815214276314,-0.3004319965839386,nan,nan,10.821943660266697,32.975501537323,-267.5803665071726,-312.59431801736355,1.5
69,10448.555554822087,15603.003060147166,1223.8208175636828,5.250706840306521,2.4719795107841485,5.386153366416694,-5.298918002843857,2.6694799549877652,-2.220219996571542,-2.783828850835562,-5.975224292278291,thrust_eff,400,False,inf,no_recovery,-10.174246225506067,14.395353477448225,eta15_y1.5,nan,-11.035020649433136,7.248849701136351,21.803731378167868,nan,36,-19.712906843051314,nan,4.870471702888608,8.208291605114937,nan,nan,20.21365210134536,213.64295649528503,226.25607512891293,326.04876793920994,1.5
61,5403.085619807243,18227.33062312007,1020.9001062437892,2.2621733285486707,9.922508856654169,-2.493943423032761,-12.297469970583919,-2.9401854760944848,12.832846158742907,-3.6561961323022847,12.29233386218548,thrust_eff,216,False,9.08158810051062,gate_miss,5.1113075111061335,4.953426448628306,eta15_y1.5,2.066407635695213,21.224123015999794,-21.959716035053134,-12.694247951731086,14.19790142999176,37,12.681209482252598,32.717680456497995,-6.471205148845911,-11.556108087301254,10.634124541824859,27.24476430153186,3.1978269638493657,75.34891247749329,-523.8115472719073,749.6201729401946,1.5
70,12913.448968604207,20706.54801517725,1360.8512761071324,4.115590743720532,14.205173403024677,0.9574084393680096,7.338603901863099,-0.07800287380814552,8.116343691945076,1.0841007828712463,0.7363070100545883,thrust_eff,400,False,inf,no_recovery,-0.9082040283828974,-12.894184421747923,eta15_y1.5,nan,-31.766144409775734,13.112109247595072,-21.796930627897382,nan,38,-12.368333665654063,nan,-2.7622711891308427,-6.155288457870483,nan,nan,3.7139815045520663,201.85591888427734,-727.8689162805676,-547.6094149053097,1.5
53,4552.1855445206165,11069.18113000691,819.2416103556752,-0.24753614142537117,-2.302116876840591,-1.3224677368998528,-0.5086506307125092,4.456032279878856,-10.542814376950265,-0.054410845041275024,-2.8819815784692775,thrust_eff,400,False,inf,no_recovery,17.343730991706252,11.637756181880832,eta15_y1.5,nan,38.420665860176086,-13.63709643483162,3.6334919277578592,nan,39,24.470649799332023,nan,-23.14298482146114,1.9755033105611801,nan,nan,27.321643638424575,101.48632073402405,686.6198373958468,561.0714890062809,1.5
55,17988.634710907936,13044.72309269011,883.7359686382115,1.1039853170514107,5.800206854939461,-3.9256780296564107,0.3854255765676502,0.3695538081228733,-4.6726256847381595,4.581388045102359,-10.6684232711792,thrust_eff,258,False,inf,no_recovery,8.321040868759155,-3.6959747318178415,eta15_y1.5,nan,1.5673728287220001,-4.3582511600106955,12.650777958333492,nan,40,5.335206165909767,nan,9.91148826200515,10.256081745028496,nan,nan,19.698567460291088,67.55946898460388,97.28994369506836,-64.21820428222418,1.5
34,9587.107338532805,3395.9358030557632,342.6500369794667,-3.235524538904429,-10.095337638258936,4.307689402252437,-7.967776939272881,-4.18439406529069,6.761926764249804,-5.6114456467330465,7.397336554527286,thrust_eff,65,False,7.971936233036778,gate_miss,-23.230120167136192,20.993900205940008,eta15_y1.5,1.029652791558146,-8.231330439448357,3.247325448319316,-12.065462488681078,11.021767336315344,41,-17.43903672322631,17.35928822483768,-14.006765787489712,-5.425612986087799,3.499658439953716,23.915808699110332,-4.131659862585366,14.55651593208313,-84.09505784511566,77.56969425827265,1.5
70,16149.521132409573,7521.703257411718,1238.4309377521276,-5.455043926835061,11.545185068249705,-3.5042988695204262,-4.3462434142827995,2.474756721407176,3.510852652788163,3.560406558215619,14.185972005128864,thrust_eff,377,False,inf,no_recovery,9.56645030528307,6.989066489040852,eta15_y1.5,nan,-14.715143963694572,4.948598751798272,-22.403876250609756,nan,42,3.6655712872743607,nan,-4.478238048031926,5.707261651754379,nan,nan,26.706341959536076,135.87668251991272,-24.30139370262623,-6.207999587059021,1.5
46,6524.3772833794355,17812.882407531142,662.3294349759817,1.820191640406847,-1.4262533515691764,3.121754430234433,11.14982976615429,-4.988782826811076,-1.1983089566230767,-4.4057151451706895,-10.918401235342028,thrust_eff,400,False,inf,no_recovery,-21.203854121267796,-17.64662633650005,eta15_y1.5,nan,15.080889016389847,-6.181424157693982,3.06922416202724,nan,43,-15.794224198907614,nan,-17.18566594645381,-9.78327302634716,nan,nan,4.903366833925247,124.64414167404175,37.55262605845928,19.559338688850403,1.5
61,21234.473910704255,5085.463097020984,1036.3176955841482,-2.4430787265300755,4.87515204548836,0.6126603484153748,-11.357429605722428,-2.3673297800123696,-14.242131105065347,2.8784747086465368,-4.306586953997613,thrust_eff,80,False,inf,no_recovery,-6.010510446503758,22.48572283424437,eta15_y1.5,nan,24.906672835350037,-14.871232490986586,18.341999035328627,nan,44,-10.698758391663432,nan,2.8775006905198097,-1.5166106075048447,nan,nan,-3.7157439962029457,39.056946754455566,739.3274607136846,-479.0521977469325,1.5
52,19081.050634905696,12866.224575042725,799.7620637528598,0.05198802798986435,-11.594555202126504,1.6911386623978615,-1.4899989455938343,3.9005952961742887,9.140560680627825,5.331822495907546,9.292717328667642,thrust_eff,400,False,inf,no_recovery,-17.994406772777438,15.998186031356454,eta15_y1.5,nan,37.08429075777531,-23.749847197905183,-3.0379259027540684,nan,45,-2.2222393192350864,nan,-15.98290994297713,11.85819947719574,nan,nan,21.403004115447402,111.94883680343628,-471.0494013503194,-685.2972317487001,1.5
70,8467.699465453625,2586.166039481759,1376.2668575160205,-3.9170958884060387,1.4775460928678523,-2.0758744664490227,8.156475922465326,-0.6358196027576923,-7.725656211376191,-4.861697126179934,-8.725565251708032,thrust_eff,400,False,inf,no_recovery,0.05722087807953358,-7.904317602515221,eta15_y1.5,nan,-33.124492317438126,24.884991766884923,22.374007292091846,nan,46,14.35088012367487,nan,7.644811156205833,-4.010262742638588,nan,nan,10.206608666107059,191.75989294052124,484.2108367010951,698.6426901072264,1.5
33,14006.549485772848,20371.15837879479,323.4408460557461,3.0634082928299913,-4.8208383321762085,-4.675788816064597,-8.933634477853776,-4.007409978657962,-5.46426285803318,0.3343522623181343,-1.211598283052444,thrust_eff,222,False,inf,no_recovery,22.287965659052134,0.19678305834531784,eta15_y1.5,nan,-6.892537176609039,8.77330880612135,6.41008079983294,nan,47,9.255319787189364,nan,-21.16683675441891,-7.752389386296272,nan,nan,1.2934633996337652,37.2155876159668,285.99435836076736,-265.13244677335024,1.5
40,10162.806783765554,19396.4599262923,497.69298899918795,-2.1214206553995614,12.77017784714699,5.171982463449241,0.6330596655607224,-3.884344976395369,-7.505317836999894,-3.9172958694398408,5.240563005208969,thrust_eff,46,True,0.6009181309030833,land,1.0592379607260227,23.135294672101736,eta50_y0.25,0.0009303316242603438,16.955235451459885,19.0353250131011,4.51172012835741,0.0770340427848294,0,15.783858671784401,0.05661908318131159,-0.22914819419384003,10.81572874635458,0.0007214545360882842,1.80275439270925,25.123582079075277,13.654274940490723,-113.55709210038185,-417.47618559747934,0.25
60,22003.51373590529,9733.150017410517,988.4210484102368,5.99024210125208,-3.1153085768222812,-4.784041263163091,-7.2134568303823485,0.5851454548537731,9.803853964805604,3.262239608913661,-5.569043809175492,thrust_eff,133,True,0.60091912547902,land,-17.38814590498805,-3.1025650445371866,eta50_y0.25,0.0005659419799575012,-12.838575467467308,-20.21931642666459,-20.723187271505594,0.08448940787818413,1,-3.6693564616143703,0.0335024006588655,-21.430216832086444,-3.7398790642619133,0.0004182435912423951,1.8027573764370601,5.3820998733863235,45.533568382263184,154.83968183398247,404.02188654989004,0.25
68,16958.004743754864,7296.555628404021,1198.2591574080288,2.978590093553067,-9.72909208238125,1.5873269028961658,-0.2570648968219764,-0.4775525741279125,-6.135135957598687,2.3915318995714197,11.910821118950846,thrust_eff,154,True,0.6009219214259455,land,23.286500992253423,-18.562558572739363,eta50_y0.25,0.00013690455822822631,23.027891218662262,9.954748721793294,13.530180463567376,0.11640836691988173,2,10.701672872528434,0.007923305671631454,-15.172692481428385,1.0465024933218956,9.7117265824172e-05,1.8027657642778363,17.241653374396265,54.18629288673401,-874.2735872045159,883.9110676199198,0.25
54,4204.81905259192,4797.610537484288,850.7191375829279,4.126091245561839,-12.605506896972658,-0.024181567132472992,5.2013723105192184,-2.490366127341986,-1.4327234566211704,-4.9621393382549295,0.23548960983753275,thrust_eff,114,True,0.600935989426757,land,-20.647471072152257,0.8441607933491468,eta50_y0.25,0.0004914144969321659,-34.995635598897934,-0.3377179615199566,20.728640956804156,0.16544481355133162,3,-14.346344117075205,0.03030536218494424,-11.49883943144232,4.664905361831188,0.0004194230688649394,1.802807968280271,21.882743866182864,35.85815691947937,-574.27844312042,-638.3940210565925,0.25
70,9279.889734685421,12311.157532930374,1335.8260614797473,1.1375099010765553,-6.949786081910134,3.3441967405378827,12.196765601634983,2.4102219007909307,12.270349618792537,-1.466168325394392,-10.156986898183824,thrust_eff,77,True,0.6009220015016707,land,13.973918743431568,16.54871804639697,eta50_y0.25,3.2594838632824555e-05,4.796457514166832,16.559293726459146,-13.572303391993046,0.0011696129305337048,4,21.38028289191425,0.0018786060736099783,-16.35405260603875,-2.7245056852698326,2.250497835727513e-05,1.8027660045050122,0.7419531503692269,32.31154203414917,421.82103730738163,-211.18331775069237,0.25
54,17641.272818371654,21955.000400319695,846.3124645873904,-3.5066860467195515,9.895026728510857,-3.705516859889031,-4.705873757600784,-5.146929647773505,-13.55720934569836,0.4362938292324543,7.8035127460956595,thrust_eff,98,True,0.6009035062060323,land,-5.445306934416294,-8.822443941608071,eta50_y0.25,6.112748301926742e-05,-5.016655921936035,-16.058918880298734,11.03414474055171,0.0074016610760946335,5,-9.26425433717668,0.004423387093045414,-5.304377232678235,6.910327546298504,8.976895794226394e-05,1.802710518618097,14.29491647426039,29.155400037765503,-435.0036319345236,197.83199205994606,0.25
70,14520.575602725148,5378.0021169781685,1307.123094983399,0.27645403146743774,-11.119725215435029,-0.8253758959472179,6.240275117754937,3.6524765118956575,5.7200370222330115,-2.8523608110845093,-0.41438388526439596,thrust_eff,162,True,0.600915566681472,land,19.4983568508178,3.1394968274980783,eta50_y0.25,1.0570477863471252e-05,-38.38335685431957,-12.733014021068811,0.04782923497259617,0.0015456025687927218,6,-16.876669647172093,0.000591567544808968,3.9830109756439924,-5.989520765841007,6.3687709494380705e-06,1.8027467000444157,18.659298038110137,54.453989028930664,-290.6549245119095,-773.7383767962456,0.25
49,2285.554897338152,15015.834709480405,731.1393471434712,-4.098394419997931,1.0009581327438362,1.2072964310646057,-12.912024459242822,-0.9048121422529221,-4.420763602852823,2.006873432546855,3.232366588711738,thrust_eff,155,False,1.213049895647799,gate_miss,-12.44984338991344,-20.607367157936096,eta50_y0.25,0.43808710657653754,31.727617532014847,14.014665596187115,-24.460890935733914,5.422220698970615,7,3.9930856321007013,7.278299373886795,-7.936095725744963,10.063878424465656,0.6913184136337766,2.010510554724059,-3.1085507441312075,33.644307374954224,333.69882702827454,760.2762892842293,0.25
59,19516.698845028877,7821.979699507356,967.508049774915,3.264479711651803,-5.300500372052193,4.044515512883664,13.182934033870698,-3.5450778454542164,-9.389194643497468,-3.481463715434075,10.343797928094865,thrust_eff,68,True,0.6009098333667996,land,-15.21609527990222,12.692097760736942,eta50_y0.25,0.00013193761956887593,8.269709944725037,3.957620682194829,-9.255016315728426,0.020387706103994124,8,22.347297053784132,0.007842978549387784,-5.585936717689037,1.798314280807972,9.993260051531788e-05,1.802729500100399,4.737090131267905,23.621500730514526,471.22273575514555,-300.83838533610106,0.25
36,7399.539191350341,17470.610119700432,392.0475115068257,-1.0867459885776043,7.783436331152917,-4.409665647894145,-5.463472491502763,0.9856147393584251,7.976211816072464,4.326583430171014,-7.750403183698655,thrust_eff,400,False,inf,no_recovery,3.4200028516352177,-11.214226437732577,eta50_y0.25,nan,-1.6045240312814713,-3.6525333765894175,16.089957766234875,nan,9,-9.462198801338673,nan,-20.4615121986717,-6.710773028433323,nan,nan,26.282374707981944,39.643518686294556,-486.23476792126894,287.48688865453005,0.25
44,20088.264473229647,20031.669628173113,593.4374363161623,-5.279653362929822,11.17626344561577,5.966741278767587,3.250460931658747,1.9728581383824348,14.042605224251748,-0.30834710597991943,-5.3068831980228435,thrust_eff,94,False,2.05451500388988,gate_miss,-2.941662259399891,19.179206155240536,eta50_y0.25,1.0687592683550426,11.072327867150307,6.6392626613378525,24.41891273483634,3.2290842443474728,10,15.585818188264966,12.327090023339279,-24.442740376107395,-11.765271909534931,0.6820937398347315,2.0268355306375976,13.392282076179981,20.20352268218994,-737.3139364644885,-109.8113302141428,0.25
67,12083.014342263341,10402.486947104335,1170.0935543514788,1.6015420518815517,-1.059089487791061,-5.581152733415366,-10.052288398146631,-5.469807296991349,-11.841188183426858,0.7782850563526154,5.425271290540696,thrust_eff,197,True,0.6009072294514923,land,16.288050450384617,-5.3985032718628645,eta50_y0.25,0.00010544025890081014,-18.821513801813126,-7.6279195956885815,-0.004228018224239349,0.08277775062567196,11,-2.702246094122529,0.005769630607042339,-1.6032403381541371,3.9160591140389442,5.504736748528656e-05,1.802721688354477,2.1584943532943726,65.48258900642395,780.4465698078275,96.35688029229641,0.25
41,15082.904444560409,12533.8377764076,529.6144155785441,-2.2910770252346997,5.239238181710245,-2.653113383799792,10.653639256954193,-2.0796789228916173,-3.318467080593109,-5.25277091190219,13.438058701157573,thrust_eff,59,True,0.6010452689116336,land,6.484492821618915,9.932210156694055,eta50_y0.25,0.002959970706542727,-21.18575006723404,-22.763089137151837,-16.08455046080053,0.23251334876204896,12,-21.056553721427917,0.17610828870385806,-12.70491807255894,7.65928403288126,0.001973437764330566,1.8031358067349006,9.782611541450024,13.881294965744019,17.96543262898922,-529.9220385029912,0.25
64,6958.481907248497,2876.557444781065,1104.6725807711482,4.613372068852187,-7.720361396670342,2.285771884024144,-3.043162089586259,5.38985724002123,1.0040015280246735,4.782468158751727,-11.745082649588586,thrust_eff,183,True,0.6009046944178613,land,-24.482710333541036,-14.705765619874,eta50_y0.25,1.074426342089426e-05,28.94498459994793,22.360368678346276,9.247989533469081,0.017134677776915838,13,8.171443361788988,0.000669196315533279,8.750364207662642,-0.47187573462724686,9.699767071186363e-06,1.802714083253584,21.236949309706688,64.8395791053772,-32.90225900709629,516.5766773745418,0.25
50,18106.11516289413,8277.18818306923,750.3649826161563,3.8999166190624246,13.89514016211033,-1.5887618958950043,-13.892820185422899,-1.4745317995548248,4.923044818639756,-4.231898970901967,-9.871623972058298,thrust_eff,185,True,0.7764954381385626,land,11.586870765313506,-0.7801487110555172,eta50_y0.25,0.44653198972464037,33.083522245287895,24.12891718558967,18.782622553408146,2.587565250995143,14,-19.210247695446014,4.658972628831376,-18.34437631070614,0.020373724400997162,0.8722062236261697,2.0487184738639455,2.3166156066581607,49.301005363464355,-85.60845404863358,-468.3957528322935,0.25
70,8837.138950526714,18557.09475018084,1292.4943829886615,-0.08088886365294456,-1.9903258770704273,1.9566821940243244,7.061109638214113,3.085504241287709,-7.010752129554749,3.576835535466672,8.175132510066035,thrust_eff,142,True,0.6009148924416029,land,-20.161069789901376,23.913535056635737,eta50_y0.25,4.1443139162157746e-05,-37.044542133808136,-24.5074478443712,-5.6954012252390385,0.02487546006208114,15,6.300374586135149,0.0024391273308419907,-3.1782699655741453,-7.9269459173083305,3.022358371674957e-05,1.8027446773248088,11.74571533780545,61.614747762680054,70.72771936655045,455.0502944737673,0.25
58,3722.45076097548,15945.423320233822,952.0754747092724,-3.0923576764762406,-10.404054397344591,-5.176347501575948,14.015743812918664,-3.356192976236344,10.798561933636666,2.7573086880147466,-1.908051931858063,thrust_eff,80,True,0.6009047956554678,land,14.261951297521591,8.306300174444914,eta50_y0.25,0.00013847933876842382,6.933351531624794,7.818869594484568,9.85498265363276,0.08353540158393005,16,-0.8313084486871958,0.0079334392809844,1.5753481350839138,11.273486696183681,9.403863020880693e-05,1.8027143869664035,11.229760381393135,31.64018201828003,-677.5749357417226,31.314956210553646,0.25
66,16491.62846416235,13384.36780795455,1154.6588566154242,-1.8029494509100914,-13.730523875355722,3.712870929390193,-9.099068087339402,-5.650247856974603,11.450528115034103,-4.502473790198565,-13.864530444145204,thrust_eff,101,True,0.6009433702522887,land,-17.096293810755014,-22.24054210819304,eta50_y0.25,0.0015068111624435307,-15.121857300400734,-5.32616819255054,5.67792053334415,0.14564825001703816,17,24.218330066651106,0.09018542261964915,6.616405374370515,6.250409714877605,0.0011684797837642007,1.8028301107568663,-4.755151043646038,45.9111270904541,-545.9728030487895,-246.3455893099308,0.25
45,5522.727333828807,3093.3455272763968,612.9319604486227,5.484007682651282,1.827522334456443,-3.348618641495705,2.404466915130616,1.790036402642727,-12.640269184112551,5.531987797468902,11.267619752883913,thrust_eff,68,True,0.600903837937338,land,2.321495395153761,1.6223049722611904,eta50_y0.25,0.00013279335715794322,14.754894375801086,5.802329024299979,-18.763709580525756,0.04589998151270535,18,-11.3084452226758,0.00763776810970511,-15.095227821730077,-2.068982385098934,0.00010332827445401264,1.802711513812014,18.817385730333626,23.302165508270264,531.0162188485265,232.99423679709435,0.25
64,21497.518742457032,21039.08783785999,1090.0458767078817,-4.791347779333592,-6.274748289585114,-0.4172833487391472,-2.10543255507946,5.941839180886746,-0.49468906223773956,-1.057866744697094,3.980822691321375,thrust_eff,140,True,0.6009140602003189,land,23.7706093583256,-6.4879137091338634,eta50_y0.25,2.547439646196015e-05,25.242909938097,15.276440512388945,-9.8252447322011,0.0026233105592757887,19,-18.747643055394292,0.0014697022099095381,0.5307234497740865,-10.349927388131618,1.7108194391485398e-05,1.8027421806009567,27.729556863196194,59.02162170410156,280.9372913092375,-729.7925865277648,0.25
42,10646.710216850042,10778.647105842829,548.8421901129186,2.471988033503295,10.570043706893923,0.034464966505765915,9.791495499014857,-1.5183577984571457,2.0207207232713706,0.02798793464899063,-6.802321234345437,thrust_eff,99,False,4.896712994448917,gate_miss,-7.396114384755492,17.314655287191272,eta50_y0.25,1.3928262628660704,-24.865851923823357,-14.214340411126614,15.489163529127836,7.641200495985819,20,5.839296290650964,29.3802779666935,-22.05243453849107,5.51817112416029,1.4834221196270212,14.529813766513298,3.8639602782204747,25.591395378112793,-237.94797845184803,716.3303816691041,0.25
62,6177.008340954781,16554.370265230536,1042.0048664323986,-5.793223444372416,-11.794749274849893,4.414042465388776,-8.285219353437425,0.012130346149206161,-10.313166484236719,-2.4872749820351605,13.78329770565033,thrust_eff,65,True,0.6009068223109485,land,18.343815207481384,-19.84742465429008,eta50_y0.25,1.3314499916073637e-05,-11.65540099143982,-17.93122491799295,23.252798849716783,0.005495304620323176,21,19.70515246503055,0.0008068929413886852,-13.175181718543172,-7.175866641104221,1.1201411097374185e-05,1.8027204669328454,8.263338612392545,32.45393753051758,-375.2097599208355,-167.23687034100294,0.25
38,15842.30575285852,6287.899955958128,448.7060288898647,1.9273260310292244,0.32592742145061493,-4.051823113113643,1.362048482894897,-4.448021080344916,8.803064140677453,1.6417832896113396,-11.426308250427248,thrust_eff,55,True,0.6009206706000552,land,-0.2939101308584213,5.480260215699673,eta50_y0.25,0.0010178441429460501,18.155499920248985,18.212101934477687,-1.9639768172055483,0.08175971633870384,22,-7.613111799582839,0.06823477763121207,9.085378218442202,2.2678024247288704,0.001211011664930848,1.8027620118001655,23.843554133549333,17.118989944458008,362.0834983885288,153.88545412570238,0.25
70,11262.077687457204,19178.424126654863,1252.1139211952686,-2.805014748126269,-4.1754696607589725,-1.2175333611667156,-1.3443181961774826,-0.28299036249518394,6.525795972347261,-3.1675472594797616,-3.92156974375248,thrust_eff,168,True,0.6009053185477318,land,-22.625314304605126,-10.442076995968819,eta50_y0.25,4.731627492383047e-05,21.84717185795307,2.8785199858248234,-17.24997879937291,0.011449570166971814,23,-12.671249452978373,0.0028445804128694146,-23.4277231618762,9.026042349636555,3.633946272275473e-05,1.8027159556431953,14.966629328206182,71.86615562438965,668.3573937043548,-583.9006215333939,0.25
46,20887.109567672014,8883.857448622584,659.357175976038,4.938791267573834,8.908460390567782,0.8268233835697174,8.808842691779137,4.157156791538001,-5.3517663180828094,4.012674149125815,6.953092440962791,thrust_eff,59,False,1.0499558737613448,gate_miss,9.324513142928481,15.020654210820794,eta50_y0.25,0.44332768438356174,-28.356718868017197,-1.6210824251174927,7.289283536374569,1.3288605963260627,24,0.5807468667626381,6.299735242568069,-2.4830070044845343,-4.967797972261906,0.6696799284434457,1.918154919913795,-0.39102100394666195,20.164246559143066,-627.03961674124,570.4385608434677,0.25
56,18756.38127744198,21657.91748225689,904.5718442648649,-4.328975021839143,-0.38411343991756475,2.6545948460698137,4.44722399711609,-2.6764840297400956,0.023356112837792153,1.1858127526938915,-8.221229651570322,thrust_eff,131,True,0.6009852311191962,land,21.358046540990472,21.519875014200807,eta50_y0.25,0.00010943487725879344,-31.139118149876595,-12.098441226407886,-23.284014873206615,0.20686456287269356,25,12.376862904056907,0.001919777733287884,-18.62473097164184,8.500842489302158,0.00034312718782129805,1.8029556933575888,24.764045793563128,43.596524477005005,808.309336937964,818.8698275014758,0.25
52,3107.409017831087,3709.8974922299385,797.3275779746473,3.683191169053317,4.114262133836746,5.585564240813256,-3.6490524262189865,-4.59165207669139,13.054928076267245,-5.711658261716367,-1.6142494082450867,thrust_eff,91,True,0.6009180010901108,land,6.063948106020689,-13.933713687583804,eta50_y0.25,0.00015845052775837273,-8.853617534041405,-21.57264780253172,-7.306718220934272,0.023264233387800076,26,17.434905841946602,0.009120841496354028,5.136885060928762,3.2678714767098427,9.598348301570849e-05,1.8027540032703324,16.108712535351515,34.108407974243164,214.57818634808064,-355.9505570679903,0.25
70,13720.793740227818,13995.814334228635,1389.4120841287076,-1.3169618099927902,-8.84533036351204,-5.974082853645087,11.454592546820642,2.968246679753066,-10.979634565114976,5.241348333656789,1.946245944499971,thrust_eff,112,True,0.6009147485515832,land,-13.164149317890406,12.260671891272068,eta50_y0.25,0.0009423382374265833,0.9375230967998505,20.412887912243605,17.269033519551158,0.09226733906936278,27,-5.344391521066427,0.05134896071375277,-9.22815767582506,-11.09804130345583,0.00046365869219817745,1.8027442456547496,-1.5330077074468136,49.22110033035278,-173.34999851882458,342.49613396823406,0.25
59,2671.837640181184,18876.00056000054,973.1973187066615,0.47692645713686943,12.220154303312302,0.25544169545173645,9.956009459495547,5.689844772219659,-13.303698509931566,3.1001516617834577,-0.8097667604684826,thrust_eff,63,True,0.601038237866451,land,2.885085204616189,-16.85018353164196,eta50_y0.25,0.011670306525618197,-35.16736388206482,0.7152560167014599,-1.079121744260192,0.5539782732379208,28,-6.3109904527664185,0.6909119803692656,-22.320041181519628,7.456474095582962,0.008398467489647307,1.8031147135993533,-0.2812654413282871,22.822091579437256,-221.43944464623928,-851.6629977151752,0.25
70,7667.845822274685,16263.978219032288,1320.8039803430438,3.4887086413800725,3.7501761585474007,-3.123201940208674,2.943065509200096,-5.960745222866536,2.691511854529381,2.472318872809411,10.735723543167115,thrust_eff,157,True,0.6009061138684456,land,-6.440261844545603,-1.3039301615208387,eta50_y0.25,1.9757378241029935e-05,5.053958967328072,-16.96453015320003,8.369737397879362,0.0007147529993358269,29,0.8395515847951174,0.0011417936725499932,-14.280708692967892,-9.306472107768059,1.3459403202969833e-05,1.802718341605337,22.92215509340167,55.11791110038757,823.8788226619363,-435.16490310430527,0.25
49,19902.97653608024,6620.287395492196,728.1649900600314,-1.167203150689602,-8.483002254366877,3.514535777270795,-10.753876706957818,1.5731524676084518,-0.28097048699855875,-1.6273822635412216,-7.252800250053407,thrust_eff,71,True,0.6009279331867589,land,24.33147905394435,24.850782565772533,eta50_y0.25,0.0016656463525259162,-4.834990352392197,15.658260276541114,-17.158270068466663,0.1845054002676632,30,-13.736859941855073,0.10186860743906412,5.807360270991921,5.249503701925278,0.001300008950619412,1.8027837995602765,7.599622253328562,21.143651485443115,-809.0183487161994,448.5162153840065,0.25
41,12328.61633643508,4039.5003389567137,517.0461701229215,-5.972278933972121,-12.269579207897188,-5.045464541763068,13.037693381309513,1.4353925585746765,-6.33327392935753,5.644176810979844,-4.914961874485016,thrust_eff,62,False,1.7415771213492173,gate_miss,-19.164160266518593,-7.107778592035174,eta50_y0.25,0.3200940117107777,12.87695199251175,-19.4144144654274,-23.582859430462122,3.61157605356709,31,11.312683206051588,10.449462728095304,1.858876501210034,1.2265525460243225,0.07803452963387365,1.9106800637531438,-1.1655322145670652,15.339781045913696,-667.6656553521752,-173.7202288582921,0.25
64,20453.08298267424,13703.275879770517,1110.8983116224408,2.151105388998986,0.8025150060653683,4.6860604137182245,-6.116278070211411,-3.010476373136044,5.157540428638459,-5.174055755138398,5.922892248630525,thrust_eff,88,True,0.6009128381344725,land,12.19823881983757,18.35113186389208,eta50_y0.25,5.346641133022268e-05,-16.992389634251595,19.841753039509058,1.1210182681679726,0.004461260939567233,32,-24.20846540480852,0.003124513665933611,-10.333694037981331,-8.40791268646717,3.755172158091965e-05,1.8027385144034176,16.218497479334474,33.90568566322327,624.6551832184196,187.17453461140394,0.25
44,7323.295364901423,11725.070190280676,591.0008524544537,-2.960675653070212,-3.695807245373727,2.083216018974782,5.592300090193749,-1.1639256700873375,10.113722142577174,0.7010002322494984,13.04267325103283,thrust_eff,59,True,0.6009128304585967,land,14.869837975129485,-22.763466089963913,eta50_y0.25,0.0013629565555269652,-22.990580424666405,10.56281286291778,17.165024438872933,0.013397193245635399,33,-5.84132862277329,0.07098622710838849,-4.008644060231745,-3.1731102615594864,0.0004735456589913091,1.80273849137579,24.100425692275167,17.29150891304016,370.1887182891369,-650.1487199217081,0.25
67,15328.511490523815,21357.640474662185,1183.2366828806698,5.1390844881534585,8.427040323615074,-1.6955501921474934,-13.055064412951472,3.302222192287446,-8.601698049902918,-1.1714860908687115,-12.260209634900095,thrust_eff,107,True,0.6009195208745529,land,-3.1803651247173548,2.5619360152632,eta50_y0.25,0.00014245015663225547,27.11550161242485,-9.549534833058715,-8.375059487298131,0.04848520682450418,34,18.7386489007622,0.008867825398595248,-17.517072982154787,11.004933714866638,0.00013632918732223571,1.8027585626236589,6.421322027221322,42.75114035606384,-355.23930564522743,663.4941514581442,0.25
47,22328.18064287305,5974.281185418367,681.5406174398959,-1.6187670081853867,-14.376739025115969,-5.753404028713704,11.998793148994448,-4.796805549412967,0.6960002213716514,2.1289556957781324,4.729144656658175,thrust_eff,99,True,0.6009151389746299,land,20.40802938863635,-9.403406688943505,eta50_y0.25,0.00036558007931346954,18.782985135912895,-7.016806863248348,-3.6386726424098015,0.022797100066772193,35,7.61060263030231,0.021931813121294143,-8.964815214276314,-0.3004319965839386,0.0002938353805532434,1.8027454169238897,10.821943660266697,28.58585834503174,-267.5803665071726,-312.59431801736355,0.25
69,10448.555554822087,15603.003060147166,1223.8208175636828,5.250706840306521,2.4719795107841485,5.386153366416694,-5.298918002843857,2.6694799549877652,-2.220219996571542,-2.783828850835562,-5.975224292278291,thrust_eff,77,True,0.6009248666453816,land,-10.174246225506067,14.395353477448225,eta50_y0.25,1.0646518390559592e-05,-11.035020649433136,7.248849701136351,21.803731378167868,0.002444572524008083,36,-19.712906843051314,0.0006003639498530132,4.870471702888608,8.208291605114937,6.93972962430451e-06,1.8027745999361446,20.21365210134536,35.80944037437439,226.25607512891293,326.04876793920994,0.25
61,5403.085619807243,18227.33062312007,1020.9001062437892,2.2621733285486707,9.922508856654169,-2.493943423032761,-12.297469970583919,-2.9401854760944848,12.832846158742907,-3.6561961323022847,12.29233386218548,thrust_eff,117,True,0.6009134850860449,land,5.1113075111061335,4.953426448628306,eta50_y0.25,0.0010516716795636106,21.224123015999794,-21.959716035053134,-12.694247951731086,0.0783467333138952,37,12.681209482252598,0.0624345908619548,-6.471205148845911,-11.556108087301254,0.0007286149399886328,1.8027404552581348,3.1978269638493657,39.426281690597534,-523.8115472719073,749.6201729401946,0.25
70,12913.448968604207,20706.54801517725,1360.8512761071324,4.115590743720532,14.205173403024677,0.9574084393680096,7.338603901863099,-0.07800287380814552,8.116343691945076,1.0841007828712463,0.7363070100545883,thrust_eff,174,True,0.6009243846239672,land,-0.9082040283828974,-12.894184421747923,eta50_y0.25,0.00039365685627507183,-31.766144409775734,13.112109247595072,-21.796930627897382,0.07943407383350706,38,-12.368333665654063,0.024309211479760028,-2.7622711891308427,-6.155288457870483,0.0003148707270041748,1.8027731538719016,3.7139815045520663,58.161797523498535,-727.8689162805676,-547.6094149053097,0.25
53,4552.1855445206165,11069.18113000691,819.2416103556752,-0.24753614142537117,-2.302116876840591,-1.3224677368998528,-0.5086506307125092,4.456032279878856,-10.542814376950265,-0.054410845041275024,-2.8819815784692775,thrust_eff,80,True,0.6009177069508185,land,17.343730991706252,11.637756181880832,eta50_y0.25,8.937397786560678e-05,38.420665860176086,-13.63709643483162,3.6334919277578592,0.013006635190591509,39,24.470649799332023,0.005489717842549153,-23.14298482146114,1.9755033105611801,8.084115923290145e-05,1.8027531208524554,27.321643638424575,25.130399703979492,686.6198373958468,561.0714890062809,0.25
55,17988.634710907936,13044.72309269011,883.7359686382115,1.1039853170514107,5.800206854939461,-3.9256780296564107,0.3854255765676502,0.3695538081228733,-4.6726256847381595,4.581388045102359,-10.6684232711792,thrust_eff,100,True,0.6009097799393569,land,8.321040868759155,-3.6959747318178415,eta50_y0.25,6.23089180470493e-05,1.5673728287220001,-4.3582511600106955,12.650777958333492,0.02971763809661907,40,5.335206165909767,0.003794749553258313,9.91148826200515,10.256081745028496,5.149072364091564e-05,1.8027293398180706,19.698567460291088,30.956483840942383,97.28994369506836,-64.21820428222418,0.25
34,9587.107338532805,3395.9358030557632,342.6500369794667,-3.235524538904429,-10.095337638258936,4.307689402252437,-7.967776939272881,-4.18439406529069,6.761926764249804,-5.6114456467330465,7.397336554527286,thrust_eff,157,False,5.120965896617052,gate_miss,-23.230120167136192,20.993900205940008,eta50_y0.25,0.5066214319543871,-8.231330439448357,3.247325448319316,-12.065462488681078,5.842749284328318,41,-17.43903672322631,30.725795379702312,-14.006765787489712,-5.425612986087799,0.8583080242396915,9.233762416149272,-4.131659862585366,25.877920627593994,-84.09505784511566,77.56969425827265,0.25
70,16149.521132409573,7521.703257411718,1238.4309377521276,-5.455043926835061,11.545185068249705,-3.5042988695204262,-4.3462434142827995,2.474756721407176,3.510852652788163,3.560406558215619,14.185972005128864,thrust_eff,74,True,0.6009112364705477,land,9.56645030528307,6.989066489040852,eta50_y0.25,2.2677932598976295e-06,-14.715143963694572,4.948598751798272,-22.403876250609756,0.0017913836432511695,42,3.6655712872743607,0.00012327166192703564,-4.478238048031926,5.707261651754379,1.374960903477074e-06,1.802733709411643,26.706341959536076,30.693580865859985,-24.30139370262623,-6.207999587059021,0.25
46,6524.3772833794355,17812.882407531142,662.3294349759817,1.820191640406847,-1.4262533515691764,3.121754430234433,11.14982976615429,-4.988782826811076,-1.1983089566230767,-4.4057151451706895,-10.918401235342028,thrust_eff,102,True,0.6010175574622499,land,-21.203854121267796,-17.64662633650005,eta50_y0.25,0.0061884348607050025,15.080889016389847,-6.181424157693982,3.06922416202724,0.3167345381961245,43,-15.794224198907614,0.37414696340436265,-17.18566594645381,-9.78327302634716,0.004255992558835495,1.80305267238675,4.903366833925247,26.126065015792847,37.55262605845928,19.559338688850403,0.25
61,21234.473910704255,5085.463097020984,1036.3176955841482,-2.4430787265300755,4.87515204548836,0.6126603484153748,-11.357429605722428,-2.3673297800123696,-14.242131105065347,2.8784747086465368,-4.306586953997613,thrust_eff,99,True,0.6009967904974086,land,-6.010510446503758,22.48572283424437,eta50_y0.25,0.005660290173438512,24.906672835350037,-14.871232490986586,18.341999035328627,0.3454465193748309,44,-10.698758391663432,0.3352911388447753,2.8775006905198097,-1.5166106075048447,0.0036684137792839123,1.802990371492226,-3.7157439962029457,31.436827898025513,739.3274607136846,-479.0521977469325,0.25
52,19081.050634905696,12866.224575042725,799.7620637528598,0.05198802798986435,-11.594555202126504,1.6911386623978615,-1.4899989455938343,3.9005952961742887,9.140560680627825,5.331822495907546,9.292717328667642,thrust_eff,70,True,0.6009215993859433,land,-17.994406772777438,15.998186031356454,eta50_y0.25,0.00036303441704242813,37.08429075777531,-23.749847197905183,-3.0379259027540684,0.23334308695316924,45,-2.2222393192350864,0.03154408213171455,-15.98290994297713,11.85819947719574,0.0008481221437986044,1.8027647981578299,21.403004115447402,22.672141313552856,-471.0494013503194,-685.2972317487001,0.25
70,8467.699465453625,2586.166039481759,1376.2668575160205,-3.9170958884060387,1.4775460928678523,-2.0758744664490227,8.156475922465326,-0.6358196027576923,-7.725656211376191,-4.861697126179934,-8.725565251708032,thrust_eff,124,True,0.6009044540878692,land,0.05722087807953358,-7.904317602515221,eta50_y0.25,1.8026203202538197e-05,-33.124492317438126,24.884991766884923,22.374007292091846,0.013646170745205388,46,14.35088012367487,0.0010838451512053147,7.644811156205833,-4.010262742638588,1.4697124505120854e-05,1.8027133622636076,10.206608666107059,47.512653827667236,484.2108367010951,698.6426901072264,0.25
33,14006.549485772848,20371.15837879479,323.4408460557461,3.0634082928299913,-4.8208383321762085,-4.675788816064597,-8.933634477853776,-4.007409978657962,-5.46426285803318,0.3343522623181343,-1.211598283052444,thrust_eff,95,True,0.6017814525793697,land,22.287965659052134,0.19678305834531784,eta50_y0.25,0.028372049550409076,-6.892537176609039,8.77330880612135,6.41008079983294,0.8475356562835771,47,9.255319787189364,1.710392921855256,-21.16683675441891,-7.752389386296272,0.02194010045862603,1.805344357738109,1.2934633996337652,18.04338788986206,285.99435836076736,-265.13244677335024,0.25
40,10162.806783765554,19396.4599262923,497.69298899918795,-2.1214206553995614,12.77017784714699,5.171982463449241,0.6330596655607224,-3.884344976395369,-7.505317836999894,-3.9172958694398408,5.240563005208969,thrust_eff,55,True,0.6010099603629225,land,1.0592379607260227,23.135294672101736,eta50_y1.5,0.002513128323041785,16.955235451459885,19.0353250131011,4.51172012835741,0.05396153810704999,0,15.783858671784401,0.13586570238757634,-0.22914819419384003,10.81572874635458,0.0013337832418175355,1.8030298810887675,25.123582079075277,14.766841411590576,-113.55709210038185,-417.47618559747934,1.5
60,22003.51373590529,9733.150017410517,988.4210484102368,5.99024210125208,-3.1153085768222812,-4.784041263163091,-7.2134568303823485,0.5851454548537731,9.803853964805604,3.262239608913661,-5.569043809175492,thrust_eff,203,True,0.6009121005468925,land,-17.38814590498805,-3.1025650445371866,eta50_y1.5,0.0036301540714406095,-12.838575467467308,-20.21931642666459,-20.723187271505594,0.05930464288461827,1,-3.6693564616143703,0.19919878588534204,-21.430216832086444,-3.7398790642619133,0.0017144134819137603,1.8027363016406774,5.3820998733863235,42.19307994842529,154.83968183398247,404.02188654989004,1.5
68,16958.004743754864,7296.555628404021,1198.2591574080288,2.978590093553067,-9.72909208238125,1.5873269028961658,-0.2570648968219764,-0.4775525741279125,-6.135135957598687,2.3915318995714197,11.910821118950846,thrust_eff,140,True,0.600925369906293,land,23.286500992253423,-18.562558572739363,eta50_y1.5,0.001857361805085468,23.027891218662262,9.954748721793294,13.530180463567376,0.06718812487632377,2,10.701672872528434,0.10747104148100023,-15.172692481428385,1.0465024933218956,0.001195290039948677,1.8027761097188788,17.241653374396265,38.127604722976685,-874.2735872045159,883.9110676199198,1.5
54,4204.81905259192,4797.610537484288,850.7191375829279,4.126091245561839,-12.605506896972658,-0.024181567132472992,5.2013723105192184,-2.490366127341986,-1.4327234566211704,-4.9621393382549295,0.23548960983753275,thrust_eff,65,True,0.6010194795225728,land,-20.647471072152257,0.8441607933491468,eta50_y1.5,0.0020231067853665,-34.995635598897934,-0.3377179615199566,20.728640956804156,0.0496648477880282,3,-14.346344117075205,0.10957677789039245,-11.49883943144232,4.664905361831188,0.000867215087956418,1.8030584385677184,21.882743866182864,19.672918558120728,-574.27844312042,-638.3940210565925,1.5
70,9279.889734685421,12311.157532930374,1335.8260614797473,1.1375099010765553,-6.949786081910134,3.3441967405378827,12.196765601634983,2.4102219007909307,12.270349618792537,-1.466168325394392,-10.156986898183824,thrust_eff,189,True,0.6009562343247806,land,13.973918743431568,16.54871804639697,eta50_y1.5,0.0005229151164389804,4.796457514166832,16.559293726459146,-13.572303391993046,0.009469489596279758,4,21.38028289191425,0.027937743294584233,-16.35405260603875,-2.7245056852698326,0.0002740917649662884,1.802868702974342,0.7419531503692269,46.51619338989258,421.82103730738163,-211.18331775069237,1.5
54,17641.272818371654,21955.000400319695,846.3124645873904,-3.5066860467195515,9.895026728510857,-3.705516859889031,-4.705873757600784,-5.146929647773505,-13.55720934569836,0.4362938292324543,7.8035127460956595,thrust_eff,74,True,0.6009455005439571,land,-5.445306934416294,-8.822443941608071,eta50_y1.5,0.00013260165294459023,-5.016655921936035,-16.058918880298734,11.03414474055171,0.04170096447785802,5,-9.26425433717668,0.01102338124087953,-5.304377232678235,6.910327546298504,0.00024372018069312486,1.8028365016318715,14.29491647426039,21.080435752868652,-435.0036319345236,197.83199205994606,1.5
70,14520.575602725148,5378.0021169781685,1307.123094983399,0.27645403146743774,-11.119725215435029,-0.8253758959472179,6.240275117754937,3.6524765118956575,5.7200370222330115,-2.8523608110845093,-0.41438388526439596,thrust_eff,137,True,0.6010181878110309,land,19.4983568508178,3.1394968274980783,eta50_y1.5,0.0011512757413034856,-38.38335685431957,-12.733014021068811,0.04782923497259617,0.02092391218665577,6,-16.876669647172093,0.06170751814275107,3.9830109756439924,-5.989520765841007,0.0006006111104992148,1.8030545634330928,18.659298038110137,41.55732488632202,-290.6549245119095,-773.7383767962456,1.5
49,2285.554897338152,15015.834709480405,731.1393471434712,-4.098394419997931,1.0009581327438362,1.2072964310646057,-12.912024459242822,-0.9048121422529221,-4.420763602852823,2.006873432546855,3.232366588711738,thrust_eff,58,False,4.596777585851353,gate_miss,-12.44984338991344,-20.607367157936096,eta50_y1.5,1.223247932354011,31.727617532014847,14.014665596187115,-24.460890935733914,10.483322013169532,7,3.9930856321007013,27.580665515108116,-7.936095725744963,10.063878424465656,1.0679184629195593,2.2869580399823075,-3.1085507441312075,18.386765003204346,333.69882702827454,760.2762892842293,1.5
59,19516.698845028877,7821.979699507356,967.508049774915,3.264479711651803,-5.300500372052193,4.044515512883664,13.182934033870698,-3.5450778454542164,-9.389194643497468,-3.481463715434075,10.343797928094865,thrust_eff,53,True,0.6009350999502704,land,-15.21609527990222,12.692097760736942,eta50_y1.5,0.0004879522585862968,8.269709944725037,3.957620682194829,-9.255016315728426,0.014390095525588106,8,22.347297053784132,0.026089384136220146,-5.585936717689037,1.798314280807972,0.0002716720526042209,1.8028052998508113,4.737090131267905,21.127005338668823,471.22273575514555,-300.83838533610106,1.5
36,7399.539191350341,17470.610119700432,392.0475115068257,-1.0867459885776043,7.783436331152917,-4.409665647894145,-5.463472491502763,0.9856147393584251,7.976211816072464,4.326583430171014,-7.750403183698655,thrust_eff,199,False,inf,no_recovery,3.4200028516352177,-11.214226437732577,eta50_y1.5,nan,-1.6045240312814713,-3.6525333765894175,16.089957766234875,nan,9,-9.462198801338673,nan,-20.4615121986717,-6.710773028433323,nan,nan,26.282374707981944,23.879198789596558,-486.23476792126894,287.48688865453005,1.5
44,20088.264473229647,20031.669628173113,593.4374363161623,-5.279653362929822,11.17626344561577,5.966741278767587,3.250460931658747,1.9728581383824348,14.042605224251748,-0.30834710597991943,-5.3068831980228435,thrust_eff,251,False,39.11403609044679,gate_miss,-2.941662259399891,19.179206155240536,eta50_y1.5,50.63188081296836,11.072327867150307,6.6392626613378525,24.41891273483634,13.87974667376321,10,15.585818188264966,51.695442317492216,-24.442740376107395,-11.765271909534931,46.93684330853615,34.87326069590034,13.392282076179981,35.81576156616211,-737.3139364644885,-109.8113302141428,1.5
67,12083.014342263341,10402.486947104335,1170.0935543514788,1.6015420518815517,-1.059089487791061,-5.581152733415366,-10.052288398146631,-5.469807296991349,-11.841188183426858,0.7782850563526154,5.425271290540696,thrust_eff,99,True,0.6009346501339449,land,16.288050450384617,-5.3985032718628645,eta50_y1.5,0.0007222108343389182,-18.821513801813126,-7.6279195956885815,-0.004228018224239349,0.014015111826765948,11,-2.702246094122529,0.0375214362080638,-1.6032403381541371,3.9160591140389442,0.0003888712946862201,1.8028039504018347,2.1584943532943726,32.77146530151367,780.4465698078275,96.35688029229641,1.5
41,15082.904444560409,12533.8377764076,529.6144155785441,-2.2910770252346997,5.239238181710245,-2.653113383799792,10.653639256954193,-2.0796789228916173,-3.318467080593109,-5.25277091190219,13.438058701157573,thrust_eff,48,True,0.6012888197975966,land,6.484492821618915,9.932210156694055,eta50_y1.5,0.02170290057536771,-21.18575006723404,-22.763089137151837,-16.08455046080053,0.5625552860612186,12,-21.056553721427917,1.2395581634031876,-12.70491807255894,7.65928403288126,0.011802433966659424,1.80386645939279,9.782611541450024,13.552688598632812,17.96543262898922,-529.9220385029912,1.5
64,6958.481907248497,2876.557444781065,1104.6725807711482,4.613372068852187,-7.720361396670342,2.285771884024144,-3.043162089586259,5.38985724002123,1.0040015280246735,4.782468158751727,-11.745082649588586,thrust_eff,113,True,0.6009017107870597,land,-24.482710333541036,-14.705765619874,eta50_y1.5,0.001172786888145975,28.94498459994793,22.360368678346276,9.247989533469081,0.021685399291187738,13,8.171443361788988,0.06275095537404135,8.750364207662642,-0.47187573462724686,0.0006017562812261354,1.8027051323611791,21.236949309706688,31.960543632507324,-32.90225900709629,516.5766773745418,1.5
50,18106.11516289413,8277.18818306923,750.3649826161563,3.8999166190624246,13.89514016211033,-1.5887618958950043,-13.892820185422899,-1.4745317995548248,4.923044818639756,-4.231898970901967,-9.871623972058298,thrust_eff,157,False,2.4309844358038064,gate_miss,11.586870765313506,-0.7801487110555172,eta50_y1.5,1.371101318730196,33.083522245287895,24.12891718558967,18.782622553408146,10.499680928413136,14,-19.210247695446014,14.585906614822838,-18.34437631070614,0.020373724400997162,0.09112201385139979,2.1723735823779466,2.3166156066581607,28.01570725440979,-85.60845404863358,-468.3957528322935,1.5
70,8837.138950526714,18557.09475018084,1292.4943829886615,-0.08088886365294456,-1.9903258770704273,1.9566821940243244,7.061109638214113,3.085504241287709,-7.010752129554749,3.576835535466672,8.175132510066035,thrust_eff,90,True,0.6009077707387119,land,-20.161069789901376,23.913535056635737,eta50_y1.5,0.0010789516342725953,-37.044542133808136,-24.5074478443712,-5.6954012252390385,0.019052690505661773,15,6.300374586135149,0.05762614538035646,-3.1782699655741453,-7.9269459173083305,0.0005512170666279669,1.8027233122161357,11.74571533780545,30.838096618652344,70.72771936655045,455.0502944737673,1.5
58,3722.45076097548,15945.423320233822,952.0754747092724,-3.0923576764762406,-10.404054397344591,-5.176347501575948,14.015743812918664,-3.356192976236344,10.798561933636666,2.7573086880147466,-1.908051931858063,thrust_eff,116,True,0.6010290528523811,land,14.261951297521591,8.306300174444914,eta50_y1.5,0.0016834469934493392,6.933351531624794,7.818869594484568,9.85498265363276,0.03133367567333375,16,-0.8313084486871958,0.0901197638508082,1.5753481350839138,11.273486696183681,0.0008766120738487466,1.8030871585571433,11.229760381393135,28.280704498291016,-677.5749357417226,31.314956210553646,1.5
66,16491.62846416235,13384.36780795455,1154.6588566154242,-1.8029494509100914,-13.730523875355722,3.712870929390193,-9.099068087339402,-5.650247856974603,11.450528115034103,-4.502473790198565,-13.864530444145204,thrust_eff,75,True,0.6009047927902621,land,-17.096293810755014,-22.24054210819304,eta50_y1.5,0.0009881448364169468,-15.121857300400734,-5.32616819255054,5.67792053334415,0.08820243963303093,17,24.218330066651106,0.08305979747451453,6.616405374370515,6.250409714877605,0.00043308100994770416,1.8027143783707862,-4.755151043646038,24.04234266281128,-545.9728030487895,-246.3455893099308,1.5
45,5522.727333828807,3093.3455272763968,612.9319604486227,5.484007682651282,1.827522334456443,-3.348618641495705,2.404466915130616,1.790036402642727,-12.640269184112551,5.531987797468902,11.267619752883913,thrust_eff,47,True,0.6009224300969737,land,2.321495395153761,1.6223049722611904,eta50_y1.5,0.0009679287892107983,14.754894375801086,5.802329024299979,-18.763709580525756,0.01686154654341673,18,-11.3084452226758,0.051052155612757034,-15.095227821730077,-2.068982385098934,0.0005225155421622907,1.802767290290921,18.817385730333626,14.241617679595947,531.0162188485265,232.99423679709435,1.5
64,21497.518742457032,21039.08783785999,1090.0458767078817,-4.791347779333592,-6.274748289585114,-0.4172833487391472,-2.10543255507946,5.941839180886746,-0.49468906223773956,-1.057866744697094,3.980822691321375,thrust_eff,70,True,0.6010134321583177,land,23.7706093583256,-6.4879137091338634,eta50_y1.5,0.0011165518425390532,25.242909938097,15.276440512388945,-9.8252447322011,0.02027270155591586,19,-18.747643055394292,0.05983721831762056,0.5307234497740865,-10.349927388131618,0.0005822785122256144,1.803040296474953,27.729556863196194,24.137781143188477,280.9372913092375,-729.7925865277648,1.5
42,10646.710216850042,10778.647105842829,548.8421901129186,2.471988033503295,10.570043706893923,0.034464966505765915,9.791495499014857,-1.5183577984571457,2.0207207232713706,0.02798793464899063,-6.802321234345437,thrust_eff,137,False,3.8626224967480733,gate_miss,-7.396114384755492,17.314655287191272,eta50_y1.5,2.1546912992201226,-24.865851923823357,-14.214340411126614,15.489163529127836,10.58539922289763,20,5.839296290650964,23.17573498048844,-22.05243453849107,5.51817112416029,0.09263626057186512,10.379306987161367,3.8639602782204747,18.743532419204712,-237.94797845184803,716.3303816691041,1.5
62,6177.008340954781,16554.370265230536,1042.0048664323986,-5.793223444372416,-11.794749274849893,4.414042465388776,-8.285219353437425,0.012130346149206161,-10.313166484236719,-2.4872749820351605,13.78329770565033,thrust_eff,134,True,0.6010200294967788,land,18.343815207481384,-19.84742465429008,eta50_y1.5,0.0011560257889372916,-11.65540099143982,-17.93122491799295,23.252798849716783,0.021215691453635752,21,19.70515246503055,0.061971499017628585,-13.175181718543172,-7.175866641104221,0.0006054832577327474,1.8030600884903365,8.263338612392545,26.959980249404907,-375.2097599208355,-167.23687034100294,1.5
38,15842.30575285852,6287.899955958128,448.7060288898647,1.9273260310292244,0.32592742145061493,-4.051823113113643,1.362048482894897,-4.448021080344916,8.803064140677453,1.6417832896113396,-11.426308250427248,thrust_eff,52,True,0.6009680213419616,land,-0.2939101308584213,5.480260215699673,eta50_y1.5,0.005475848495492062,18.155499920248985,18.212101934477687,-1.9639768172055483,0.19781370417476538,22,-7.613111799582839,0.30910446483710663,9.085378218442202,2.2678024247288704,0.0034452666882611735,1.8029040640258847,23.843554133549333,10.725629806518555,362.0834983885288,153.88545412570238,1.5
70,11262.077687457204,19178.424126654863,1252.1139211952686,-2.805014748126269,-4.1754696607589725,-1.2175333611667156,-1.3443181961774826,-0.28299036249518394,6.525795972347261,-3.1675472594797616,-3.92156974375248,thrust_eff,95,True,0.6010471503654203,land,-22.625314304605126,-10.442076995968819,eta50_y1.5,0.0014374438674484066,21.84717185795307,2.8785199858248234,-17.24997879937291,0.026289850909510498,23,-12.671249452978373,0.07711388563785576,-23.4277231618762,9.026042349636555,0.0007523997236387331,1.8031414510962611,14.966629328206182,25.51582145690918,668.3573937043548,-583.9006215333939,1.5
46,20887.109567672014,8883.857448622584,659.357175976038,4.938791267573834,8.908460390567782,0.8268233835697174,8.808842691779137,4.157156791538001,-5.3517663180828094,4.012674149125815,6.953092440962791,thrust_eff,50,False,2.138104217566793,gate_miss,9.324513142928481,15.020654210820794,eta50_y1.5,1.6123428213059225,-28.356718868017197,-1.6210824251174927,7.289283536374569,10.690521087833964,24,0.5807468667626381,9.251295733755152,-2.4830070044845343,-4.967797972261906,0.5555923873808281,4.408599803796891,-0.39102100394666195,12.566261053085327,-627.03961674124,570.4385608434677,1.5
56,18756.38127744198,21657.91748225689,904.5718442648649,-4.328975021839143,-0.38411343991756475,2.6545948460698137,4.44722399711609,-2.6764840297400956,0.023356112837792153,1.1858127526938915,-8.221229651570322,thrust_eff,70,True,0.6011286226317148,land,21.358046540990472,21.519875014200807,eta50_y1.5,0.006781149413607713,-31.139118149876595,-12.098441226407886,-23.284014873206615,0.23170581555401426,25,12.376862904056907,0.41342053762824577,-18.62473097164184,8.500842489302158,0.005097459632322198,1.8033858678951444,24.764045793563128,17.765520095825195,808.309336937964,818.8698275014758,1.5
52,3107.409017831087,3709.8974922299385,797.3275779746473,3.683191169053317,4.114262133836746,5.585564240813256,-3.6490524262189865,-4.59165207669139,13.054928076267245,-5.711658261716367,-1.6142494082450867,thrust_eff,55,True,0.6009892835092867,land,6.063948106020689,-13.933713687583804,eta50_y1.5,0.001044397187110495,-8.853617534041405,-21.57264780253172,-7.306718220934272,0.020897393208194708,26,17.434905841946602,0.05614246033743473,5.136885060928762,3.2678714767098427,0.0005708377095561274,1.8029678505278601,16.108712535351515,14.30361795425415,214.57818634808064,-355.9505570679903,1.5
70,13720.793740227818,13995.814334228635,1389.4120841287076,-1.3169618099927902,-8.84533036351204,-5.974082853645087,11.454592546820642,2.968246679753066,-10.979634565114976,5.241348333656789,1.946245944499971,thrust_eff,203,True,0.6009236417310219,land,-13.164149317890406,12.260671891272068,eta50_y1.5,0.014197826873974459,0.9375230967998505,20.412887912243605,17.269033519551158,0.6429776869134669,27,-5.344391521066427,0.9473869097614867,-9.22815767582506,-11.09804130345583,0.012055594265397178,1.8027709251930657,-1.5330077074468136,37.43918561935425,-173.34999851882458,342.49613396823406,1.5
59,2671.837640181184,18876.00056000054,973.1973187066615,0.47692645713686943,12.220154303312302,0.25544169545173645,9.956009459495547,5.689844772219659,-13.303698509931566,3.1001516617834577,-0.8097667604684826,thrust_eff,74,True,0.6031896109869773,land,2.885085204616189,-16.85018353164196,eta50_y1.5,0.03150574418632862,-35.16736388206482,0.7152560167014599,-1.079121744260192,0.7594838553102924,28,-6.3109904527664185,1.9850358537072146,-22.320041181519628,7.456474095582962,0.024187275838457,1.809568832960932,-0.2812654413282871,18.463850498199463,-221.43944464623928,-851.6629977151752,1.5
70,7667.845822274685,16263.978219032288,1320.8039803430438,3.4887086413800725,3.7501761585474007,-3.123201940208674,2.943065509200096,-5.960745222866536,2.691511854529381,2.472318872809411,10.735723543167115,thrust_eff,83,True,0.601004218689467,land,-6.440261844545603,-1.3039301615208387,eta50_y1.5,0.0010128052657601234,5.053958967328072,-16.96453015320003,8.369737397879362,0.018492543965399684,29,0.8395515847951174,0.05427106481282262,-14.280708692967892,-9.306472107768059,0.0005280024350034917,1.8030126560684008,22.92215509340167,25.108089685440063,823.8788226619363,-435.16490310430527,1.5
49,19902.97653608024,6620.287395492196,728.1649900600314,-1.167203150689602,-8.483002254366877,3.514535777270795,-10.753876706957818,1.5731524676084518,-0.28097048699855875,-1.6273822635412216,-7.252800250053407,thrust_eff,75,False,inf,no_recovery,24.33147905394435,24.850782565772533,eta50_y1.5,nan,-4.834990352392197,15.658260276541114,-17.158270068466663,nan,30,-13.736859941855073,nan,5.807360270991921,5.249503701925278,nan,nan,7.599622253328562,14.200018882751465,-809.0183487161994,448.5162153840065,1.5
41,12328.61633643508,4039.5003389567137,517.0461701229215,-5.972278933972121,-12.269579207897188,-5.045464541763068,13.037693381309513,1.4353925585746765,-6.33327392935753,5.644176810979844,-4.914961874485016,thrust_eff,105,False,2.102779671692996,gate_miss,-19.164160266518593,-7.107778592035174,eta50_y1.5,0.27448850699482635,12.87695199251175,-19.4144144654274,-23.582859430462122,10.145590341417366,31,11.312683206051588,12.616678030157976,1.858876501210034,1.2265525460243225,0.4312287317134108,1.9276513695704194,-1.1655322145670652,14.3265540599823,-667.6656553521752,-173.7202288582921,1.5
64,20453.08298267424,13703.275879770517,1110.8983116224408,2.151105388998986,0.8025150060653683,4.6860604137182245,-6.116278070211411,-3.010476373136044,5.157540428638459,-5.174055755138398,5.922892248630525,thrust_eff,74,True,0.6010060037949913,land,12.19823881983757,18.35113186389208,eta50_y1.5,0.0010193252810386008,-16.992389634251595,19.841753039509058,1.1210182681679726,0.01879534133695177,32,-24.20846540480852,0.05456581097185479,-10.333694037981331,-8.40791268646717,0.0005332151806549296,1.8030180113849736,16.218497479334474,19.696255683898926,624.6551832184196,187.17453461140394,1.5
44,7323.295364901423,11725.070190280676,591.0008524544537,-2.960675653070212,-3.695807245373727,2.083216018974782,5.592300090193749,-1.1639256700873375,10.113722142577174,0.7010002322494984,13.04267325103283,thrust_eff,93,True,0.6010978419818768,land,14.869837975129485,-22.763466089963913,eta50_y1.5,0.0037318334538179866,-22.990580424666405,10.56281286291778,17.165024438872933,0.2565609671144539,33,-5.84132862277329,0.21366558520798887,-4.008644060231745,-3.1731102615594864,0.002833856407588255,1.8032935259456304,24.100425692275167,16.154714822769165,370.1887182891369,-650.1487199217081,1.5
67,15328.511490523815,21357.640474662185,1183.2366828806698,5.1390844881534585,8.427040323615074,-1.6955501921474934,-13.055064412951472,3.302222192287446,-8.601698049902918,-1.1714860908687115,-12.260209634900095,thrust_eff,151,True,0.6009098645503691,land,-3.1803651247173548,2.5619360152632,eta50_y1.5,0.0015641509062682534,27.11550161242485,-9.549534833058715,-8.375059487298131,0.03832514546968497,34,18.7386489007622,0.08752690834313392,-17.517072982154787,11.004933714866638,0.0008887307377517844,1.8027295936511072,6.421322027221322,29.99123764038086,-355.23930564522743,663.4941514581442,1.5
47,22328.18064287305,5974.281185418367,681.5406174398959,-1.6187670081853867,-14.376739025115969,-5.753404028713704,11.998793148994448,-4.796805549412967,0.6960002213716514,2.1289556957781324,4.729144656658175,thrust_eff,105,True,0.6012281376200866,land,20.40802938863635,-9.403406688943505,eta50_y1.5,0.00278443304974828,18.782985135912895,-7.016806863248348,-3.6386726424098015,0.0619633944139857,35,7.61060263030231,0.15202134258410693,-8.964815214276314,-0.3004319965839386,0.0017435885014531849,1.8036844128602598,10.821943660266697,16.343552350997925,-267.5803665071726,-312.59431801736355,1.5
69,10448.555554822087,15603.003060147166,1223.8208175636828,5.250706840306521,2.4719795107841485,5.386153366416694,-5.298918002843857,2.6694799549877652,-2.220219996571542,-2.783828850835562,-5.975224292278291,thrust_eff,86,True,0.6009060703150448,land,-10.174246225506067,14.395353477448225,eta50_y1.5,0.0006911672917992102,-11.035020649433136,7.248849701136351,21.803731378167868,0.012173530956299767,36,-19.712906843051314,0.03689030375294672,4.870471702888608,8.208291605114937,0.00035380621001542917,1.8027182109451345,20.21365210134536,23.57234477996826,226.25607512891293,326.04876793920994,1.5
61,5403.085619807243,18227.33062312007,1020.9001062437892,2.2621733285486707,9.922508856654169,-2.493943423032761,-12.297469970583919,-2.9401854760944848,12.832846158742907,-3.6561961323022847,12.29233386218548,thrust_eff,88,True,0.6009388532234459,land,5.1113075111061335,4.953426448628306,eta50_y1.5,0.0027057513546214183,21.224123015999794,-21.959716035053134,-12.694247951731086,0.07046440707562542,37,12.681209482252598,0.14394143854327085,-6.471205148845911,-11.556108087301254,0.0008229809786341783,1.8028165596703376,3.1978269638493657,20.409926652908325,-523.8115472719073,749.6201729401946,1.5
70,12913.448968604207,20706.54801517725,1360.8512761071324,4.115590743720532,14.205173403024677,0.9574084393680096,7.338603901863099,-0.07800287380814552,8.116343691945076,1.0841007828712463,0.7363070100545883,thrust_eff,168,True,0.6011771554456672,land,-0.9082040283828974,-12.894184421747923,eta50_y1.5,0.003040576061875937,-31.766144409775734,13.112109247595072,-21.796930627897382,0.057212802307967194,38,-12.368333665654063,0.16486989100255345,-2.7622711891308427,-6.155288457870483,0.001606684986578234,1.8035314663370017,3.7139815045520663,32.856513261795044,-727.8689162805676,-547.6094149053097,1.5
53,4552.1855445206165,11069.18113000691,819.2416103556752,-0.24753614142537117,-2.302116876840591,-1.3224677368998528,-0.5086506307125092,4.456032279878856,-10.542814376950265,-0.054410845041275024,-2.8819815784692775,thrust_eff,170,True,0.6009018209897846,land,17.343730991706252,11.637756181880832,eta50_y1.5,0.0024926111963392795,38.420665860176086,-13.63709643483162,3.6334919277578592,0.04547799467211311,39,24.470649799332023,0.13330655702551836,-23.14298482146114,1.9755033105611801,0.0012815095436071087,1.802705462969354,27.321643638424575,28.73208785057068,686.6198373958468,561.0714890062809,1.5
55,17988.634710907936,13044.72309269011,883.7359686382115,1.1039853170514107,5.800206854939461,-3.9256780296564107,0.3854255765676502,0.3695538081228733,-4.6726256847381595,4.581388045102359,-10.6684232711792,thrust_eff,88,True,0.6009229183847915,land,8.321040868759155,-3.6959747318178415,eta50_y1.5,0.0002060732399189959,1.5673728287220001,-4.3582511600106955,12.650777958333492,0.003856230093186819,40,5.335206165909767,0.011083879850898,9.91148826200515,10.256081745028496,0.00011102009074274987,1.8027687551543745,19.698567460291088,17.724602699279785,97.28994369506836,-64.21820428222418,1.5
34,9587.107338532805,3395.9358030557632,342.6500369794667,-3.235524538904429,-10.095337638258936,4.307689402252437,-7.967776939272881,-4.18439406529069,6.761926764249804,-5.6114456467330465,7.397336554527286,thrust_eff,72,False,4.470882196869655,gate_miss,-23.230120167136192,20.993900205940008,eta50_y1.5,0.43779545453047075,-8.231330439448357,3.247325448319316,-12.065462488681078,10.759757463572834,41,-17.43903672322631,26.825293181217933,-14.006765787489712,-5.425612986087799,1.219600600464304,10.705000191685432,-4.131659862585366,9.836414813995361,-84.09505784511566,77.56969425827265,1.5
70,16149.521132409573,7521.703257411718,1238.4309377521276,-5.455043926835061,11.545185068249705,-3.5042988695204262,-4.3462434142827995,2.474756721407176,3.510852652788163,3.560406558215619,14.185972005128864,thrust_eff,69,True,0.6009377621866243,land,9.56645030528307,6.989066489040852,eta50_y1.5,0.00034634157322127417,-14.715143963694572,4.948598751798272,-22.403876250609756,0.0062715711387650586,42,3.6655712872743607,0.018529287386442092,-4.478238048031926,5.707261651754379,0.00017967383322358018,1.802813286559873,26.706341959536076,21.893000602722168,-24.30139370262623,-6.207999587059021,1.5
46,6524.3772833794355,17812.882407531142,662.3294349759817,1.820191640406847,-1.4262533515691764,3.121754430234433,11.14982976615429,-4.988782826811076,-1.1983089566230767,-4.4057151451706895,-10.918401235342028,thrust_eff,71,True,0.6015497191889579,land,-21.203854121267796,-17.64662633650005,eta50_y1.5,0.0017395603599961766,15.080889016389847,-6.181424157693982,3.06922416202724,0.045802652060878614,43,-15.794224198907614,0.07990307866535032,-17.18566594645381,-9.78327302634716,0.0018965386085893756,1.804649157566874,4.903366833925247,13.361010313034058,37.55262605845928,19.559338688850403,1.5
61,21234.473910704255,5085.463097020984,1036.3176955841482,-2.4430787265300755,4.87515204548836,0.6126603484153748,-11.357429605722428,-2.3673297800123696,-14.242131105065347,2.8784747086465368,-4.306586953997613,thrust_eff,87,True,0.6014432367014243,land,-6.010510446503758,22.48572283424437,eta50_y1.5,0.009076577052712857,24.906672835350037,-14.871232490986586,18.341999035328627,0.3953089575205094,44,-10.698758391663432,0.5847402684355782,2.8775006905198097,-1.5166106075048447,0.006068732902604111,1.8043297101042728,-3.7157439962029457,20.610861778259277,739.3274607136846,-479.0521977469325,1.5
52,19081.050634905696,12866.224575042725,799.7620637528598,0.05198802798986435,-11.594555202126504,1.6911386623978615,-1.4899989455938343,3.9005952961742887,9.140560680627825,5.331822495907546,9.292717328667642,thrust_eff,59,True,0.6013257980055781,land,-17.994406772777438,15.998186031356454,eta50_y1.5,0.01391919959497267,37.08429075777531,-23.749847197905183,-3.0379259027540684,0.5216864902528979,45,-2.2222393192350864,0.7642922401729733,-15.98290994297713,11.85819947719574,0.009062065913090686,1.8039773940167343,21.403004115447402,14.99610424041748,-471.0494013503194,-685.2972317487001,1.5
70,8467.699465453625,2586.166039481759,1376.2668575160205,-3.9170958884060387,1.4775460928678523,-2.0758744664490227,8.156475922465326,-0.6358196027576923,-7.725656211376191,-4.861697126179934,-8.725565251708032,thrust_eff,167,True,0.60090693174169,land,0.05722087807953358,-7.904317602515221,eta50_y1.5,0.0011693153916373404,-33.124492317438126,24.884991766884923,22.374007292091846,0.026670902304014442,46,14.35088012367487,0.0629070014894087,7.644811156205833,-4.010262742638588,0.0005812225671583856,1.80272079522507,10.206608666107059,32.37286567687988,484.2108367010951,698.6426901072264,1.5
33,14006.549485772848,20371.15837879479,323.4408460557461,3.0634082928299913,-4.8208383321762085,-4.675788816064597,-8.933634477853776,-4.007409978657962,-5.46426285803318,0.3343522623181343,-1.211598283052444,thrust_eff,68,True,0.6058424055404668,land,22.287965659052134,0.19678305834531784,eta50_y1.5,0.07942045421112832,-6.892537176609039,8.77330880612135,6.41008079983294,0.5453215283142447,47,9.255319787189364,2.753529430547745,-21.16683675441891,-7.752389386296272,0.027669706299441862,1.8175272166214003,1.2934633996337652,9.658003330230713,285.99435836076736,-265.13244677335024,1.5
40,10162.806783765554,19396.4599262923,497.69298899918795,-2.1214206553995614,12.77017784714699,5.171982463449241,0.6330596655607224,-3.884344976395369,-7.505317836999894,-3.9172958694398408,5.240563005208969,gimbal,52,True,0.6009038456772084,land,1.0592379607260227,23.135294672101736,gimbal_slow_y0.25,0.00023358657077793876,16.955235451459885,19.0353250131011,4.51172012835741,0.053305779893833144,0,15.783858671784401,0.013497017300009932,-0.22914819419384003,10.81572874635458,0.00015176303905765939,1.8027115370316253,25.123582079075277,15.09241795539856,-113.55709210038185,-417.47618559747934,0.25
60,22003.51373590529,9733.150017410517,988.4210484102368,5.99024210125208,-3.1153085768222812,-4.784041263163091,-7.2134568303823485,0.5851454548537731,9.803853964805604,3.262239608913661,-5.569043809175492,gimbal,69,False,inf,no_recovery,-17.38814590498805,-3.1025650445371866,gimbal_slow_y0.25,nan,-12.838575467467308,-20.21931642666459,-20.723187271505594,nan,1,-3.6693564616143703,nan,-21.430216832086444,-3.7398790642619133,nan,nan,5.3820998733863235,29.14991021156311,154.83968183398247,404.02188654989004,0.25
68,16958.004743754864,7296.555628404021,1198.2591574080288,2.978590093553067,-9.72909208238125,1.5873269028961658,-0.2570648968219764,-0.4775525741279125,-6.135135957598687,2.3915318995714197,11.910821118950846,gimbal,56,False,inf,no_recovery,23.286500992253423,-18.562558572739363,gimbal_slow_y0.25,nan,23.027891218662262,9.954748721793294,13.530180463567376,nan,2,10.701672872528434,nan,-15.172692481428385,1.0465024933218956,nan,nan,17.241653374396265,31.625914096832275,-874.2735872045159,883.9110676199198,0.25
54,4204.81905259192,4797.610537484288,850.7191375829279,4.126091245561839,-12.605506896972658,-0.024181567132472992,5.2013723105192184,-2.490366127341986,-1.4327234566211704,-4.9621393382549295,0.23548960983753275,gimbal,87,True,0.6009057010415153,land,-20.647471072152257,0.8441607933491468,gimbal_slow_y0.25,0.00025499379258128887,-34.995635598897934,-0.3377179615199566,20.728640956804156,0.13381198213285844,3,-14.346344117075205,0.013697514494883722,-11.49883943144232,4.664905361831188,0.00011995380226417291,1.802717103124546,21.882743866182864,34.09265923500061,-574.27844312042,-638.3940210565925,0.25
70,9279.889734685421,12311.157532930374,1335.8260614797473,1.1375099010765553,-6.949786081910134,3.3441967405378827,12.196765601634983,2.4102219007909307,12.270349618792537,-1.466168325394392,-10.156986898183824,gimbal,52,False,inf,no_recovery,13.973918743431568,16.54871804639697,gimbal_slow_y0.25,nan,4.796457514166832,16.559293726459146,-13.572303391993046,nan,4,21.38028289191425,nan,-16.35405260603875,-2.7245056852698326,nan,nan,0.7419531503692269,28.013137102127075,421.82103730738163,-211.18331775069237,0.25
54,17641.272818371654,21955.000400319695,846.3124645873904,-3.5066860467195515,9.895026728510857,-3.705516859889031,-4.705873757600784,-5.146929647773505,-13.55720934569836,0.4362938292324543,7.8035127460956595,gimbal,67,True,0.6009056001928048,land,-5.445306934416294,-8.822443941608071,gimbal_slow_y0.25,0.00022895829915730803,-5.016655921936035,-16.058918880298734,11.03414474055171,0.0031158830783849347,5,-9.26425433717668,0.013549116669054659,-5.304377232678235,6.910327546298504,0.00017620246577542323,1.8027168005784144,14.29491647426039,23.50652050971985,-435.0036319345236,197.83199205994606,0.25
70,14520.575602725148,5378.0021169781685,1307.123094983399,0.27645403146743774,-11.119725215435029,-0.8253758959472179,6.240275117754937,3.6524765118956575,5.7200370222330115,-2.8523608110845093,-0.41438388526439596,gimbal,115,True,0.6009219350674185,land,19.4983568508178,3.1394968274980783,gimbal_slow_y0.25,4.0116381966190604e-05,-38.38335685431957,-12.733014021068811,0.04782923497259617,0.004367459652707436,6,-16.876669647172093,0.0022931721988639444,3.9830109756439924,-5.989520765841007,2.7337998131927898e-05,1.8027658052022555,18.659298038110137,45.92631149291992,-290.6549245119095,-773.7383767962456,0.25
49,2285.554897338152,15015.834709480405,731.1393471434712,-4.098394419997931,1.0009581327438362,1.2072964310646057,-12.912024459242822,-0.9048121422529221,-4.420763602852823,2.006873432546855,3.232366588711738,gimbal,74,False,inf,no_recovery,-12.44984338991344,-20.607367157936096,gimbal_slow_y0.25,nan,31.727617532014847,14.014665596187115,-24.460890935733914,nan,7,3.9930856321007013,nan,-7.936095725744963,10.063878424465656,nan,nan,-3.1085507441312075,22.43944549560547,333.69882702827454,760.2762892842293,0.25
59,19516.698845028877,7821.979699507356,967.508049774915,3.264479711651803,-5.300500372052193,4.044515512883664,13.182934033870698,-3.5450778454542164,-9.389194643497468,-3.481463715434075,10.343797928094865,gimbal,45,False,inf,no_recovery,-15.21609527990222,12.692097760736942,gimbal_slow_y0.25,nan,8.269709944725037,3.957620682194829,-9.255016315728426,nan,8,22.347297053784132,nan,-5.585936717689037,1.798314280807972,nan,nan,4.737090131267905,21.64287281036377,471.22273575514555,-300.83838533610106,0.25
36,7399.539191350341,17470.610119700432,392.0475115068257,-1.0867459885776043,7.783436331152917,-4.409665647894145,-5.463472491502763,0.9856147393584251,7.976211816072464,4.326583430171014,-7.750403183698655,gimbal,207,False,inf,no_recovery,3.4200028516352177,-11.214226437732577,gimbal_slow_y0.25,nan,-1.6045240312814713,-3.6525333765894175,16.089957766234875,nan,9,-9.462198801338673,nan,-20.4615121986717,-6.710773028433323,nan,nan,26.282374707981944,26.13900923728943,-486.23476792126894,287.48688865453005,0.25
44,20088.264473229647,20031.669628173113,593.4374363161623,-5.279653362929822,11.17626344561577,5.966741278767587,3.250460931658747,1.9728581383824348,14.042605224251748,-0.30834710597991943,-5.3068831980228435,gimbal,65,False,inf,no_recovery,-2.941662259399891,19.179206155240536,gimbal_slow_y0.25,nan,11.072327867150307,6.6392626613378525,24.41891273483634,nan,10,15.585818188264966,nan,-24.442740376107395,-11.765271909534931,nan,nan,13.392282076179981,16.99269413948059,-737.3139364644885,-109.8113302141428,0.25
67,12083.014342263341,10402.486947104335,1170.0935543514788,1.6015420518815517,-1.059089487791061,-5.581152733415366,-10.052288398146631,-5.469807296991349,-11.841188183426858,0.7782850563526154,5.425271290540696,gimbal,36,False,inf,no_recovery,16.288050450384617,-5.3985032718628645,gimbal_slow_y0.25,nan,-18.821513801813126,-7.6279195956885815,-0.004228018224239349,nan,11,-2.702246094122529,nan,-1.6032403381541371,3.9160591140389442,nan,nan,2.1584943532943726,21.78532385826111,780.4465698078275,96.35688029229641,0.25
41,15082.904444560409,12533.8377764076,529.6144155785441,-2.2910770252346997,5.239238181710245,-2.653113383799792,10.653639256954193,-2.0796789228916173,-3.318467080593109,-5.25277091190219,13.438058701157573,gimbal,51,True,0.600915126397429,land,6.484492821618915,9.932210156694055,gimbal_slow_y0.25,0.0005058916751352276,-21.18575006723404,-22.763089137151837,-16.08455046080053,0.35935764455695535,12,-21.056553721427917,0.02659818930493048,-12.70491807255894,7.65928403288126,0.0005989539418013623,1.8027453791922867,9.782611541450024,14.703556776046753,17.96543262898922,-529.9220385029912,0.25
64,6958.481907248497,2876.557444781065,1104.6725807711482,4.613372068852187,-7.720361396670342,2.285771884024144,-3.043162089586259,5.38985724002123,1.0040015280246735,4.782468158751727,-11.745082649588586,gimbal,169,True,0.6009091841510202,land,-24.482710333541036,-14.705765619874,gimbal_slow_y0.25,8.383497008032234e-06,28.94498459994793,22.360368678346276,9.247989533469081,0.008857689073121356,13,8.171443361788988,0.0005868989791424045,8.750364207662642,-0.47187573462724686,1.0518514618832433e-05,1.8027275524530606,21.236949309706688,53.57946491241455,-32.90225900709629,516.5766773745418,0.25
50,18106.11516289413,8277.18818306923,750.3649826161563,3.8999166190624246,13.89514016211033,-1.5887618958950043,-13.892820185422899,-1.4745317995548248,4.923044818639756,-4.231898970901967,-9.871623972058298,gimbal,72,False,inf,no_recovery,11.586870765313506,-0.7801487110555172,gimbal_slow_y0.25,nan,33.083522245287895,24.12891718558967,18.782622553408146,nan,14,-19.210247695446014,nan,-18.34437631070614,0.020373724400997162,nan,nan,2.3166156066581607,20.81882119178772,-85.60845404863358,-468.3957528322935,0.25
70,8837.138950526714,18557.09475018084,1292.4943829886615,-0.08088886365294456,-1.9903258770704273,1.9566821940243244,7.061109638214113,3.085504241287709,-7.010752129554749,3.576835535466672,8.175132510066035,gimbal,46,False,inf,no_recovery,-20.161069789901376,23.913535056635737,gimbal_slow_y0.25,nan,-37.044542133808136,-24.5074478443712,-5.6954012252390385,nan,15,6.300374586135149,nan,-3.1782699655741453,-7.9269459173083305,nan,nan,11.74571533780545,24.86353373527527,70.72771936655045,455.0502944737673,0.25
58,3722.45076097548,15945.423320233822,952.0754747092724,-3.0923576764762406,-10.404054397344591,-5.176347501575948,14.015743812918664,-3.356192976236344,10.798561933636666,2.7573086880147466,-1.908051931858063,gimbal,223,True,0.600909901638529,land,14.261951297521591,8.306300174444914,gimbal_slow_y0.25,0.00020966390441711684,6.933351531624794,7.818869594484568,9.85498265363276,0.02435161468597416,16,-0.8313084486871958,0.013381088717783462,1.5753481350839138,11.273486696183681,0.00020988514986481317,1.802729704915587,11.229760381393135,65.00103378295898,-677.5749357417226,31.314956210553646,0.25
66,16491.62846416235,13384.36780795455,1154.6588566154242,-1.8029494509100914,-13.730523875355722,3.712870929390193,-9.099068087339402,-5.650247856974603,11.450528115034103,-4.502473790198565,-13.864530444145204,gimbal,77,False,inf,no_recovery,-17.096293810755014,-22.24054210819304,gimbal_slow_y0.25,nan,-15.121857300400734,-5.32616819255054,5.67792053334415,nan,17,24.218330066651106,nan,6.616405374370515,6.250409714877605,nan,nan,-4.755151043646038,29.116889238357544,-545.9728030487895,-246.3455893099308,0.25
45,5522.727333828807,3093.3455272763968,612.9319604486227,5.484007682651282,1.827522334456443,-3.348618641495705,2.404466915130616,1.790036402642727,-12.640269184112551,5.531987797468902,11.267619752883913,gimbal,39,False,inf,no_recovery,2.321495395153761,1.6223049722611904,gimbal_slow_y0.25,nan,14.754894375801086,5.802329024299979,-18.763709580525756,nan,18,-11.3084452226758,nan,-15.095227821730077,-2.068982385098934,nan,nan,18.817385730333626,13.409915447235107,531.0162188485265,232.99423679709435,0.25
64,21497.518742457032,21039.08783785999,1090.0458767078817,-4.791347779333592,-6.274748289585114,-0.4172833487391472,-2.10543255507946,5.941839180886746,-0.49468906223773956,-1.057866744697094,3.980822691321375,gimbal,104,True,0.6009161732678882,land,23.7706093583256,-6.4879137091338634,gimbal_slow_y0.25,1.3976174252873086e-05,25.242909938097,15.276440512388945,-9.8252447322011,0.006226014115046957,19,-18.747643055394292,0.0007916648860636262,0.5307234497740865,-10.349927388131618,9.587506454179853e-06,1.8027485198036646,27.729556863196194,40.86931085586548,280.9372913092375,-729.7925865277648,0.25
42,10646.710216850042,10778.647105842829,548.8421901129186,2.471988033503295,10.570043706893923,0.034464966505765915,9.791495499014857,-1.5183577984571457,2.0207207232713706,0.02798793464899063,-6.802321234345437,gimbal,88,False,4.138989567237934,gate_miss,-7.396114384755492,17.314655287191272,gimbal_slow_y0.25,0.8923621919282718,-24.865851923823357,-14.214340411126614,15.489163529127836,5.19143373601422,20,5.839296290650964,24.833937403427605,-22.05243453849107,5.51817112416029,0.395670237405795,5.690657096705896,3.8639602782204747,19.271905660629272,-237.94797845184803,716.3303816691041,0.25
62,6177.008340954781,16554.370265230536,1042.0048664323986,-5.793223444372416,-11.794749274849893,4.414042465388776,-8.285219353437425,0.012130346149206161,-10.313166484236719,-2.4872749820351605,13.78329770565033,gimbal,60,False,inf,no_recovery,18.343815207481384,-19.84742465429008,gimbal_slow_y0.25,nan,-11.65540099143982,-17.93122491799295,23.252798849716783,nan,21,19.70515246503055,nan,-13.175181718543172,-7.175866641104221,nan,nan,8.263338612392545,25.577569723129272,-375.2097599208355,-167.23687034100294,0.25
38,15842.30575285852,6287.899955958128,448.7060288898647,1.9273260310292244,0.32592742145061493,-4.051823113113643,1.362048482894897,-4.448021080344916,8.803064140677453,1.6417832896113396,-11.426308250427248,gimbal,53,True,0.6009055302604294,land,-0.2939101308584213,5.480260215699673,gimbal_slow_y0.25,0.0007549013715646677,18.155499920248985,18.212101934477687,-1.9639768172055483,0.07201010901253391,22,-7.613111799582839,0.04697336365821451,9.085378218442202,2.2678024247288704,0.0006614379180708918,1.802716590781288,23.843554133549333,14.331380128860474,362.0834983885288,153.88545412570238,0.25
70,11262.077687457204,19178.424126654863,1252.1139211952686,-2.805014748126269,-4.1754696607589725,-1.2175333611667156,-1.3443181961774826,-0.28299036249518394,6.525795972347261,-3.1675472594797616,-3.92156974375248,gimbal,65,True,0.6009041963060572,land,-22.625314304605126,-10.442076995968819,gimbal_slow_y0.25,5.8429974429896756e-05,21.84717185795307,2.8785199858248234,-17.24997879937291,0.005421404303640692,23,-12.671249452978373,0.0032931564358613208,-23.4277231618762,9.026042349636555,3.698971173372964e-05,1.8027125889181714,14.966629328206182,28.381552934646606,668.3573937043548,-583.9006215333939,0.25
46,20887.109567672014,8883.857448622584,659.357175976038,4.938791267573834,8.908460390567782,0.8268233835697174,8.808842691779137,4.157156791538001,-5.3517663180828094,4.012674149125815,6.953092440962791,gimbal,66,False,inf,no_recovery,9.324513142928481,15.020654210820794,gimbal_slow_y0.25,nan,-28.356718868017197,-1.6210824251174927,7.289283536374569,nan,24,0.5807468667626381,nan,-2.4830070044845343,-4.967797972261906,nan,nan,-0.39102100394666195,18.04073166847229,-627.03961674124,570.4385608434677,0.25
56,18756.38127744198,21657.91748225689,904.5718442648649,-4.328975021839143,-0.38411343991756475,2.6545948460698137,4.44722399711609,-2.6764840297400956,0.023356112837792153,1.1858127526938915,-8.221229651570322,gimbal,83,True,0.6009112354590979,land,21.358046540990472,21.519875014200807,gimbal_slow_y0.25,0.00038855961490913047,-31.139118149876595,-12.098441226407886,-23.284014873206615,0.11020209539127075,25,12.376862904056907,0.023194918836449075,-18.62473097164184,8.500842489302158,0.00028854110504394746,1.8027337063772937,24.764045793563128,27.822669744491577,808.309336937964,818.8698275014758,0.25
52,3107.409017831087,3709.8974922299385,797.3275779746473,3.683191169053317,4.114262133836746,5.585564240813256,-3.6490524262189865,-4.59165207669139,13.054928076267245,-5.711658261716367,-1.6142494082450867,gimbal,124,True,0.6009064798105561,land,6.063948106020689,-13.933713687583804,gimbal_slow_y0.25,0.00011056262664758762,-8.853617534041405,-21.57264780253172,-7.306718220934272,0.04299990159043509,26,17.434905841946602,0.006447043911502508,5.136885060928762,3.2678714767098427,7.550494845603635e-05,1.8027194394316683,16.108712535351515,32.89350080490112,214.57818634808064,-355.9505570679903,0.25
70,13720.793740227818,13995.814334228635,1389.4120841287076,-1.3169618099927902,-8.84533036351204,-5.974082853645087,11.454592546820642,2.968246679753066,-10.979634565114976,5.241348333656789,1.946245944499971,gimbal,376,True,0.6009135764304246,land,-13.164149317890406,12.260671891272068,gimbal_slow_y0.25,0.00050116385015113,0.9375230967998505,20.412887912243605,17.269033519551158,0.022410196234034566,27,-5.344391521066427,0.03137887745877104,-9.22815767582506,-11.09804130345583,0.0004492463599784308,1.8027407292912738,-1.5330077074468136,115.83529233932495,-173.34999851882458,342.49613396823406,0.25
59,2671.837640181184,18876.00056000054,973.1973187066615,0.47692645713686943,12.220154303312302,0.25544169545173645,9.956009459495547,5.689844772219659,-13.303698509931566,3.1001516617834577,-0.8097667604684826,gimbal,63,True,0.6009468064669807,land,2.885085204616189,-16.85018353164196,gimbal_slow_y0.25,0.0011677936140403488,-35.16736388206482,0.7152560167014599,-1.079121744260192,0.16599992399888905,28,-6.3109904527664185,0.07237942110235833,-22.320041181519628,7.456474095582962,0.0011808704329206805,1.8028404194009422,-0.2812654413282871,23.436149835586548,-221.43944464623928,-851.6629977151752,0.25
70,7667.845822274685,16263.978219032288,1320.8039803430438,3.4887086413800725,3.7501761585474007,-3.123201940208674,2.943065509200096,-5.960745222866536,2.691511854529381,2.472318872809411,10.735723543167115,gimbal,36,False,inf,no_recovery,-6.440261844545603,-1.3039301615208387,gimbal_slow_y0.25,nan,5.053958967328072,-16.96453015320003,8.369737397879362,nan,29,0.8395515847951174,nan,-14.280708692967892,-9.306472107768059,nan,nan,22.92215509340167,23.241678476333618,823.8788226619363,-435.16490310430527,0.25
49,19902.97653608024,6620.287395492196,728.1649900600314,-1.167203150689602,-8.483002254366877,3.514535777270795,-10.753876706957818,1.5731524676084518,-0.28097048699855875,-1.6273822635412216,-7.252800250053407,gimbal,54,True,0.6009345842606518,land,24.33147905394435,24.850782565772533,gimbal_slow_y0.25,0.00308436195432679,-4.834990352392197,15.658260276541114,-17.158270068466663,0.16281803208375645,30,-13.736859941855073,0.21088624194884026,5.807360270991921,5.249503701925278,0.0037551651541761826,1.8028037527819554,7.599622253328562,16.5701105594635,-809.0183487161994,448.5162153840065,0.25
41,12328.61633643508,4039.5003389567137,517.0461701229215,-5.972278933972121,-12.269579207897188,-5.045464541763068,13.037693381309513,1.4353925585746765,-6.33327392935753,5.644176810979844,-4.914961874485016,gimbal,68,True,0.633333691993009,land,-19.164160266518593,-7.107778592035174,gimbal_slow_y0.25,0.02825021232667944,12.87695199251175,-19.4144144654274,-23.582859430462122,2.1599384800877073,31,11.312683206051588,3.8000021519580542,1.858876501210034,1.2265525460243225,0.13194218614986714,1.8220527957592847,-1.1655322145670652,16.34420132637024,-667.6656553521752,-173.7202288582921,0.25
64,20453.08298267424,13703.275879770517,1110.8983116224408,2.151105388998986,0.8025150060653683,4.6860604137182245,-6.116278070211411,-3.010476373136044,5.157540428638459,-5.174055755138398,5.922892248630525,gimbal,71,True,0.6009217752897085,land,12.19823881983757,18.35113186389208,gimbal_slow_y0.25,1.0740953797361445e-05,-16.992389634251595,19.841753039509058,1.1210182681679726,0.009058570052344837,32,-24.20846540480852,0.0005406697981306205,-10.333694037981331,-8.40791268646717,6.662586123721889e-06,1.8027653258691254,16.218497479334474,27.524675607681274,624.6551832184196,187.17453461140394,0.25
44,7323.295364901423,11725.070190280676,591.0008524544537,-2.960675653070212,-3.695807245373727,2.083216018974782,5.592300090193749,-1.1639256700873375,10.113722142577174,0.7010002322494984,13.04267325103283,gimbal,35,False,inf,no_recovery,14.869837975129485,-22.763466089963913,gimbal_slow_y0.25,nan,-22.990580424666405,10.56281286291778,17.165024438872933,nan,33,-5.84132862277329,nan,-4.008644060231745,-3.1731102615594864,nan,nan,24.100425692275167,13.283344268798828,370.1887182891369,-650.1487199217081,0.25
67,15328.511490523815,21357.640474662185,1183.2366828806698,5.1390844881534585,8.427040323615074,-1.6955501921474934,-13.055064412951472,3.302222192287446,-8.601698049902918,-1.1714860908687115,-12.260209634900095,gimbal,52,False,inf,no_recovery,-3.1803651247173548,2.5619360152632,gimbal_slow_y0.25,nan,27.11550161242485,-9.549534833058715,-8.375059487298131,nan,34,18.7386489007622,nan,-17.517072982154787,11.004933714866638,nan,nan,6.421322027221322,25.183884143829346,-355.23930564522743,663.4941514581442,0.25
47,22328.18064287305,5974.281185418367,681.5406174398959,-1.6187670081853867,-14.376739025115969,-5.753404028713704,11.998793148994448,-4.796805549412967,0.6960002213716514,2.1289556957781324,4.729144656658175,gimbal,70,True,0.6009112342226604,land,20.40802938863635,-9.403406688943505,gimbal_slow_y0.25,0.0008611980666151091,18.782985135912895,-7.016806863248348,-3.6386726424098015,0.051833511038643545,35,7.61060263030231,0.05212736941120231,-8.964815214276314,-0.3004319965839386,0.0006672771737637176,1.802733702667981,10.821943660266697,20.03286576271057,-267.5803665071726,-312.59431801736355,0.25
69,10448.555554822087,15603.003060147166,1223.8208175636828,5.250706840306521,2.4719795107841485,5.386153366416694,-5.298918002843857,2.6694799549877652,-2.220219996571542,-2.783828850835562,-5.975224292278291,gimbal,69,True,0.600920876541896,land,-10.174246225506067,14.395353477448225,gimbal_slow_y0.25,3.813306243560214e-06,-11.035020649433136,7.248849701136351,21.803731378167868,0.002704222080771507,36,-19.712906843051314,0.00024392945208735563,4.870471702888608,8.208291605114937,3.330406649379441e-06,1.802762629625688,20.21365210134536,29.0834743976593,226.25607512891293,326.04876793920994,0.25
61,5403.085619807243,18227.33062312007,1020.9001062437892,2.2621733285486707,9.922508856654169,-2.493943423032761,-12.297469970583919,-2.9401854760944848,12.832846158742907,-3.6561961323022847,12.29233386218548,gimbal,46,False,inf,no_recovery,5.1113075111061335,4.953426448628306,gimbal_slow_y0.25,nan,21.224123015999794,-21.959716035053134,-12.694247951731086,nan,37,12.681209482252598,nan,-6.471205148845911,-11.556108087301254,nan,nan,3.1978269638493657,19.990736722946167,-523.8115472719073,749.6201729401946,0.25
70,12913.448968604207,20706.54801517725,1360.8512761071324,4.115590743720532,14.205173403024677,0.9574084393680096,7.338603901863099,-0.07800287380814552,8.116343691945076,1.0841007828712463,0.7363070100545883,gimbal,150,True,0.6009140273444409,land,-0.9082040283828974,-12.894184421747923,gimbal_slow_y0.25,5.267106818646189e-05,-31.766144409775734,13.112109247595072,-21.796930627897382,0.025826226996765518,38,-12.368333665654063,0.0023910525990370655,-2.7622711891308427,-6.155288457870483,1.4408122107800608e-05,1.8027420820333226,3.7139815045520663,51.97861385345459,-727.8689162805676,-547.6094149053097,0.25
53,4552.1855445206165,11069.18113000691,819.2416103556752,-0.24753614142537117,-2.302116876840591,-1.3224677368998528,-0.5086506307125092,4.456032279878856,-10.542814376950265,-0.054410845041275024,-2.8819815784692775,gimbal,89,True,0.6009098417917312,land,17.343730991706252,11.637756181880832,gimbal_slow_y0.25,0.00013197155986971286,38.420665860176086,-13.63709643483162,3.6334919277578592,0.009014840746552826,39,24.470649799332023,0.007931663560805925,-23.14298482146114,1.9755033105611801,0.000104651992343973,1.8027295253751936,27.321643638424575,25.902596950531006,686.6198373958468,561.0714890062809,0.25
55,17988.634710907936,13044.72309269011,883.7359686382115,1.1039853170514107,5.800206854939461,-3.9256780296564107,0.3854255765676502,0.3695538081228733,-4.6726256847381595,4.581388045102359,-10.6684232711792,gimbal,80,True,0.6009043208744721,land,8.321040868759155,-3.6959747318178415,gimbal_slow_y0.25,3.733950038345426e-05,1.5673728287220001,-4.3582511600106955,12.650777958333492,0.002126224786344372,40,5.335206165909767,0.0023242594274401956,9.91148826200515,10.256081745028496,3.334554756124624e-05,1.8027129626234164,19.698567460291088,26.347832679748535,97.28994369506836,-64.21820428222418,0.25
34,9587.107338532805,3395.9358030557632,342.6500369794667,-3.235524538904429,-10.095337638258936,4.307689402252437,-7.967776939272881,-4.18439406529069,6.761926764249804,-5.6114456467330465,7.397336554527286,gimbal,134,False,4.923227625498421,gate_miss,-23.230120167136192,20.993900205940008,gimbal_slow_y0.25,0.5243810550228736,-8.231330439448357,3.247325448319316,-12.065462488681078,5.0059472765158475,41,-17.43903672322631,29.539365752990527,-14.006765787489712,-5.425612986087799,0.36238587904096486,6.546762812332288,-4.131659862585366,22.11254072189331,-84.09505784511566,77.56969425827265,0.25
70,16149.521132409573,7521.703257411718,1238.4309377521276,-5.455043926835061,11.545185068249705,-3.5042988695204262,-4.3462434142827995,2.474756721407176,3.510852652788163,3.560406558215619,14.185972005128864,gimbal,40,False,inf,no_recovery,9.56645030528307,6.989066489040852,gimbal_slow_y0.25,nan,-14.715143963694572,4.948598751798272,-22.403876250609756,nan,42,3.6655712872743607,nan,-4.478238048031926,5.707261651754379,nan,nan,26.706341959536076,24.1606285572052,-24.30139370262623,-6.207999587059021,0.25
46,6524.3772833794355,17812.882407531142,662.3294349759817,1.820191640406847,-1.4262533515691764,3.121754430234433,11.14982976615429,-4.988782826811076,-1.1983089566230767,-4.4057151451706895,-10.918401235342028,gimbal,51,False,inf,no_recovery,-21.203854121267796,-17.64662633650005,gimbal_slow_y0.25,nan,15.080889016389847,-6.181424157693982,3.06922416202724,nan,43,-15.794224198907614,nan,-17.18566594645381,-9.78327302634716,nan,nan,4.903366833925247,16.02823829650879,37.55262605845928,19.559338688850403,0.25
61,21234.473910704255,5085.463097020984,1036.3176955841482,-2.4430787265300755,4.87515204548836,0.6126603484153748,-11.357429605722428,-2.3673297800123696,-14.242131105065347,2.8784747086465368,-4.306586953997613,gimbal,185,True,0.6009198398157939,land,-6.010510446503758,22.48572283424437,gimbal_slow_y0.25,0.0014807756172060301,24.906672835350037,-14.871232490986586,18.341999035328627,0.11248344818194972,44,-10.698758391663432,0.09157078101617173,2.8775006905198097,-1.5166106075048447,0.001279501477330572,1.8027595194473818,-3.7157439962029457,55.50635027885437,739.3274607136846,-479.0521977469325,0.25
52,19081.050634905696,12866.224575042725,799.7620637528598,0.05198802798986435,-11.594555202126504,1.6911386623978615,-1.4899989455938343,3.9005952961742887,9.140560680627825,5.331822495907546,9.292717328667642,gimbal,50,False,inf,no_recovery,-17.994406772777438,15.998186031356454,gimbal_slow_y0.25,nan,37.08429075777531,-23.749847197905183,-3.0379259027540684,nan,45,-2.2222393192350864,nan,-15.98290994297713,11.85819947719574,nan,nan,21.403004115447402,20.063050270080566,-471.0494013503194,-685.2972317487001,0.25
70,8467.699465453625,2586.166039481759,1376.2668575160205,-3.9170958884060387,1.4775460928678523,-2.0758744664490227,8.156475922465326,-0.6358196027576923,-7.725656211376191,-4.861697126179934,-8.725565251708032,gimbal,47,False,inf,no_recovery,0.05722087807953358,-7.904317602515221,gimbal_slow_y0.25,nan,-33.124492317438126,24.884991766884923,22.374007292091846,nan,46,14.35088012367487,nan,7.644811156205833,-4.010262742638588,nan,nan,10.206608666107059,24.737188816070557,484.2108367010951,698.6426901072264,0.25
33,14006.549485772848,20371.15837879479,323.4408460557461,3.0634082928299913,-4.8208383321762085,-4.675788816064597,-8.933634477853776,-4.007409978657962,-5.46426285803318,0.3343522623181343,-1.211598283052444,gimbal,47,False,inf,no_recovery,22.287965659052134,0.19678305834531784,gimbal_slow_y0.25,nan,-6.892537176609039,8.77330880612135,6.41008079983294,nan,47,9.255319787189364,nan,-21.16683675441891,-7.752389386296272,nan,nan,1.2934633996337652,11.03378701210022,285.99435836076736,-265.13244677335024,0.25
40,10162.806783765554,19396.4599262923,497.69298899918795,-2.1214206553995614,12.77017784714699,5.171982463449241,0.6330596655607224,-3.884344976395369,-7.505317836999894,-3.9172958694398408,5.240563005208969,gimbal,61,True,0.6009042298816695,land,1.0592379607260227,23.135294672101736,gimbal_slow_y1.5,0.0009049429517616117,16.955235451459885,19.0353250131011,4.51172012835741,0.015307960080701248,0,15.783858671784401,0.047476640004069724,-0.22914819419384003,10.81572874635458,0.00043176780118153746,1.8027126896450083,25.123582079075277,14.847877740859985,-113.55709210038185,-417.47618559747934,1.5
60,22003.51373590529,9733.150017410517,988.4210484102368,5.99024210125208,-3.1153085768222812,-4.784041263163091,-7.2134568303823485,0.5851454548537731,9.803853964805604,3.262239608913661,-5.569043809175492,gimbal,82,False,inf,no_recovery,-17.38814590498805,-3.1025650445371866,gimbal_slow_y1.5,nan,-12.838575467467308,-20.21931642666459,-20.723187271505594,nan,1,-3.6693564616143703,nan,-21.430216832086444,-3.7398790642619133,nan,nan,5.3820998733863235,23.927894592285156,154.83968183398247,404.02188654989004,1.5
68,16958.004743754864,7296.555628404021,1198.2591574080288,2.978590093553067,-9.72909208238125,1.5873269028961658,-0.2570648968219764,-0.4775525741279125,-6.135135957598687,2.3915318995714197,11.910821118950846,gimbal,57,False,inf,no_recovery,23.286500992253423,-18.562558572739363,gimbal_slow_y1.5,nan,23.027891218662262,9.954748721793294,13.530180463567376,nan,2,10.701672872528434,nan,-15.172692481428385,1.0465024933218956,nan,nan,17.241653374396265,24.658692598342896,-874.2735872045159,883.9110676199198,1.5
54,4204.81905259192,4797.610537484288,850.7191375829279,4.126091245561839,-12.605506896972658,-0.024181567132472992,5.2013723105192184,-2.490366127341986,-1.4327234566211704,-4.9621393382549295,0.23548960983753275,gimbal,140,True,0.6009041707216121,land,-20.647471072152257,0.8441607933491468,gimbal_slow_y1.5,0.0012569120648303976,-34.995635598897934,-0.3377179615199566,20.728640956804156,0.021050017478963963,3,-14.346344117075205,0.06605658654674054,-11.49883943144232,4.664905361831188,0.0006074904785105093,1.8027125121648362,21.882743866182864,26.641462087631226,-574.27844312042,-638.3940210565925,1.5
70,9279.889734685421,12311.157532930374,1335.8260614797473,1.1375099010765553,-6.949786081910134,3.3441967405378827,12.196765601634983,2.4102219007909307,12.270349618792537,-1.466168325394392,-10.156986898183824,gimbal,45,False,inf,no_recovery,13.973918743431568,16.54871804639697,gimbal_slow_y1.5,nan,4.796457514166832,16.559293726459146,-13.572303391993046,nan,4,21.38028289191425,nan,-16.35405260603875,-2.7245056852698326,nan,nan,0.7419531503692269,21.963058948516846,421.82103730738163,-211.18331775069237,1.5
54,17641.272818371654,21955.000400319695,846.3124645873904,-3.5066860467195515,9.895026728510857,-3.705516859889031,-4.705873757600784,-5.146929647773505,-13.55720934569836,0.4362938292324543,7.8035127460956595,gimbal,58,True,0.6009052073956729,land,-5.445306934416294,-8.822443941608071,gimbal_slow_y1.5,0.0004526830237676251,-5.016655921936035,-16.058918880298734,11.03414474055171,0.0078764452022352,5,-9.26425433717668,0.02443872392295703,-5.304377232678235,6.910327546298504,0.0002420238235210033,1.8027156221870186,14.29491647426039,17.76050615310669,-435.0036319345236,197.83199205994606,1.5
70,14520.575602725148,5378.0021169781685,1307.123094983399,0.27645403146743774,-11.119725215435029,-0.8253758959472179,6.240275117754937,3.6524765118956575,5.7200370222330115,-2.8523608110845093,-0.41438388526439596,gimbal,130,True,0.6009057970435747,land,19.4983568508178,3.1394968274980783,gimbal_slow_y1.5,0.0007115869390324067,-38.38335685431957,-12.733014021068811,0.04782923497259617,0.011357308436154309,6,-16.876669647172093,0.03737670199719487,3.9830109756439924,-5.989520765841007,0.0003415897290325253,1.8027173911307242,18.659298038110137,36.266905784606934,-290.6549245119095,-773.7383767962456,1.5
49,2285.554897338152,15015.834709480405,731.1393471434712,-4.098394419997931,1.0009581327438362,1.2072964310646057,-12.912024459242822,-0.9048121422529221,-4.420763602852823,2.006873432546855,3.232366588711738,gimbal,101,False,inf,no_recovery,-12.44984338991344,-20.607367157936096,gimbal_slow_y1.5,nan,31.727617532014847,14.014665596187115,-24.460890935733914,nan,7,3.9930856321007013,nan,-7.936095725744963,10.063878424465656,nan,nan,-3.1085507441312075,19.524394273757935,333.69882702827454,760.2762892842293,1.5
59,19516.698845028877,7821.979699507356,967.508049774915,3.264479711651803,-5.300500372052193,4.044515512883664,13.182934033870698,-3.5450778454542164,-9.389194643497468,-3.481463715434075,10.343797928094865,gimbal,45,False,inf,no_recovery,-15.21609527990222,12.692097760736942,gimbal_slow_y1.5,nan,8.269709944725037,3.957620682194829,-9.255016315728426,nan,8,22.347297053784132,nan,-5.585936717689037,1.798314280807972,nan,nan,4.737090131267905,18.90281391143799,471.22273575514555,-300.83838533610106,1.5
36,7399.539191350341,17470.610119700432,392.0475115068257,-1.0867459885776043,7.783436331152917,-4.409665647894145,-5.463472491502763,0.9856147393584251,7.976211816072464,4.326583430171014,-7.750403183698655,gimbal,213,False,inf,no_recovery,3.4200028516352177,-11.214226437732577,gimbal_slow_y1.5,nan,-1.6045240312814713,-3.6525333765894175,16.089957766234875,nan,9,-9.462198801338673,nan,-20.4615121986717,-6.710773028433323,nan,nan,26.282374707981944,20.625522136688232,-486.23476792126894,287.48688865453005,1.5
44,20088.264473229647,20031.669628173113,593.4374363161623,-5.279653362929822,11.17626344561577,5.966741278767587,3.250460931658747,1.9728581383824348,14.042605224251748,-0.30834710597991943,-5.3068831980228435,gimbal,61,False,inf,no_recovery,-2.941662259399891,19.179206155240536,gimbal_slow_y1.5,nan,11.072327867150307,6.6392626613378525,24.41891273483634,nan,10,15.585818188264966,nan,-24.442740376107395,-11.765271909534931,nan,nan,13.392282076179981,14.64695405960083,-737.3139364644885,-109.8113302141428,1.5
67,12083.014342263341,10402.486947104335,1170.0935543514788,1.6015420518815517,-1.059089487791061,-5.581152733415366,-10.052288398146631,-5.469807296991349,-11.841188183426858,0.7782850563526154,5.425271290540696,gimbal,46,False,inf,no_recovery,16.288050450384617,-5.3985032718628645,gimbal_slow_y1.5,nan,-18.821513801813126,-7.6279195956885815,-0.004228018224239349,nan,11,-2.702246094122529,nan,-1.6032403381541371,3.9160591140389442,nan,nan,2.1584943532943726,22.124077081680298,780.4465698078275,96.35688029229641,1.5
41,15082.904444560409,12533.8377764076,529.6144155785441,-2.2910770252346997,5.239238181710245,-2.653113383799792,10.653639256954193,-2.0796789228916173,-3.318467080593109,-5.25277091190219,13.438058701157573,gimbal,107,True,0.6009541438942639,land,6.484492821618915,9.932210156694055,gimbal_slow_y1.5,0.004244704560994709,-21.18575006723404,-22.763089137151837,-16.08455046080053,0.15570133888633642,12,-21.056553721427917,0.23347598702507258,-12.70491807255894,7.65928403288126,0.0021942756089202097,1.802862431682792,9.782611541450024,17.982996702194214,17.96543262898922,-529.9220385029912,1.5
64,6958.481907248497,2876.557444781065,1104.6725807711482,4.613372068852187,-7.720361396670342,2.285771884024144,-3.043162089586259,5.38985724002123,1.0040015280246735,4.782468158751727,-11.745082649588586,gimbal,63,True,0.6009057898879021,land,-24.482710333541036,-14.705765619874,gimbal_slow_y1.5,6.0197525702320786e-05,28.94498459994793,22.360368678346276,9.247989533469081,0.0009794927653390413,13,8.171443361788988,0.0031748158524646346,8.750364207662642,-0.47187573462724686,2.9581173737535335e-05,1.8027173696637062,21.236949309706688,23.265889406204224,-32.90225900709629,516.5766773745418,1.5
50,18106.11516289413,8277.18818306923,750.3649826161563,3.8999166190624246,13.89514016211033,-1.5887618958950043,-13.892820185422899,-1.4745317995548248,4.923044818639756,-4.231898970901967,-9.871623972058298,gimbal,74,False,inf,no_recovery,11.586870765313506,-0.7801487110555172,gimbal_slow_y1.5,nan,33.083522245287895,24.12891718558967,18.782622553408146,nan,14,-19.210247695446014,nan,-18.34437631070614,0.020373724400997162,nan,nan,2.3166156066581607,18.017462968826294,-85.60845404863358,-468.3957528322935,1.5
70,8837.138950526714,18557.09475018084,1292.4943829886615,-0.08088886365294456,-1.9903258770704273,1.9566821940243244,7.061109638214113,3.085504241287709,-7.010752129554749,3.576835535466672,8.175132510066035,gimbal,78,False,inf,no_recovery,-20.161069789901376,23.913535056635737,gimbal_slow_y1.5,nan,-37.044542133808136,-24.5074478443712,-5.6954012252390385,nan,15,6.300374586135149,nan,-3.1782699655741453,-7.9269459173083305,nan,nan,11.74571533780545,26.34613871574402,70.72771936655045,455.0502944737673,1.5
58,3722.45076097548,15945.423320233822,952.0754747092724,-3.0923576764762406,-10.404054397344591,-5.176347501575948,14.015743812918664,-3.356192976236344,10.798561933636666,2.7573086880147466,-1.908051931858063,gimbal,57,True,0.6009051503271662,land,14.261951297521591,8.306300174444914,gimbal_slow_y1.5,0.0005760832224009808,6.933351531624794,7.818869594484568,9.85498265363276,0.00939832527890376,16,-0.8313084486871958,0.03032149859925759,1.5753481350839138,11.273486696183681,0.0002796133797429548,1.8027154509814984,11.229760381393135,19.321693181991577,-677.5749357417226,31.314956210553646,1.5
66,16491.62846416235,13384.36780795455,1154.6588566154242,-1.8029494509100914,-13.730523875355722,3.712870929390193,-9.099068087339402,-5.650247856974603,11.450528115034103,-4.502473790198565,-13.864530444145204,gimbal,59,False,inf,no_recovery,-17.096293810755014,-22.24054210819304,gimbal_slow_y1.5,nan,-15.121857300400734,-5.32616819255054,5.67792053334415,nan,17,24.218330066651106,nan,6.616405374370515,6.250409714877605,nan,nan,-4.755151043646038,22.799857139587402,-545.9728030487895,-246.3455893099308,1.5
45,5522.727333828807,3093.3455272763968,612.9319604486227,5.484007682651282,1.827522334456443,-3.348618641495705,2.404466915130616,1.790036402642727,-12.640269184112551,5.531987797468902,11.267619752883913,gimbal,31,False,inf,no_recovery,2.321495395153761,1.6223049722611904,gimbal_slow_y1.5,nan,14.754894375801086,5.802329024299979,-18.763709580525756,nan,18,-11.3084452226758,nan,-15.095227821730077,-2.068982385098934,nan,nan,18.817385730333626,12.479230642318726,531.0162188485265,232.99423679709435,1.5
64,21497.518742457032,21039.08783785999,1090.0458767078817,-4.791347779333592,-6.274748289585114,-0.4172833487391472,-2.10543255507946,5.941839180886746,-0.49468906223773956,-1.057866744697094,3.980822691321375,gimbal,106,True,0.6009043471873012,land,23.7706093583256,-6.4879137091338634,gimbal_slow_y1.5,0.0006533492425344336,25.242909938097,15.276440512388945,-9.8252447322011,0.010322186054915508,19,-18.747643055394292,0.03427423350281461,0.5307234497740865,-10.349927388131618,0.00031206687150613804,1.8027130415619037,27.729556863196194,37.70743775367737,280.9372913092375,-729.7925865277648,1.5
42,10646.710216850042,10778.647105842829,548.8421901129186,2.471988033503295,10.570043706893923,0.034464966505765915,9.791495499014857,-1.5183577984571457,2.0207207232713706,0.02798793464899063,-6.802321234345437,gimbal,76,False,2.979021224687147,gate_miss,-7.396114384755492,17.314655287191272,gimbal_slow_y1.5,0.5528621315572371,-24.865851923823357,-14.214340411126614,15.489163529127836,7.0398969909105436,20,5.839296290650964,17.874127348122883,-22.05243453849107,5.51817112416029,1.1547173726345588,3.4859803372797864,3.8639602782204747,16.99381732940674,-237.94797845184803,716.3303816691041,1.5
62,6177.008340954781,16554.370265230536,1042.0048664323986,-5.793223444372416,-11.794749274849893,4.414042465388776,-8.285219353437425,0.012130346149206161,-10.313166484236719,-2.4872749820351605,13.78329770565033,gimbal,38,False,inf,no_recovery,18.343815207481384,-19.84742465429008,gimbal_slow_y1.5,nan,-11.65540099143982,-17.93122491799295,23.252798849716783,nan,21,19.70515246503055,nan,-13.175181718543172,-7.175866641104221,nan,nan,8.263338612392545,20.82925057411194,-375.2097599208355,-167.23687034100294,1.5
38,15842.30575285852,6287.899955958128,448.7060288898647,1.9273260310292244,0.32592742145061493,-4.051823113113643,1.362048482894897,-4.448021080344916,8.803064140677453,1.6417832896113396,-11.426308250427248,gimbal,58,True,0.6009082567180032,land,-0.2939101308584213,5.480260215699673,gimbal_slow_y1.5,0.0025142864119093214,18.155499920248985,18.212101934477687,-1.9639768172055483,0.0429546752012516,22,-7.613111799582839,0.13597559719193017,9.085378218442202,2.2678024247288704,0.0013582330261329247,1.8027247701540094,23.843554133549333,13.7001953125,362.0834983885288,153.88545412570238,1.5
70,11262.077687457204,19178.424126654863,1252.1139211952686,-2.805014748126269,-4.1754696607589725,-1.2175333611667156,-1.3443181961774826,-0.28299036249518394,6.525795972347261,-3.1675472594797616,-3.92156974375248,gimbal,202,True,0.600906068550518,land,-22.625314304605126,-10.442076995968819,gimbal_slow_y1.5,0.0006215263849209923,21.84717185795307,2.8785199858248234,-17.24997879937291,0.010257795855486229,23,-12.671249452978373,0.03255536487510507,-23.4277231618762,9.026042349636555,0.0002949781919863841,1.8027182056515538,14.966629328206182,46.13179397583008,668.3573937043548,-583.9006215333939,1.5
46,20887.109567672014,8883.857448622584,659.357175976038,4.938791267573834,8.908460390567782,0.8268233835697174,8.808842691779137,4.157156791538001,-5.3517663180828094,4.012674149125815,6.953092440962791,gimbal,67,False,inf,no_recovery,9.324513142928481,15.020654210820794,gimbal_slow_y1.5,nan,-28.356718868017197,-1.6210824251174927,7.289283536374569,nan,24,0.5807468667626381,nan,-2.4830070044845343,-4.967797972261906,nan,nan,-0.39102100394666195,16.72410297393799,-627.03961674124,570.4385608434677,1.5
56,18756.38127744198,21657.91748225689,904.5718442648649,-4.328975021839143,-0.38411343991756475,2.6545948460698137,4.44722399711609,-2.6764840297400956,0.023356112837792153,1.1858127526938915,-8.221229651570322,gimbal,91,True,0.6009072408564707,land,21.358046540990472,21.519875014200807,gimbal_slow_y1.5,0.0013476249692122523,-31.139118149876595,-12.098441226407886,-23.284014873206615,0.02867208342880117,25,12.376862904056907,0.07095251312238565,-18.62473097164184,8.500842489302158,0.000636515239560993,1.8027217225694123,24.764045793563128,25.972463369369507,808.309336937964,818.8698275014758,1.5
52,3107.409017831087,3709.8974922299385,797.3275779746473,3.683191169053317,4.114262133836746,5.585564240813256,-3.6490524262189865,-4.59165207669139,13.054928076267245,-5.711658261716367,-1.6142494082450867,gimbal,149,True,0.6009036699317901,land,6.063948106020689,-13.933713687583804,gimbal_slow_y1.5,0.0007786406050553506,-8.853617534041405,-21.57264780253172,-7.306718220934272,0.01378779854075133,26,17.434905841946602,0.04147847921699053,5.136885060928762,3.2678714767098427,0.00040259826344991384,1.8027110097953702,16.108712535351515,26.415374279022217,214.57818634808064,-355.9505570679903,1.5
70,13720.793740227818,13995.814334228635,1389.4120841287076,-1.3169618099927902,-8.84533036351204,-5.974082853645087,11.454592546820642,2.968246679753066,-10.979634565114976,5.241348333656789,1.946245944499971,gimbal,277,True,0.600916212801288,land,-13.164149317890406,12.260671891272068,gimbal_slow_y1.5,0.0004505625022185648,0.9375230967998505,20.412887912243605,17.269033519551158,0.012467085094556766,27,-5.344391521066427,0.0272174906802381,-9.22815767582506,-11.09804130345583,0.00036054657232517824,1.8027486384038642,-1.5330077074468136,56.73435401916504,-173.34999851882458,342.49613396823406,1.5
59,2671.837640181184,18876.00056000054,973.1973187066615,0.47692645713686943,12.220154303312302,0.25544169545173645,9.956009459495547,5.689844772219659,-13.303698509931566,3.1001516617834577,-0.8097667604684826,gimbal,93,True,0.6010976978124183,land,2.885085204616189,-16.85018353164196,gimbal_slow_y1.5,0.009812751998816576,-35.16736388206482,0.7152560167014599,-1.079121744260192,0.5585084164402245,28,-6.3109904527664185,0.5812889654575252,-22.320041181519628,7.456474095582962,0.006379460177005256,1.8032930934372549,-0.2812654413282871,26.10748815536499,-221.43944464623928,-851.6629977151752,1.5
70,7667.845822274685,16263.978219032288,1320.8039803430438,3.4887086413800725,3.7501761585474007,-3.123201940208674,2.943065509200096,-5.960745222866536,2.691511854529381,2.472318872809411,10.735723543167115,gimbal,41,False,inf,no_recovery,-6.440261844545603,-1.3039301615208387,gimbal_slow_y1.5,nan,5.053958967328072,-16.96453015320003,8.369737397879362,nan,29,0.8395515847951174,nan,-14.280708692967892,-9.306472107768059,nan,nan,22.92215509340167,23.484499216079712,823.8788226619363,-435.16490310430527,1.5
49,19902.97653608024,6620.287395492196,728.1649900600314,-1.167203150689602,-8.483002254366877,3.514535777270795,-10.753876706957818,1.5731524676084518,-0.28097048699855875,-1.6273822635412216,-7.252800250053407,gimbal,69,True,0.6009976258840558,land,24.33147905394435,24.850782565772533,gimbal_slow_y1.5,0.005225631149776177,-4.834990352392197,15.658260276541114,-17.158270068466663,0.07651450513378869,30,-13.736859941855073,0.3168559676334227,5.807360270991921,5.249503701925278,0.004265126468916738,1.8029928776521675,7.599622253328562,17.545169353485107,-809.0183487161994,448.5162153840065,1.5
41,12328.61633643508,4039.5003389567137,517.0461701229215,-5.972278933972121,-12.269579207897188,-5.045464541763068,13.037693381309513,1.4353925585746765,-6.33327392935753,5.644176810979844,-4.914961874485016,gimbal,55,True,0.6073654022743601,land,-19.164160266518593,-7.107778592035174,gimbal_slow_y1.5,0.03636167340565149,12.87695199251175,-19.4144144654274,-23.582859430462122,1.2268342589080254,31,11.312683206051588,2.736238182944079,1.858876501210034,1.2265525460243225,0.06663425810910732,1.8220962068230802,-1.1655322145670652,13.70812463760376,-667.6656553521752,-173.7202288582921,1.5
64,20453.08298267424,13703.275879770517,1110.8983116224408,2.151105388998986,0.8025150060653683,4.6860604137182245,-6.116278070211411,-3.010476373136044,5.157540428638459,-5.174055755138398,5.922892248630525,gimbal,115,True,0.6009119055243802,land,12.19823881983757,18.35113186389208,gimbal_slow_y1.5,0.00027752662985949757,-16.992389634251595,19.841753039509058,1.1210182681679726,0.005796339353738619,32,-24.20846540480852,0.014520502870696906,-10.333694037981331,-8.40791268646717,0.0001315172362849185,1.8027357165731408,16.218497479334474,29.53092336654663,624.6551832184196,187.17453461140394,1.5
44,7323.295364901423,11725.070190280676,591.0008524544537,-2.960675653070212,-3.695807245373727,2.083216018974782,5.592300090193749,-1.1639256700873375,10.113722142577174,0.7010002322494984,13.04267325103283,gimbal,39,False,inf,no_recovery,14.869837975129485,-22.763466089963913,gimbal_slow_y1.5,nan,-22.990580424666405,10.56281286291778,17.165024438872933,nan,33,-5.84132862277329,nan,-4.008644060231745,-3.1731102615594864,nan,nan,24.100425692275167,13.565601110458374,370.1887182891369,-650.1487199217081,1.5
67,15328.511490523815,21357.640474662185,1183.2366828806698,5.1390844881534585,8.427040323615074,-1.6955501921474934,-13.055064412951472,3.302222192287446,-8.601698049902918,-1.1714860908687115,-12.260209634900095,gimbal,63,False,inf,no_recovery,-3.1803651247173548,2.5619360152632,gimbal_slow_y1.5,nan,27.11550161242485,-9.549534833058715,-8.375059487298131,nan,34,18.7386489007622,nan,-17.517072982154787,11.004933714866638,nan,nan,6.421322027221322,23.81722116470337,-355.23930564522743,663.4941514581442,1.5
47,22328.18064287305,5974.281185418367,681.5406174398959,-1.6187670081853867,-14.376739025115969,-5.753404028713704,11.998793148994448,-4.796805549412967,0.6960002213716514,2.1289556957781324,4.729144656658175,gimbal,67,True,0.6009046770886094,land,20.40802938863635,-9.403406688943505,gimbal_slow_y1.5,0.00044785503703478327,18.782985135912895,-7.016806863248348,-3.6386726424098015,0.014905154869658386,35,7.61060263030231,0.025088709914436444,-8.964815214276314,-0.3004319965839386,0.00028783370762111706,1.802714031265828,10.821943660266697,16.46446132659912,-267.5803665071726,-312.59431801736355,1.5
69,10448.555554822087,15603.003060147166,1223.8208175636828,5.250706840306521,2.4719795107841485,5.386153366416694,-5.298918002843857,2.6694799549877652,-2.220219996571542,-2.783828850835562,-5.975224292278291,gimbal,132,True,0.6009108325672188,land,-10.174246225506067,14.395353477448225,gimbal_slow_y1.5,2.683784648712272e-05,-11.035020649433136,7.248849701136351,21.803731378167868,0.0005741156223103331,36,-19.712906843051314,0.0014122578476603012,4.870471702888608,8.208291605114937,1.3041893838027236e-05,1.8027324977016563,20.21365210134536,35.821221590042114,226.25607512891293,326.04876793920994,1.5
61,5403.085619807243,18227.33062312007,1020.9001062437892,2.2621733285486707,9.922508856654169,-2.493943423032761,-12.297469970583919,-2.9401854760944848,12.832846158742907,-3.6561961323022847,12.29233386218548,gimbal,77,False,inf,no_recovery,5.1113075111061335,4.953426448628306,gimbal_slow_y1.5,nan,21.224123015999794,-21.959716035053134,-12.694247951731086,nan,37,12.681209482252598,nan,-6.471205148845911,-11.556108087301254,nan,nan,3.1978269638493657,22.317525625228882,-523.8115472719073,749.6201729401946,1.5
70,12913.448968604207,20706.54801517725,1360.8512761071324,4.115590743720532,14.205173403024677,0.9574084393680096,7.338603901863099,-0.07800287380814552,8.116343691945076,1.0841007828712463,0.7363070100545883,gimbal,114,True,0.6009060160634975,land,-0.9082040283828974,-12.894184421747923,gimbal_slow_y1.5,0.0019764074038058238,-31.766144409775734,13.112109247595072,-21.796930627897382,0.031598995095597826,38,-12.368333665654063,0.10402144118433716,-2.7622711891308427,-6.155288457870483,0.0009533915512079161,1.8027180481904925,3.7139815045520663,31.99052929878235,-727.8689162805676,-547.6094149053097,1.5
53,4552.1855445206165,11069.18113000691,819.2416103556752,-0.24753614142537117,-2.302116876840591,-1.3224677368998528,-0.5086506307125092,4.456032279878856,-10.542814376950265,-0.054410845041275024,-2.8819815784692775,gimbal,112,True,0.6009092561326383,land,17.343730991706252,11.637756181880832,gimbal_slow_y1.5,0.0011416245835755771,38.420665860176086,-13.63709643483162,3.6334919277578592,0.018060719944487772,39,24.470649799332023,0.06001901405246102,-23.14298482146114,1.9755033105611801,0.0005505826657518971,1.802727768397915,27.321643638424575,26.936607599258423,686.6198373958468,561.0714890062809,1.5
55,17988.634710907936,13044.72309269011,883.7359686382115,1.1039853170514107,5.800206854939461,-3.9256780296564107,0.3854255765676502,0.3695538081228733,-4.6726256847381595,4.581388045102359,-10.6684232711792,gimbal,81,True,0.6009038583657269,land,8.321040868759155,-3.6959747318178415,gimbal_slow_y1.5,0.00020687148242578985,1.5673728287220001,-4.3582511600106955,12.650777958333492,0.003561307516300643,40,5.335206165909767,0.010954463676537282,9.91148826200515,10.256081745028496,0.00010392142049824062,1.8027115750971807,19.698567460291088,21.41595196723938,97.28994369506836,-64.21820428222418,1.5
34,9587.107338532805,3395.9358030557632,342.6500369794667,-3.235524538904429,-10.095337638258936,4.307689402252437,-7.967776939272881,-4.18439406529069,6.761926764249804,-5.6114456467330465,7.397336554527286,gimbal,72,False,4.3748003930222,gate_miss,-23.230120167136192,20.993900205940008,gimbal_slow_y1.5,0.4366899534812244,-8.231330439448357,3.247325448319316,-12.065462488681078,4.4797474517748945,41,-17.43903672322631,26.2488023581332,-14.006765787489712,-5.425612986087799,0.27521110624712586,5.770895460639965,-4.131659862585366,12.238702297210693,-84.09505784511566,77.56969425827265,1.5
70,16149.521132409573,7521.703257411718,1238.4309377521276,-5.455043926835061,11.545185068249705,-3.5042988695204262,-4.3462434142827995,2.474756721407176,3.510852652788163,3.560406558215619,14.185972005128864,gimbal,41,False,inf,no_recovery,9.56645030528307,6.989066489040852,gimbal_slow_y1.5,nan,-14.715143963694572,4.948598751798272,-22.403876250609756,nan,42,3.6655712872743607,nan,-4.478238048031926,5.707261651754379,nan,nan,26.706341959536076,22.63190460205078,-24.30139370262623,-6.207999587059021,1.5
46,6524.3772833794355,17812.882407531142,662.3294349759817,1.820191640406847,-1.4262533515691764,3.121754430234433,11.14982976615429,-4.988782826811076,-1.1983089566230767,-4.4057151451706895,-10.918401235342028,gimbal,54,False,inf,no_recovery,-21.203854121267796,-17.64662633650005,gimbal_slow_y1.5,nan,15.080889016389847,-6.181424157693982,3.06922416202724,nan,43,-15.794224198907614,nan,-17.18566594645381,-9.78327302634716,nan,nan,4.903366833925247,14.39608120918274,37.55262605845928,19.559338688850403,1.5
61,21234.473910704255,5085.463097020984,1036.3176955841482,-2.4430787265300755,4.87515204548836,0.6126603484153748,-11.357429605722428,-2.3673297800123696,-14.242131105065347,2.8784747086465368,-4.306586953997613,gimbal,113,True,0.600966913015323,land,-6.010510446503758,22.48572283424437,gimbal_slow_y1.5,0.0014203510113130584,24.906672835350037,-14.871232490986586,18.341999035328627,0.0816496341635089,44,-10.698758391663432,0.09462851944268189,2.8775006905198097,-1.5166106075048447,0.001739698117642579,1.802900739045969,-3.7157439962029457,28.742581367492676,739.3274607136846,-479.0521977469325,1.5
52,19081.050634905696,12866.224575042725,799.7620637528598,0.05198802798986435,-11.594555202126504,1.6911386623978615,-1.4899989455938343,3.9005952961742887,9.140560680627825,5.331822495907546,9.292717328667642,gimbal,44,False,inf,no_recovery,-17.994406772777438,15.998186031356454,gimbal_slow_y1.5,nan,37.08429075777531,-23.749847197905183,-3.0379259027540684,nan,45,-2.2222393192350864,nan,-15.98290994297713,11.85819947719574,nan,nan,21.403004115447402,16.157092332839966,-471.0494013503194,-685.2972317487001,1.5
70,8467.699465453625,2586.166039481759,1376.2668575160205,-3.9170958884060387,1.4775460928678523,-2.0758744664490227,8.156475922465326,-0.6358196027576923,-7.725656211376191,-4.861697126179934,-8.725565251708032,gimbal,47,False,inf,no_recovery,0.05722087807953358,-7.904317602515221,gimbal_slow_y1.5,nan,-33.124492317438126,24.884991766884923,22.374007292091846,nan,46,14.35088012367487,nan,7.644811156205833,-4.010262742638588,nan,nan,10.206608666107059,22.48952579498291,484.2108367010951,698.6426901072264,1.5
33,14006.549485772848,20371.15837879479,323.4408460557461,3.0634082928299913,-4.8208383321762085,-4.675788816064597,-8.933634477853776,-4.007409978657962,-5.46426285803318,0.3343522623181343,-1.211598283052444,gimbal,50,False,inf,no_recovery,22.287965659052134,0.19678305834531784,gimbal_slow_y1.5,nan,-6.892537176609039,8.77330880612135,6.41008079983294,nan,47,9.255319787189364,nan,-21.16683675441891,-7.752389386296272,nan,nan,1.2934633996337652,10.452368259429932,285.99435836076736,-265.13244677335024,1.5
40,10162.806783765554,19396.4599262923,497.69298899918795,-2.1214206553995614,12.77017784714699,5.171982463449241,0.6330596655607224,-3.884344976395369,-7.505317836999894,-3.9172958694398408,5.240563005208969,gimbal,50,True,0.6009139516991446,land,1.0592379607260227,23.135294672101736,gimbal_undamped_y0.25,9.882914501286708e-05,16.955235451459885,19.0353250131011,4.51172012835741,0.037089702712578894,0,15.783858671784401,0.005159949089711873,-0.22914819419384003,10.81572874635458,2.0589208101544368e-05,1.802741855097434,25.123582079075277,13.565139532089233,-113.55709210038185,-417.47618559747934,0.25
60,22003.51373590529,9733.150017410517,988.4210484102368,5.99024210125208,-3.1153085768222812,-4.784041263163091,-7.2134568303823485,0.5851454548537731,9.803853964805604,3.262239608913661,-5.569043809175492,gimbal,91,True,0.6009109014864081,land,-17.38814590498805,-3.1025650445371866,gimbal_undamped_y0.25,0.00023344765061834684,-12.838575467467308,-20.21931642666459,-20.723187271505594,0.07352280882070937,1,-3.6693564616143703,0.014089772351676976,-21.430216832086444,-3.7398790642619133,0.00018751404729757735,1.8027327044592243,5.3820998733863235,30.242122173309326,154.83968183398247,404.02188654989004,0.25
68,16958.004743754864,7296.555628404021,1198.2591574080288,2.978590093553067,-9.72909208238125,1.5873269028961658,-0.2570648968219764,-0.4775525741279125,-6.135135957598687,2.3915318995714197,11.910821118950846,gimbal,74,False,inf,no_recovery,23.286500992253423,-18.562558572739363,gimbal_undamped_y0.25,nan,23.027891218662262,9.954748721793294,13.530180463567376,nan,2,10.701672872528434,nan,-15.172692481428385,1.0465024933218956,nan,nan,17.241653374396265,30.25489091873169,-874.2735872045159,883.9110676199198,0.25
54,4204.81905259192,4797.610537484288,850.7191375829279,4.126091245561839,-12.605506896972658,-0.024181567132472992,5.2013723105192184,-2.490366127341986,-1.4327234566211704,-4.9621393382549295,0.23548960983753275,gimbal,110,True,0.6009059213125539,land,-20.647471072152257,0.8441607933491468,gimbal_undamped_y0.25,0.00025181013999781243,-34.995635598897934,-0.3377179615199566,20.728640956804156,0.06231144735056255,3,-14.346344117075205,0.01510446528985322,-11.49883943144232,4.664905361831188,0.000193929194294209,1.8027177639376617,21.882743866182864,30.912880897521973,-574.27844312042,-638.3940210565925,0.25
70,9279.889734685421,12311.157532930374,1335.8260614797473,1.1375099010765553,-6.949786081910134,3.3441967405378827,12.196765601634983,2.4102219007909307,12.270349618792537,-1.466168325394392,-10.156986898183824,gimbal,52,False,inf,no_recovery,13.973918743431568,16.54871804639697,gimbal_undamped_y0.25,nan,4.796457514166832,16.559293726459146,-13.572303391993046,nan,4,21.38028289191425,nan,-16.35405260603875,-2.7245056852698326,nan,nan,0.7419531503692269,25.471448183059692,421.82103730738163,-211.18331775069237,0.25
54,17641.272818371654,21955.000400319695,846.3124645873904,-3.5066860467195515,9.895026728510857,-3.705516859889031,-4.705873757600784,-5.146929647773505,-13.55720934569836,0.4362938292324543,7.8035127460956595,gimbal,93,True,0.6009165573291656,land,-5.445306934416294,-8.822443941608071,gimbal_undamped_y0.25,0.0002894350376391153,-5.016655921936035,-16.058918880298734,11.03414474055171,0.010673194605650678,5,-9.26425433717668,0.01690971968615678,-5.304377232678235,6.910327546298504,0.00018606751801698786,1.802749671987497,14.29491647426039,26.820807456970215,-435.0036319345236,197.83199205994606,0.25
70,14520.575602725148,5378.0021169781685,1307.123094983399,0.27645403146743774,-11.119725215435029,-0.8253758959472179,6.240275117754937,3.6524765118956575,5.7200370222330115,-2.8523608110845093,-0.41438388526439596,gimbal,141,True,0.6009242308427961,land,19.4983568508178,3.1394968274980783,gimbal_undamped_y0.25,1.941315937197872e-05,-38.38335685431957,-12.733014021068811,0.04782923497259617,0.0017247638700270344,6,-16.876669647172093,0.0011220542121273627,3.9830109756439924,-5.989520765841007,1.446223246996696e-05,1.8027726925283882,18.659298038110137,52.4518039226532,-290.6549245119095,-773.7383767962456,0.25
49,2285.554897338152,15015.834709480405,731.1393471434712,-4.098394419997931,1.0009581327438362,1.2072964310646057,-12.912024459242822,-0.9048121422529221,-4.420763602852823,2.006873432546855,3.232366588711738,gimbal,125,True,0.6383953791069685,land,-12.44984338991344,-20.607367157936096,gimbal_undamped_y0.25,0.11678091980273797,31.727617532014847,14.014665596187115,-24.460890935733914,1.484246993140457,7,3.9930856321007013,3.830372274641811,-7.936095725744963,10.063878424465656,0.12205656974778047,1.816964245176842,-3.1085507441312075,28.582003831863403,333.69882702827454,760.2762892842293,0.25
59,19516.698845028877,7821.979699507356,967.508049774915,3.264479711651803,-5.300500372052193,4.044515512883664,13.182934033870698,-3.5450778454542164,-9.389194643497468,-3.481463715434075,10.343797928094865,gimbal,43,False,inf,no_recovery,-15.21609527990222,12.692097760736942,gimbal_undamped_y0.25,nan,8.269709944725037,3.957620682194829,-9.255016315728426,nan,8,22.347297053784132,nan,-5.585936717689037,1.798314280807972,nan,nan,4.737090131267905,19.910615921020508,471.22273575514555,-300.83838533610106,0.25
36,7399.539191350341,17470.610119700432,392.0475115068257,-1.0867459885776043,7.783436331152917,-4.409665647894145,-5.463472491502763,0.9856147393584251,7.976211816072464,4.326583430171014,-7.750403183698655,gimbal,227,False,inf,no_recovery,3.4200028516352177,-11.214226437732577,gimbal_undamped_y0.25,nan,-1.6045240312814713,-3.6525333765894175,16.089957766234875,nan,9,-9.462198801338673,nan,-20.4615121986717,-6.710773028433323,nan,nan,26.282374707981944,29.162230968475342,-486.23476792126894,287.48688865453005,0.25
44,20088.264473229647,20031.669628173113,593.4374363161623,-5.279653362929822,11.17626344561577,5.966741278767587,3.250460931658747,1.9728581383824348,14.042605224251748,-0.30834710597991943,-5.3068831980228435,gimbal,150,False,3.22141538476652,gate_miss,-2.941662259399891,19.179206155240536,gimbal_undamped_y0.25,1.4672178386518218,11.072327867150307,6.6392626613378525,24.41891273483634,8.765442764961197,10,15.585818188264966,19.32849230859912,-24.442740376107395,-11.765271909534931,1.8630081714005444,2.013492923869457,13.392282076179981,31.995802402496338,-737.3139364644885,-109.8113302141428,0.25
67,12083.014342263341,10402.486947104335,1170.0935543514788,1.6015420518815517,-1.059089487791061,-5.581152733415366,-10.052288398146631,-5.469807296991349,-11.841188183426858,0.7782850563526154,5.425271290540696,gimbal,33,False,inf,no_recovery,16.288050450384617,-5.3985032718628645,gimbal_undamped_y0.25,nan,-18.821513801813126,-7.6279195956885815,-0.004228018224239349,nan,11,-2.702246094122529,nan,-1.6032403381541371,3.9160591140389442,nan,nan,2.1584943532943726,20.70210313796997,780.4465698078275,96.35688029229641,0.25
41,15082.904444560409,12533.8377764076,529.6144155785441,-2.2910770252346997,5.239238181710245,-2.653113383799792,10.653639256954193,-2.0796789228916173,-3.318467080593109,-5.25277091190219,13.438058701157573,gimbal,66,True,0.6009223993602445,land,6.484492821618915,9.932210156694055,gimbal_undamped_y0.25,0.0013198843148322626,-21.18575006723404,-22.763089137151837,-16.08455046080053,0.24327788077248014,12,-21.056553721427917,0.07219044604724335,-12.70491807255894,7.65928403288126,0.0006485583824485496,1.8027671980807334,9.782611541450024,16.273439407348633,17.96543262898922,-529.9220385029912,0.25
64,6958.481907248497,2876.557444781065,1104.6725807711482,4.613372068852187,-7.720361396670342,2.285771884024144,-3.043162089586259,5.38985724002123,1.0040015280246735,4.782468158751727,-11.745082649588586,gimbal,174,True,0.6009040755578269,land,-24.482710333541036,-14.705765619874,gimbal_undamped_y0.25,5.2638526768605244e-05,28.94498459994793,22.360368678346276,9.247989533469081,0.0029444388306260655,13,8.171443361788988,0.0031660949455739607,8.750364207662642,-0.47187573462724686,4.30275097634124e-05,1.8027122266734807,21.236949309706688,49.84498715400696,-32.90225900709629,516.5766773745418,0.25
50,18106.11516289413,8277.18818306923,750.3649826161563,3.8999166190624246,13.89514016211033,-1.5887618958950043,-13.892820185422899,-1.4745317995548248,4.923044818639756,-4.231898970901967,-9.871623972058298,gimbal,78,False,inf,no_recovery,11.586870765313506,-0.7801487110555172,gimbal_undamped_y0.25,nan,33.083522245287895,24.12891718558967,18.782622553408146,nan,14,-19.210247695446014,nan,-18.34437631070614,0.020373724400997162,nan,nan,2.3166156066581607,20.288789749145508,-85.60845404863358,-468.3957528322935,0.25
70,8837.138950526714,18557.09475018084,1292.4943829886615,-0.08088886365294456,-1.9903258770704273,1.9566821940243244,7.061109638214113,3.085504241287709,-7.010752129554749,3.576835535466672,8.175132510066035,gimbal,90,True,0.6009195896973457,land,-20.161069789901376,23.913535056635737,gimbal_undamped_y0.25,2.898300149963056e-05,-37.044542133808136,-24.5074478443712,-5.6954012252390385,0.001082253050950538,15,6.300374586135149,0.0016828582956713673,-3.1782699655741453,-7.9269459173083305,2.12953338018883e-05,1.802758769092037,11.74571533780545,33.382118701934814,70.72771936655045,455.0502944737673,0.25
58,3722.45076097548,15945.423320233822,952.0754747092724,-3.0923576764762406,-10.404054397344591,-5.176347501575948,14.015743812918664,-3.356192976236344,10.798561933636666,2.7573086880147466,-1.908051931858063,gimbal,142,True,0.6009049893317107,land,14.261951297521591,8.306300174444914,gimbal_undamped_y0.25,0.00027930202655357736,6.933351531624794,7.818869594484568,9.85498265363276,0.016246897561991897,16,-0.8313084486871958,0.016696504147919223,1.5753481350839138,11.273486696183681,0.0002303743097235546,1.802714967995132,11.229760381393135,39.04488182067871,-677.5749357417226,31.314956210553646,0.25
66,16491.62846416235,13384.36780795455,1154.6588566154242,-1.8029494509100914,-13.730523875355722,3.712870929390193,-9.099068087339402,-5.650247856974603,11.450528115034103,-4.502473790198565,-13.864530444145204,gimbal,75,False,inf,no_recovery,-17.096293810755014,-22.24054210819304,gimbal_undamped_y0.25,nan,-15.121857300400734,-5.32616819255054,5.67792053334415,nan,17,24.218330066651106,nan,6.616405374370515,6.250409714877605,nan,nan,-4.755151043646038,28.620939016342163,-545.9728030487895,-246.3455893099308,0.25
45,5522.727333828807,3093.3455272763968,612.9319604486227,5.484007682651282,1.827522334456443,-3.348618641495705,2.404466915130616,1.790036402642727,-12.640269184112551,5.531987797468902,11.267619752883913,gimbal,36,False,inf,no_recovery,2.321495395153761,1.6223049722611904,gimbal_undamped_y0.25,nan,14.754894375801086,5.802329024299979,-18.763709580525756,nan,18,-11.3084452226758,nan,-15.095227821730077,-2.068982385098934,nan,nan,18.817385730333626,12.094772338867188,531.0162188485265,232.99423679709435,0.25
64,21497.518742457032,21039.08783785999,1090.0458767078817,-4.791347779333592,-6.274748289585114,-0.4172833487391472,-2.10543255507946,5.941839180886746,-0.49468906223773956,-1.057866744697094,3.980822691321375,gimbal,110,True,0.6009220853093585,land,23.7706093583256,-6.4879137091338634,gimbal_undamped_y0.25,2.1768565595675718e-05,25.242909938097,15.276440512388945,-9.8252447322011,0.004464177110156079,19,-18.747643055394292,0.0012511187987956915,0.5307234497740865,-10.349927388131618,1.6254244487712038e-05,1.8027662559280757,27.729556863196194,42.65877914428711,280.9372913092375,-729.7925865277648,0.25
42,10646.710216850042,10778.647105842829,548.8421901129186,2.471988033503295,10.570043706893923,0.034464966505765915,9.791495499014857,-1.5183577984571457,2.0207207232713706,0.02798793464899063,-6.802321234345437,gimbal,91,False,3.837268572442703,gate_miss,-7.396114384755492,17.314655287191272,gimbal_undamped_y0.25,0.7992791699791642,-24.865851923823357,-14.214340411126614,15.489163529127836,4.452939703655216,20,5.839296290650964,23.023611434656218,-22.05243453849107,5.51817112416029,0.33167999238288304,5.0194258419372755,3.8639602782204747,21.526036739349365,-237.94797845184803,716.3303816691041,0.25
62,6177.008340954781,16554.370265230536,1042.0048664323986,-5.793223444372416,-11.794749274849893,4.414042465388776,-8.285219353437425,0.012130346149206161,-10.313166484236719,-2.4872749820351605,13.78329770565033,gimbal,188,True,0.6009197318100702,land,18.343815207481384,-19.84742465429008,gimbal_undamped_y0.25,2.173842296993593e-05,-11.65540099143982,-17.93122491799295,23.252798849716783,0.0064365231744252065,21,19.70515246503055,0.0012665523447194687,-13.175181718543172,-7.175866641104221,1.4339940638418308e-05,1.8027591954302105,8.263338612392545,58.14471173286438,-375.2097599208355,-167.23687034100294,0.25
38,15842.30575285852,6287.899955958128,448.7060288898647,1.9273260310292244,0.32592742145061493,-4.051823113113643,1.362048482894897,-4.448021080344916,8.803064140677453,1.6417832896113396,-11.426308250427248,gimbal,60,True,0.6009058262105456,land,-0.2939101308584213,5.480260215699673,gimbal_undamped_y0.25,0.0010545047468992325,18.155499920248985,18.212101934477687,-1.9639768172055483,0.05743033277011898,22,-7.613111799582839,0.05962239670144777,9.085378218442202,2.2678024247288704,0.0007188190487694181,1.8027174786316367,23.843554133549333,16.998106718063354,362.0834983885288,153.88545412570238,0.25
70,11262.077687457204,19178.424126654863,1252.1139211952686,-2.805014748126269,-4.1754696607589725,-1.2175333611667156,-1.3443181961774826,-0.28299036249518394,6.525795972347261,-3.1675472594797616,-3.92156974375248,gimbal,66,True,0.6009159179642584,land,-22.625314304605126,-10.442076995968819,gimbal_undamped_y0.25,4.293718229175406e-05,21.84717185795307,2.8785199858248234,-17.24997879937291,0.004741005170299083,23,-12.671249452978373,0.002509054750503992,-23.4277231618762,9.026042349636555,3.0223320475745935e-05,1.8027477538927752,14.966629328206182,29.959393739700317,668.3573937043548,-583.9006215333939,0.25
46,20887.109567672014,8883.857448622584,659.357175976038,4.938791267573834,8.908460390567782,0.8268233835697174,8.808842691779137,4.157156791538001,-5.3517663180828094,4.012674149125815,6.953092440962791,gimbal,89,False,1.4620228147589727,gate_miss,9.324513142928481,15.020654210820794,gimbal_undamped_y0.25,0.16836718209545734,-28.356718868017197,-1.6210824251174927,7.289283536374569,4.442106380085404,24,0.5807468667626381,8.772136888553836,-2.4830070044845343,-4.967797972261906,0.10699177824237636,1.8343715319207097,-0.39102100394666195,24.103899240493774,-627.03961674124,570.4385608434677,0.25
56,18756.38127744198,21657.91748225689,904.5718442648649,-4.328975021839143,-0.38411343991756475,2.6545948460698137,4.44722399711609,-2.6764840297400956,0.023356112837792153,1.1858127526938915,-8.221229651570322,gimbal,111,True,0.6009054342215329,land,21.358046540990472,21.519875014200807,gimbal_undamped_y0.25,0.0003247320008541601,-31.139118149876595,-12.098441226407886,-23.284014873206615,0.013889791703769604,25,12.376862904056907,0.018517738761997377,-18.62473097164184,8.500842489302158,0.00020005969665884272,1.8027163026645985,24.764045793563128,30.00108790397644,808.309336937964,818.8698275014758,0.25
52,3107.409017831087,3709.8974922299385,797.3275779746473,3.683191169053317,4.114262133836746,5.585564240813256,-3.6490524262189865,-4.59165207669139,13.054928076267245,-5.711658261716367,-1.6142494082450867,gimbal,99,True,0.6009036886025371,land,6.063948106020689,-13.933713687583804,gimbal_undamped_y0.25,0.00015854073037600448,-8.853617534041405,-21.57264780253172,-7.306718220934272,0.027120639860427474,26,17.434905841946602,0.00948013617678797,5.136885060928762,3.2678714767098427,0.00012705816732091137,1.802711065807611,16.108712535351515,29.72998547554016,214.57818634808064,-355.9505570679903,0.25
70,13720.793740227818,13995.814334228635,1389.4120841287076,-1.3169618099927902,-8.84533036351204,-5.974082853645087,11.454592546820642,2.968246679753066,-10.979634565114976,5.241348333656789,1.946245944499971,gimbal,288,True,0.600906238643021,land,-13.164149317890406,12.260671891272068,gimbal_undamped_y0.25,0.0003846431900193778,0.9375230967998505,20.412887912243605,17.269033519551158,0.0077289536037494465,27,-5.344391521066427,0.02261993792293239,-9.22815767582506,-11.09804130345583,0.0002990685480100717,1.802718715929063,-1.5330077074468136,96.76188445091248,-173.34999851882458,342.49613396823406,0.25
59,2671.837640181184,18876.00056000054,973.1973187066615,0.47692645713686943,12.220154303312302,0.25544169545173645,9.956009459495547,5.689844772219659,-13.303698509931566,3.1001516617834577,-0.8097667604684826,gimbal,219,True,0.6009322179124332,land,2.885085204616189,-16.85018353164196,gimbal_undamped_y0.25,0.0012231969708643377,-35.16736388206482,0.7152560167014599,-1.079121744260192,0.03207094969913403,28,-6.3109904527664185,0.0675046659070217,-22.320041181519628,7.456474095582962,0.0007429182200893663,1.8027966537372997,-0.2812654413282871,62.33901119232178,-221.43944464623928,-851.6629977151752,0.25
70,7667.845822274685,16263.978219032288,1320.8039803430438,3.4887086413800725,3.7501761585474007,-3.123201940208674,2.943065509200096,-5.960745222866536,2.691511854529381,2.472318872809411,10.735723543167115,gimbal,32,False,inf,no_recovery,-6.440261844545603,-1.3039301615208387,gimbal_undamped_y0.25,nan,5.053958967328072,-16.96453015320003,8.369737397879362,nan,29,0.8395515847951174,nan,-14.280708692967892,-9.306472107768059,nan,nan,22.92215509340167,22.640175342559814,823.8788226619363,-435.16490310430527,0.25
49,19902.97653608024,6620.287395492196,728.1649900600314,-1.167203150689602,-8.483002254366877,3.514535777270795,-10.753876706957818,1.5731524676084518,-0.28097048699855875,-1.6273822635412216,-7.252800250053407,gimbal,73,True,0.6009435438446236,land,24.33147905394435,24.850782565772533,gimbal_undamped_y0.25,0.003160150777192614,-4.834990352392197,15.658260276541114,-17.158270068466663,0.20159551147566207,30,-13.736859941855073,0.1897820508077569,5.807360270991921,5.249503701925278,0.0026275291326878646,1.8028306315338707,7.599622253328562,23.237308979034424,-809.0183487161994,448.5162153840065,0.25
41,12328.61633643508,4039.5003389567137,517.0461701229215,-5.972278933972121,-12.269579207897188,-5.045464541763068,13.037693381309513,1.4353925585746765,-6.33327392935753,5.644176810979844,-4.914961874485016,gimbal,55,True,0.7342474158066711,land,-19.164160266518593,-7.107778592035174,gimbal_undamped_y0.25,0.02886590912566641,12.87695199251175,-19.4144144654274,-23.582859430462122,1.8274986282372307,31,11.312683206051588,4.405484494840026,1.858876501210034,1.2265525460243225,0.15062370926311044,1.819798946978155,-1.1655322145670652,17.448644876480103,-667.6656553521752,-173.7202288582921,0.25
64,20453.08298267424,13703.275879770517,1110.8983116224408,2.151105388998986,0.8025150060653683,4.6860604137182245,-6.116278070211411,-3.010476373136044,5.157540428638459,-5.174055755138398,5.922892248630525,gimbal,66,True,0.6009184501311269,land,12.19823881983757,18.35113186389208,gimbal_undamped_y0.25,4.328078330930791e-05,-16.992389634251595,19.841753039509058,1.1210182681679726,0.0021613640885212487,32,-24.20846540480852,0.0026388693026428,-10.333694037981331,-8.40791268646717,3.696420390043837e-05,1.8027553503933806,16.218497479334474,33.82593297958374,624.6551832184196,187.17453461140394,0.25
44,7323.295364901423,11725.070190280676,591.0008524544537,-2.960675653070212,-3.695807245373727,2.083216018974782,5.592300090193749,-1.1639256700873375,10.113722142577174,0.7010002322494984,13.04267325103283,gimbal,49,False,inf,no_recovery,14.869837975129485,-22.763466089963913,gimbal_undamped_y0.25,nan,-22.990580424666405,10.56281286291778,17.165024438872933,nan,33,-5.84132862277329,nan,-4.008644060231745,-3.1731102615594864,nan,nan,24.100425692275167,19.775985717773438,370.1887182891369,-650.1487199217081,0.25
67,15328.511490523815,21357.640474662185,1183.2366828806698,5.1390844881534585,8.427040323615074,-1.6955501921474934,-13.055064412951472,3.302222192287446,-8.601698049902918,-1.1714860908687115,-12.260209634900095,gimbal,44,False,inf,no_recovery,-3.1803651247173548,2.5619360152632,gimbal_undamped_y0.25,nan,27.11550161242485,-9.549534833058715,-8.375059487298131,nan,34,18.7386489007622,nan,-17.517072982154787,11.004933714866638,nan,nan,6.421322027221322,29.6107394695282,-355.23930564522743,663.4941514581442,0.25
47,22328.18064287305,5974.281185418367,681.5406174398959,-1.6187670081853867,-14.376739025115969,-5.753404028713704,11.998793148994448,-4.796805549412967,0.6960002213716514,2.1289556957781324,4.729144656658175,gimbal,115,True,0.6009175284791344,land,20.40802938863635,-9.403406688943505,gimbal_undamped_y0.25,0.0002412587235886035,18.782985135912895,-7.016806863248348,-3.6386726424098015,0.037898953653215904,35,7.61060263030231,0.014562096240385874,-8.964815214276314,-0.3004319965839386,0.00021968085275645617,1.8027525854374031,10.821943660266697,34.121684551239014,-267.5803665071726,-312.59431801736355,0.25
69,10448.555554822087,15603.003060147166,1223.8208175636828,5.250706840306521,2.4719795107841485,5.386153366416694,-5.298918002843857,2.6694799549877652,-2.220219996571542,-2.783828850835562,-5.975224292278291,gimbal,98,True,0.6009068615051534,land,-10.174246225506067,14.395353477448225,gimbal_undamped_y0.25,2.806528081950327e-06,-11.035020649433136,7.248849701136351,21.803731378167868,0.0018287592563391425,36,-19.712906843051314,0.00016347872759521007,4.870471702888608,8.208291605114937,2.1730583010278892e-06,1.8027205845154601,20.21365210134536,43.510202407836914,226.25607512891293,326.04876793920994,0.25
61,5403.085619807243,18227.33062312007,1020.9001062437892,2.2621733285486707,9.922508856654169,-2.493943423032761,-12.297469970583919,-2.9401854760944848,12.832846158742907,-3.6561961323022847,12.29233386218548,gimbal,72,False,inf,no_recovery,5.1113075111061335,4.953426448628306,gimbal_undamped_y0.25,nan,21.224123015999794,-21.959716035053134,-12.694247951731086,nan,37,12.681209482252598,nan,-6.471205148845911,-11.556108087301254,nan,nan,3.1978269638493657,29.80107092857361,-523.8115472719073,749.6201729401946,0.25
70,12913.448968604207,20706.54801517725,1360.8512761071324,4.115590743720532,14.205173403024677,0.9574084393680096,7.338603901863099,-0.07800287380814552,8.116343691945076,1.0841007828712463,0.7363070100545883,gimbal,189,True,0.6009104386906415,land,-0.9082040283828974,-12.894184421747923,gimbal_undamped_y0.25,0.00020121076178942425,-31.766144409775734,13.112109247595072,-21.796930627897382,0.020318874725832898,38,-12.368333665654063,0.01163367996537749,-2.7622711891308427,-6.155288457870483,9.562737859716281e-05,1.8027313160719247,3.7139815045520663,64.39052248001099,-727.8689162805676,-547.6094149053097,0.25
53,4552.1855445206165,11069.18113000691,819.2416103556752,-0.24753614142537117,-2.302116876840591,-1.3224677368998528,-0.5086506307125092,4.456032279878856,-10.542814376950265,-0.054410845041275024,-2.8819815784692775,gimbal,74,True,0.6009069017045504,land,17.343730991706252,11.637756181880832,gimbal_undamped_y0.25,0.00013593477338549274,38.420665860176086,-13.63709643483162,3.6334919277578592,0.008670047623527192,39,24.470649799332023,0.007691414052796537,-23.14298482146114,1.9755033105611801,8.662352234889161e-05,1.8027207051136513,27.321643638424575,24.412376642227173,686.6198373958468,561.0714890062809,0.25
55,17988.634710907936,13044.72309269011,883.7359686382115,1.1039853170514107,5.800206854939461,-3.9256780296564107,0.3854255765676502,0.3695538081228733,-4.6726256847381595,4.581388045102359,-10.6684232711792,gimbal,93,True,0.6009118704068616,land,8.321040868759155,-3.6959747318178415,gimbal_undamped_y0.25,3.7264661375920373e-05,1.5673728287220001,-4.3582511600106955,12.650777958333492,0.004748184918648195,40,5.335206165909767,0.002206093471145906,9.91148826200515,10.256081745028496,3.4728726623452024e-05,1.8027356112205848,19.698567460291088,28.483397006988525,97.28994369506836,-64.21820428222418,0.25
34,9587.107338532805,3395.9358030557632,342.6500369794667,-3.235524538904429,-10.095337638258936,4.307689402252437,-7.967776939272881,-4.18439406529069,6.761926764249804,-5.6114456467330465,7.397336554527286,gimbal,154,False,4.49386626168353,gate_miss,-23.230120167136192,20.993900205940008,gimbal_undamped_y0.25,0.4734532850448671,-8.231330439448357,3.247325448319316,-12.065462488681078,4.78470977223366,41,-17.43903672322631,26.963197570101176,-14.006765787489712,-5.425612986087799,0.2533718023686673,5.295660293056157,-4.131659862585366,25.346827030181885,-84.09505784511566,77.56969425827265,0.25
70,16149.521132409573,7521.703257411718,1238.4309377521276,-5.455043926835061,11.545185068249705,-3.5042988695204262,-4.3462434142827995,2.474756721407176,3.510852652788163,3.560406558215619,14.185972005128864,gimbal,44,False,inf,no_recovery,9.56645030528307,6.989066489040852,gimbal_undamped_y0.25,nan,-14.715143963694572,4.948598751798272,-22.403876250609756,nan,42,3.6655712872743607,nan,-4.478238048031926,5.707261651754379,nan,nan,26.706341959536076,23.25315022468567,-24.30139370262623,-6.207999587059021,0.25
46,6524.3772833794355,17812.882407531142,662.3294349759817,1.820191640406847,-1.4262533515691764,3.121754430234433,11.14982976615429,-4.988782826811076,-1.1983089566230767,-4.4057151451706895,-10.918401235342028,gimbal,49,False,inf,no_recovery,-21.203854121267796,-17.64662633650005,gimbal_undamped_y0.25,nan,15.080889016389847,-6.181424157693982,3.06922416202724,nan,43,-15.794224198907614,nan,-17.18566594645381,-9.78327302634716,nan,nan,4.903366833925247,16.058549880981445,37.55262605845928,19.559338688850403,0.25
61,21234.473910704255,5085.463097020984,1036.3176955841482,-2.4430787265300755,4.87515204548836,0.6126603484153748,-11.357429605722428,-2.3673297800123696,-14.242131105065347,2.8784747086465368,-4.306586953997613,gimbal,290,True,0.6009205532750523,land,-6.010510446503758,22.48572283424437,gimbal_undamped_y0.25,0.0008739385170216316,24.906672835350037,-14.871232490986586,18.341999035328627,0.11690291610408225,44,-10.698758391663432,0.04990273943830222,2.8775006905198097,-1.5166106075048447,0.0006037151983252857,1.802761659825157,-3.7157439962029457,75.16704058647156,739.3274607136846,-479.0521977469325,0.25
52,19081.050634905696,12866.224575042725,799.7620637528598,0.05198802798986435,-11.594555202126504,1.6911386623978615,-1.4899989455938343,3.9005952961742887,9.140560680627825,5.331822495907546,9.292717328667642,gimbal,41,False,inf,no_recovery,-17.994406772777438,15.998186031356454,gimbal_undamped_y0.25,nan,37.08429075777531,-23.749847197905183,-3.0379259027540684,nan,45,-2.2222393192350864,nan,-15.98290994297713,11.85819947719574,nan,nan,21.403004115447402,16.238815546035767,-471.0494013503194,-685.2972317487001,0.25
70,8467.699465453625,2586.166039481759,1376.2668575160205,-3.9170958884060387,1.4775460928678523,-2.0758744664490227,8.156475922465326,-0.6358196027576923,-7.725656211376191,-4.861697126179934,-8.725565251708032,gimbal,38,False,inf,no_recovery,0.05722087807953358,-7.904317602515221,gimbal_undamped_y0.25,nan,-33.124492317438126,24.884991766884923,22.374007292091846,nan,46,14.35088012367487,nan,7.644811156205833,-4.010262742638588,nan,nan,10.206608666107059,22.8971107006073,484.2108367010951,698.6426901072264,0.25
33,14006.549485772848,20371.15837879479,323.4408460557461,3.0634082928299913,-4.8208383321762085,-4.675788816064597,-8.933634477853776,-4.007409978657962,-5.46426285803318,0.3343522623181343,-1.211598283052444,gimbal,30,False,inf,no_recovery,22.287965659052134,0.19678305834531784,gimbal_undamped_y0.25,nan,-6.892537176609039,8.77330880612135,6.41008079983294,nan,47,9.255319787189364,nan,-21.16683675441891,-7.752389386296272,nan,nan,1.2934633996337652,9.611652135848999,285.99435836076736,-265.13244677335024,0.25
40,10162.806783765554,19396.4599262923,497.69298899918795,-2.1214206553995614,12.77017784714699,5.171982463449241,0.6330596655607224,-3.884344976395369,-7.505317836999894,-3.9172958694398408,5.240563005208969,gimbal,33,True,0.6009059626660113,land,1.0592379607260227,23.135294672101736,gimbal_undamped_y1.5,0.0013085452767397864,16.955235451459885,19.0353250131011,4.51172012835741,0.020836756240209947,0,15.783858671784401,0.06868095785250203,-0.22914819419384003,10.81572874635458,0.0006271986969883481,1.802717887998034,25.123582079075277,11.542052268981934,-113.55709210038185,-417.47618559747934,1.5
60,22003.51373590529,9733.150017410517,988.4210484102368,5.99024210125208,-3.1153085768222812,-4.784041263163091,-7.2134568303823485,0.5851454548537731,9.803853964805604,3.262239608913661,-5.569043809175492,gimbal,84,True,0.6009080959388667,land,-17.38814590498805,-3.1025650445371866,gimbal_undamped_y1.5,0.0007073204407246771,-12.838575467467308,-20.21931642666459,-20.723187271505594,0.016429029425186408,1,-3.6693564616143703,0.03735695015738814,-21.430216832086444,-3.7398790642619133,0.00034952044000235283,1.8027242878166003,5.3820998733863235,22.740646600723267,154.83968183398247,404.02188654989004,1.5
68,16958.004743754864,7296.555628404021,1198.2591574080288,2.978590093553067,-9.72909208238125,1.5873269028961658,-0.2570648968219764,-0.4775525741279125,-6.135135957598687,2.3915318995714197,11.910821118950846,gimbal,57,False,inf,no_recovery,23.286500992253423,-18.562558572739363,gimbal_undamped_y1.5,nan,23.027891218662262,9.954748721793294,13.530180463567376,nan,2,10.701672872528434,nan,-15.172692481428385,1.0465024933218956,nan,nan,17.241653374396265,23.645853281021118,-874.2735872045159,883.9110676199198,1.5
54,4204.81905259192,4797.610537484288,850.7191375829279,4.126091245561839,-12.605506896972658,-0.024181567132472992,5.2013723105192184,-2.490366127341986,-1.4327234566211704,-4.9621393382549295,0.23548960983753275,gimbal,100,True,0.6009199214674567,land,-20.647471072152257,0.8441607933491468,gimbal_undamped_y1.5,0.0007926310350606166,-34.995635598897934,-0.3377179615199566,20.728640956804156,0.014656163935606151,3,-14.346344117075205,0.04181312616456393,-11.49883943144232,4.664905361831188,0.0003863563991012566,1.80275976440237,21.882743866182864,23.766185760498047,-574.27844312042,-638.3940210565925,1.5
70,9279.889734685421,12311.157532930374,1335.8260614797473,1.1375099010765553,-6.949786081910134,3.3441967405378827,12.196765601634983,2.4102219007909307,12.270349618792537,-1.466168325394392,-10.156986898183824,gimbal,51,False,inf,no_recovery,13.973918743431568,16.54871804639697,gimbal_undamped_y1.5,nan,4.796457514166832,16.559293726459146,-13.572303391993046,nan,4,21.38028289191425,nan,-16.35405260603875,-2.7245056852698326,nan,nan,0.7419531503692269,24.52046513557434,421.82103730738163,-211.18331775069237,1.5
54,17641.272818371654,21955.000400319695,846.3124645873904,-3.5066860467195515,9.895026728510857,-3.705516859889031,-4.705873757600784,-5.146929647773505,-13.55720934569836,0.4362938292324543,7.8035127460956595,gimbal,49,True,0.6009052290956411,land,-5.445306934416294,-8.822443941608071,gimbal_undamped_y1.5,0.00019294422239818015,-5.016655921936035,-16.058918880298734,11.03414474055171,0.005315360748222907,5,-9.26425433717668,0.010725281123510809,-5.304377232678235,6.910327546298504,0.00012236766753682168,1.8027156872869234,14.29491647426039,17.675512552261353,-435.0036319345236,197.83199205994606,1.5
70,14520.575602725148,5378.0021169781685,1307.123094983399,0.27645403146743774,-11.119725215435029,-0.8253758959472179,6.240275117754937,3.6524765118956575,5.7200370222330115,-2.8523608110845093,-0.41438388526439596,gimbal,147,True,0.6009229168838056,land,19.4983568508178,3.1394968274980783,gimbal_undamped_y1.5,0.00026671122909555843,-38.38335685431957,-12.733014021068811,0.04782923497259617,0.004396896496554419,6,-16.876669647172093,0.013938249972133256,3.9830109756439924,-5.989520765841007,0.0001253753848161192,1.802768750651417,18.659298038110137,39.918461084365845,-290.6549245119095,-773.7383767962456,1.5
49,2285.554897338152,15015.834709480405,731.1393471434712,-4.098394419997931,1.0009581327438362,1.2072964310646057,-12.912024459242822,-0.9048121422529221,-4.420763602852823,2.006873432546855,3.232366588711738,gimbal,94,True,0.609980739855326,land,-12.44984338991344,-20.607367157936096,gimbal_undamped_y1.5,0.16900184289503353,31.727617532014847,14.014665596187115,-24.460890935733914,1.2116358821806383,7,3.9930856321007013,3.653797846682889,-7.936095725744963,10.063878424465656,0.09854668184219278,1.829942219565978,-3.1085507441312075,19.144556522369385,333.69882702827454,760.2762892842293,1.5
59,19516.698845028877,7821.979699507356,967.508049774915,3.264479711651803,-5.300500372052193,4.044515512883664,13.182934033870698,-3.5450778454542164,-9.389194643497468,-3.481463715434075,10.343797928094865,gimbal,46,False,inf,no_recovery,-15.21609527990222,12.692097760736942,gimbal_undamped_y1.5,nan,8.269709944725037,3.957620682194829,-9.255016315728426,nan,8,22.347297053784132,nan,-5.585936717689037,1.798314280807972,nan,nan,4.737090131267905,18.89822793006897,471.22273575514555,-300.83838533610106,1.5
36,7399.539191350341,17470.610119700432,392.0475115068257,-1.0867459885776043,7.783436331152917,-4.409665647894145,-5.463472491502763,0.9856147393584251,7.976211816072464,4.326583430171014,-7.750403183698655,gimbal,215,False,inf,no_recovery,3.4200028516352177,-11.214226437732577,gimbal_undamped_y1.5,nan,-1.6045240312814713,-3.6525333765894175,16.089957766234875,nan,9,-9.462198801338673,nan,-20.4615121986717,-6.710773028433323,nan,nan,26.282374707981944,20.72788667678833,-486.23476792126894,287.48688865453005,1.5
44,20088.264473229647,20031.669628173113,593.4374363161623,-5.279653362929822,11.17626344561577,5.966741278767587,3.250460931658747,1.9728581383824348,14.042605224251748,-0.30834710597991943,-5.3068831980228435,gimbal,119,True,0.6285272224207283,land,-2.941662259399891,19.179206155240536,gimbal_undamped_y1.5,0.010713026864171292,11.072327867150307,6.6392626613378525,24.41891273483634,1.2199472518243484,10,15.585818188264966,3.77116333452437,-24.442740376107395,-11.765271909534931,0.12681217428666242,1.8099613111783337,13.392282076179981,19.825427293777466,-737.3139364644885,-109.8113302141428,1.5
67,12083.014342263341,10402.486947104335,1170.0935543514788,1.6015420518815517,-1.059089487791061,-5.581152733415366,-10.052288398146631,-5.469807296991349,-11.841188183426858,0.7782850563526154,5.425271290540696,gimbal,44,False,inf,no_recovery,16.288050450384617,-5.3985032718628645,gimbal_undamped_y1.5,nan,-18.821513801813126,-7.6279195956885815,-0.004228018224239349,nan,11,-2.702246094122529,nan,-1.6032403381541371,3.9160591140389442,nan,nan,2.1584943532943726,22.04268980026245,780.4465698078275,96.35688029229641,1.5
41,15082.904444560409,12533.8377764076,529.6144155785441,-2.2910770252346997,5.239238181710245,-2.653113383799792,10.653639256954193,-2.0796789228916173,-3.318467080593109,-5.25277091190219,13.438058701157573,gimbal,57,True,0.6009157203811745,land,6.484492821618915,9.932210156694055,gimbal_undamped_y1.5,0.0016495782860304429,-21.18575006723404,-22.763089137151837,-16.08455046080053,0.0630392803291954,12,-21.056553721427917,0.09095642206181472,-12.70491807255894,7.65928403288126,0.0010051099785242732,1.8027471611435233,9.782611541450024,15.35350489616394,17.96543262898922,-529.9220385029912,1.5
64,6958.481907248497,2876.557444781065,1104.6725807711482,4.613372068852187,-7.720361396670342,2.285771884024144,-3.043162089586259,5.38985724002123,1.0040015280246735,4.782468158751727,-11.745082649588586,gimbal,136,True,0.6009065410669099,land,-24.482710333541036,-14.705765619874,gimbal_undamped_y1.5,0.00023819118139295972,28.94498459994793,22.360368678346276,9.247989533469081,0.0040862055984507515,13,8.171443361788988,0.012455525390004192,8.750364207662642,-0.47187573462724686,0.00011242674520432747,1.8027196232007296,21.236949309706688,36.15937280654907,-32.90225900709629,516.5766773745418,1.5
50,18106.11516289413,8277.18818306923,750.3649826161563,3.8999166190624246,13.89514016211033,-1.5887618958950043,-13.892820185422899,-1.4745317995548248,4.923044818639756,-4.231898970901967,-9.871623972058298,gimbal,61,False,inf,no_recovery,11.586870765313506,-0.7801487110555172,gimbal_undamped_y1.5,nan,33.083522245287895,24.12891718558967,18.782622553408146,nan,14,-19.210247695446014,nan,-18.34437631070614,0.020373724400997162,nan,nan,2.3166156066581607,18.83599877357483,-85.60845404863358,-468.3957528322935,1.5
70,8837.138950526714,18557.09475018084,1292.4943829886615,-0.08088886365294456,-1.9903258770704273,1.9566821940243244,7.061109638214113,3.085504241287709,-7.010752129554749,3.576835535466672,8.175132510066035,gimbal,80,True,0.6009113021095364,land,-20.161069789901376,23.913535056635737,gimbal_undamped_y1.5,0.00021023809315865472,-37.044542133808136,-24.5074478443712,-5.6954012252390385,0.0036090033827301856,15,6.300374586135149,0.010983425797548345,-3.1782699655741453,-7.9269459173083305,9.94762213729734e-05,1.8027339063286092,11.74571533780545,25.5157790184021,70.72771936655045,455.0502944737673,1.5
58,3722.45076097548,15945.423320233822,952.0754747092724,-3.0923576764762406,-10.404054397344591,-5.176347501575948,14.015743812918664,-3.356192976236344,10.798561933636666,2.7573086880147466,-1.908051931858063,gimbal,42,True,0.6009092075918426,land,14.261951297521591,8.306300174444914,gimbal_undamped_y1.5,0.00042853903392682817,6.933351531624794,7.818869594484568,9.85498265363276,0.007010551958267263,16,-0.8313084486871958,0.022411323827476622,1.5753481350839138,11.273486696183681,0.00020229045653808022,1.802727622775528,11.229760381393135,16.61725664138794,-677.5749357417226,31.314956210553646,1.5
66,16491.62846416235,13384.36780795455,1154.6588566154242,-1.8029494509100914,-13.730523875355722,3.712870929390193,-9.099068087339402,-5.650247856974603,11.450528115034103,-4.502473790198565,-13.864530444145204,gimbal,61,False,inf,no_recovery,-17.096293810755014,-22.24054210819304,gimbal_undamped_y1.5,nan,-15.121857300400734,-5.32616819255054,5.67792053334415,nan,17,24.218330066651106,nan,6.616405374370515,6.250409714877605,nan,nan,-4.755151043646038,22.122555017471313,-545.9728030487895,-246.3455893099308,1.5
45,5522.727333828807,3093.3455272763968,612.9319604486227,5.484007682651282,1.827522334456443,-3.348618641495705,2.404466915130616,1.790036402642727,-12.640269184112551,5.531987797468902,11.267619752883913,gimbal,35,False,inf,no_recovery,2.321495395153761,1.6223049722611904,gimbal_undamped_y1.5,nan,14.754894375801086,5.802329024299979,-18.763709580525756,nan,18,-11.3084452226758,nan,-15.095227821730077,-2.068982385098934,nan,nan,18.817385730333626,12.2479727268219,531.0162188485265,232.99423679709435,1.5
64,21497.518742457032,21039.08783785999,1090.0458767078817,-4.791347779333592,-6.274748289585114,-0.4172833487391472,-2.10543255507946,5.941839180886746,-0.49468906223773956,-1.057866744697094,3.980822691321375,gimbal,128,True,0.6009053963749292,land,23.7706093583256,-6.4879137091338634,gimbal_undamped_y1.5,0.0005090620885050761,25.242909938097,15.276440512388945,-9.8252447322011,0.007979830560175852,19,-18.747643055394292,0.02667819787800743,0.5307234497740865,-10.349927388131618,0.00024197521507278671,1.8027161891247876,27.729556863196194,35.438374519348145,280.9372913092375,-729.7925865277648,1.5
42,10646.710216850042,10778.647105842829,548.8421901129186,2.471988033503295,10.570043706893923,0.034464966505765915,9.791495499014857,-1.5183577984571457,2.0207207232713706,0.02798793464899063,-6.802321234345437,gimbal,71,False,3.5547736904998892,gate_miss,-7.396114384755492,17.314655287191272,gimbal_undamped_y1.5,0.4366931921713979,-24.865851923823357,-14.214340411126614,15.489163529127836,4.313659190728791,20,5.839296290650964,21.328642142999335,-22.05243453849107,5.51817112416029,0.4278896081342574,2.4607111358544365,3.8639602782204747,13.91536569595337,-237.94797845184803,716.3303816691041,1.5
62,6177.008340954781,16554.370265230536,1042.0048664323986,-5.793223444372416,-11.794749274849893,4.414042465388776,-8.285219353437425,0.012130346149206161,-10.313166484236719,-2.4872749820351605,13.78329770565033,gimbal,98,True,0.6009055505833544,land,18.343815207481384,-19.84742465429008,gimbal_undamped_y1.5,0.00017616034009639546,-11.65540099143982,-17.93122491799295,23.252798849716783,0.003296830685803489,21,19.70515246503055,0.00925758998276998,-13.175181718543172,-7.175866641104221,8.377832740440788e-05,1.8027166517500632,8.263338612392545,25.8026340007782,-375.2097599208355,-167.23687034100294,1.5
38,15842.30575285852,6287.899955958128,448.7060288898647,1.9273260310292244,0.32592742145061493,-4.051823113113643,1.362048482894897,-4.448021080344916,8.803064140677453,1.6417832896113396,-11.426308250427248,gimbal,60,True,0.6009073719277649,land,-0.2939101308584213,5.480260215699673,gimbal_undamped_y1.5,0.0020217312029609607,18.155499920248985,18.212101934477687,-1.9639768172055483,0.04181695723169298,22,-7.613111799582839,0.10508747966857854,9.085378218442202,2.2678024247288704,0.0009059373802695398,1.8027221157832947,23.843554133549333,12.423911094665527,362.0834983885288,153.88545412570238,1.5
70,11262.077687457204,19178.424126654863,1252.1139211952686,-2.805014748126269,-4.1754696607589725,-1.2175333611667156,-1.3443181961774826,-0.28299036249518394,6.525795972347261,-3.1675472594797616,-3.92156974375248,gimbal,135,True,0.6009209092420432,land,-22.625314304605126,-10.442076995968819,gimbal_undamped_y1.5,0.0006875785163367113,21.84717185795307,2.8785199858248234,-17.24997879937291,0.010921027220839506,23,-12.671249452978373,0.036118415580364126,-23.4277231618762,9.026042349636555,0.0003301503676987074,1.8027627277261298,14.966629328206182,33.2942373752594,668.3573937043548,-583.9006215333939,1.5
46,20887.109567672014,8883.857448622584,659.357175976038,4.938791267573834,8.908460390567782,0.8268233835697174,8.808842691779137,4.157156791538001,-5.3517663180828094,4.012674149125815,6.953092440962791,gimbal,55,False,1.609291110385598,gate_miss,9.324513142928481,15.020654210820794,gimbal_undamped_y1.5,0.22380534008088004,-28.356718868017197,-1.6210824251174927,7.289283536374569,4.388771557358381,24,0.5807468667626381,9.655746662313588,-2.4830070044845343,-4.967797972261906,0.15907213593162722,1.842886544628836,-0.39102100394666195,13.988780975341797,-627.03961674124,570.4385608434677,1.5
56,18756.38127744198,21657.91748225689,904.5718442648649,-4.328975021839143,-0.38411343991756475,2.6545948460698137,4.44722399711609,-2.6764840297400956,0.023356112837792153,1.1858127526938915,-8.221229651570322,gimbal,62,True,0.6009114621778409,land,21.358046540990472,21.519875014200807,gimbal_undamped_y1.5,0.0012092155554420613,-31.139118149876595,-12.098441226407886,-23.284014873206615,0.024532979626240698,25,12.376862904056907,0.06319954873706894,-18.62473097164184,8.500842489302158,0.0005607517479809442,1.8027343865335226,24.764045793563128,19.507282972335815,808.309336937964,818.8698275014758,1.5
52,3107.409017831087,3709.8974922299385,797.3275779746473,3.683191169053317,4.114262133836746,5.585564240813256,-3.6490524262189865,-4.59165207669139,13.054928076267245,-5.711658261716367,-1.6142494082450867,gimbal,274,True,0.6009033911400901,land,6.063948106020689,-13.933713687583804,gimbal_undamped_y1.5,0.0002935277102035612,-8.853617534041405,-21.57264780253172,-7.306718220934272,0.00853611687383504,26,17.434905841946602,0.016130308238956594,5.136885060928762,3.2678714767098427,0.00016807776172041413,1.8027101734202702,16.108712535351515,37.59217190742493,214.57818634808064,-355.9505570679903,1.5
70,13720.793740227818,13995.814334228635,1389.4120841287076,-1.3169618099927902,-8.84533036351204,-5.974082853645087,11.454592546820642,2.968246679753066,-10.979634565114976,5.241348333656789,1.946245944499971,gimbal,160,True,0.6009110977387617,land,-13.164149317890406,12.260671891272068,gimbal_undamped_y1.5,0.00034359822818862996,0.9375230967998505,20.412887912243605,17.269033519551158,0.009765354125900027,27,-5.344391521066427,0.019378144868657115,-9.22815767582506,-11.09804130345583,0.0002471997116120285,1.8027332932162852,-1.5330077074468136,35.830814599990845,-173.34999851882458,342.49613396823406,1.5
59,2671.837640181184,18876.00056000054,973.1973187066615,0.47692645713686943,12.220154303312302,0.25544169545173645,9.956009459495547,5.689844772219659,-13.303698509931566,3.1001516617834577,-0.8097667604684826,gimbal,70,True,0.601056225411164,land,2.885085204616189,-16.85018353164196,gimbal_undamped_y1.5,0.0070337006509001414,-35.16736388206482,0.7152560167014599,-1.079121744260192,0.3228981965365672,28,-6.3109904527664185,0.4027600704301984,-22.320041181519628,7.456474095582962,0.0034998018032498276,1.803168676233492,-0.2812654413282871,21.275978565216064,-221.43944464623928,-851.6629977151752,1.5
70,7667.845822274685,16263.978219032288,1320.8039803430438,3.4887086413800725,3.7501761585474007,-3.123201940208674,2.943065509200096,-5.960745222866536,2.691511854529381,2.472318872809411,10.735723543167115,gimbal,28,False,inf,no_recovery,-6.440261844545603,-1.3039301615208387,gimbal_undamped_y1.5,nan,5.053958967328072,-16.96453015320003,8.369737397879362,nan,29,0.8395515847951174,nan,-14.280708692967892,-9.306472107768059,nan,nan,22.92215509340167,19.823532581329346,823.8788226619363,-435.16490310430527,1.5
49,19902.97653608024,6620.287395492196,728.1649900600314,-1.167203150689602,-8.483002254366877,3.514535777270795,-10.753876706957818,1.5731524676084518,-0.28097048699855875,-1.6273822635412216,-7.252800250053407,gimbal,52,True,0.6010068289749873,land,24.33147905394435,24.850782565772533,gimbal_undamped_y1.5,0.0044587124440602435,-4.834990352392197,15.658260276541114,-17.158270068466663,0.11048896301747776,30,-13.736859941855073,0.25938122189556595,5.807360270991921,5.249503701925278,0.00327047511649511,1.8030204869249618,7.599622253328562,14.40168309211731,-809.0183487161994,448.5162153840065,1.5
41,12328.61633643508,4039.5003389567137,517.0461701229215,-5.972278933972121,-12.269579207897188,-5.045464541763068,13.037693381309513,1.4353925585746765,-6.33327392935753,5.644176810979844,-4.914961874485016,gimbal,48,True,0.6050686835680661,land,-19.164160266518593,-7.107778592035174,gimbal_undamped_y1.5,0.030141672074500105,12.87695199251175,-19.4144144654274,-23.582859430462122,0.9962762193129041,31,11.312683206051588,2.1400300642838426,1.858876501210034,1.2265525460243225,0.06445264857821847,1.8152060507041983,-1.1655322145670652,11.721308469772339,-667.6656553521752,-173.7202288582921,1.5
64,20453.08298267424,13703.275879770517,1110.8983116224408,2.151105388998986,0.8025150060653683,4.6860604137182245,-6.116278070211411,-3.010476373136044,5.157540428638459,-5.174055755138398,5.922892248630525,gimbal,90,True,0.6009169565069276,land,12.19823881983757,18.35113186389208,gimbal_undamped_y1.5,0.0004509692727333506,-16.992389634251595,19.841753039509058,1.1210182681679726,0.007406468981267949,32,-24.20846540480852,0.023637577715769322,-10.333694037981331,-8.40791268646717,0.00021523416468012635,1.8027508695207828,16.218497479334474,24.602549076080322,624.6551832184196,187.17453461140394,1.5
44,7323.295364901423,11725.070190280676,591.0008524544537,-2.960675653070212,-3.695807245373727,2.083216018974782,5.592300090193749,-1.1639256700873375,10.113722142577174,0.7010002322494984,13.04267325103283,gimbal,35,False,inf,no_recovery,14.869837975129485,-22.763466089963913,gimbal_undamped_y1.5,nan,-22.990580424666405,10.56281286291778,17.165024438872933,nan,33,-5.84132862277329,nan,-4.008644060231745,-3.1731102615594864,nan,nan,24.100425692275167,12.120341539382935,370.1887182891369,-650.1487199217081,1.5
67,15328.511490523815,21357.640474662185,1183.2366828806698,5.1390844881534585,8.427040323615074,-1.6955501921474934,-13.055064412951472,3.302222192287446,-8.601698049902918,-1.1714860908687115,-12.260209634900095,gimbal,45,False,inf,no_recovery,-3.1803651247173548,2.5619360152632,gimbal_undamped_y1.5,nan,27.11550161242485,-9.549534833058715,-8.375059487298131,nan,34,18.7386489007622,nan,-17.517072982154787,11.004933714866638,nan,nan,6.421322027221322,20.084010362625122,-355.23930564522743,663.4941514581442,1.5
47,22328.18064287305,5974.281185418367,681.5406174398959,-1.6187670081853867,-14.376739025115969,-5.753404028713704,11.998793148994448,-4.796805549412967,0.6960002213716514,2.1289556957781324,4.729144656658175,gimbal,153,True,0.6009067643550733,land,20.40802938863635,-9.403406688943505,gimbal_undamped_y1.5,0.000524846608709076,18.782985135912895,-7.016806863248348,-3.6386726424098015,0.015589971041071531,35,7.61060263030231,0.02770496715000563,-8.964815214276314,-0.3004319965839386,0.00025673390904917874,1.80272029306522,10.821943660266697,22.925650119781494,-267.5803665071726,-312.59431801736355,1.5
69,10448.555554822087,15603.003060147166,1223.8208175636828,5.250706840306521,2.4719795107841485,5.386153366416694,-5.298918002843857,2.6694799549877652,-2.220219996571542,-2.783828850835562,-5.975224292278291,gimbal,164,True,0.600907677125509,land,-10.174246225506067,14.395353477448225,gimbal_undamped_y1.5,0.00014738717626642923,-11.035020649433136,7.248849701136351,21.803731378167868,0.0023622835506360864,36,-19.712906843051314,0.007708900404458228,4.870471702888608,8.208291605114937,6.954199460587953e-05,1.8027230313765268,20.21365210134536,38.767035245895386,226.25607512891293,326.04876793920994,1.5
61,5403.085619807243,18227.33062312007,1020.9001062437892,2.2621733285486707,9.922508856654169,-2.493943423032761,-12.297469970583919,-2.9401854760944848,12.832846158742907,-3.6561961323022847,12.29233386218548,gimbal,52,False,inf,no_recovery,5.1113075111061335,4.953426448628306,gimbal_undamped_y1.5,nan,21.224123015999794,-21.959716035053134,-12.694247951731086,nan,37,12.681209482252598,nan,-6.471205148845911,-11.556108087301254,nan,nan,3.1978269638493657,18.986131191253662,-523.8115472719073,749.6201729401946,1.5
70,12913.448968604207,20706.54801517725,1360.8512761071324,4.115590743720532,14.205173403024677,0.9574084393680096,7.338603901863099,-0.07800287380814552,8.116343691945076,1.0841007828712463,0.7363070100545883,gimbal,119,True,0.6009055859398277,land,-0.9082040283828974,-12.894184421747923,gimbal_undamped_y1.5,0.0003379760871422994,-31.766144409775734,13.112109247595072,-21.796930627897382,0.011087660318095032,38,-12.368333665654063,0.018162311004378404,-2.7622711891308427,-6.155288457870483,0.00015234244392443264,1.8027167578194832,3.7139815045520663,31.430888891220093,-727.8689162805676,-547.6094149053097,1.5
53,4552.1855445206165,11069.18113000691,819.2416103556752,-0.24753614142537117,-2.302116876840591,-1.3224677368998528,-0.5086506307125092,4.456032279878856,-10.542814376950265,-0.054410845041275024,-2.8819815784692775,gimbal,108,True,0.6009158835264389,land,17.343730991706252,11.637756181880832,gimbal_undamped_y1.5,0.00100535035936829,38.420665860176086,-13.63709643483162,3.6334919277578592,0.01698149254764162,39,24.470649799332023,0.05255714877348025,-23.14298482146114,1.9755033105611801,0.00047593769514047384,1.8027476505793167,27.321643638424575,25.99506950378418,686.6198373958468,561.0714890062809,1.5
55,17988.634710907936,13044.72309269011,883.7359686382115,1.1039853170514107,5.800206854939461,-3.9256780296564107,0.3854255765676502,0.3695538081228733,-4.6726256847381595,4.581388045102359,-10.6684232711792,gimbal,68,True,0.6009068893229226,land,8.321040868759155,-3.6959747318178415,gimbal_undamped_y1.5,0.0002286427195498661,1.5673728287220001,-4.3582511600106955,12.650777958333492,0.0043179179062583836,40,5.335206165909767,0.011970004269834477,9.91148826200515,10.256081745028496,0.00010885320135340496,1.8027206679687677,19.698567460291088,18.99634552001953,97.28994369506836,-64.21820428222418,1.5
34,9587.107338532805,3395.9358030557632,342.6500369794667,-3.235524538904429,-10.095337638258936,4.307689402252437,-7.967776939272881,-4.18439406529069,6.761926764249804,-5.6114456467330465,7.397336554527286,gimbal,93,False,4.243282453550586,gate_miss,-23.230120167136192,20.993900205940008,gimbal_undamped_y1.5,0.4630101233507702,-8.231330439448357,3.247325448319316,-12.065462488681078,4.601385183933909,41,-17.43903672322631,25.459694721303517,-14.006765787489712,-5.425612986087799,0.20722737639801236,4.682760617802934,-4.131659862585366,12.785893678665161,-84.09505784511566,77.56969425827265,1.5
70,16149.521132409573,7521.703257411718,1238.4309377521276,-5.455043926835061,11.545185068249705,-3.5042988695204262,-4.3462434142827995,2.474756721407176,3.510852652788163,3.560406558215619,14.185972005128864,gimbal,31,False,inf,no_recovery,9.56645030528307,6.989066489040852,gimbal_undamped_y1.5,nan,-14.715143963694572,4.948598751798272,-22.403876250609756,nan,42,3.6655712872743607,nan,-4.478238048031926,5.707261651754379,nan,nan,26.706341959536076,22.09751033782959,-24.30139370262623,-6.207999587059021,1.5
46,6524.3772833794355,17812.882407531142,662.3294349759817,1.820191640406847,-1.4262533515691764,3.121754430234433,11.14982976615429,-4.988782826811076,-1.1983089566230767,-4.4057151451706895,-10.918401235342028,gimbal,58,False,inf,no_recovery,-21.203854121267796,-17.64662633650005,gimbal_undamped_y1.5,nan,15.080889016389847,-6.181424157693982,3.06922416202724,nan,43,-15.794224198907614,nan,-17.18566594645381,-9.78327302634716,nan,nan,4.903366833925247,15.249540567398071,37.55262605845928,19.559338688850403,1.5
61,21234.473910704255,5085.463097020984,1036.3176955841482,-2.4430787265300755,4.87515204548836,0.6126603484153748,-11.357429605722428,-2.3673297800123696,-14.242131105065347,2.8784747086465368,-4.306586953997613,gimbal,80,True,0.601017568803972,land,-6.010510446503758,22.48572283424437,gimbal_undamped_y1.5,0.0011643892041654966,24.906672835350037,-14.871232490986586,18.341999035328627,0.07478029368159927,44,-10.698758391663432,0.06145152557265793,2.8775006905198097,-1.5166106075048447,0.0007857673466108091,1.803052706411916,-3.7157439962029457,24.104583024978638,739.3274607136846,-479.0521977469325,1.5
52,19081.050634905696,12866.224575042725,799.7620637528598,0.05198802798986435,-11.594555202126504,1.6911386623978615,-1.4899989455938343,3.9005952961742887,9.140560680627825,5.331822495907546,9.292717328667642,gimbal,46,False,inf,no_recovery,-17.994406772777438,15.998186031356454,gimbal_undamped_y1.5,nan,37.08429075777531,-23.749847197905183,-3.0379259027540684,nan,45,-2.2222393192350864,nan,-15.98290994297713,11.85819947719574,nan,nan,21.403004115447402,17.052509784698486,-471.0494013503194,-685.2972317487001,1.5
70,8467.699465453625,2586.166039481759,1376.2668575160205,-3.9170958884060387,1.4775460928678523,-2.0758744664490227,8.156475922465326,-0.6358196027576923,-7.725656211376191,-4.861697126179934,-8.725565251708032,gimbal,31,False,inf,no_recovery,0.05722087807953358,-7.904317602515221,gimbal_undamped_y1.5,nan,-33.124492317438126,24.884991766884923,22.374007292091846,nan,46,14.35088012367487,nan,7.644811156205833,-4.010262742638588,nan,nan,10.206608666107059,19.85848045349121,484.2108367010951,698.6426901072264,1.5
33,14006.549485772848,20371.15837879479,323.4408460557461,3.0634082928299913,-4.8208383321762085,-4.675788816064597,-8.933634477853776,-4.007409978657962,-5.46426285803318,0.3343522623181343,-1.211598283052444,gimbal,34,False,inf,no_recovery,22.287965659052134,0.19678305834531784,gimbal_undamped_y1.5,nan,-6.892537176609039,8.77330880612135,6.41008079983294,nan,47,9.255319787189364,nan,-21.16683675441891,-7.752389386296272,nan,nan,1.2934633996337652,9.079642295837402,285.99435836076736,-265.13244677335024,1.5
40,10162.806783765554,19396.4599262923,497.69298899918795,-2.1214206553995614,12.77017784714699,5.171982463449241,0.6330596655607224,-3.884344976395369,-7.505317836999894,-3.9172958694398408,5.240563005208969,healthy,89,True,0.6009047251835761,land,1.0592379607260227,23.135294672101736,healthy_y0.25,9.946496186523329e-05,16.955235451459885,19.0353250131011,4.51172012835741,0.04496718705073995,0,15.783858671784401,0.005828390650731247,-0.22914819419384003,10.81572874635458,7.982079942675562e-05,1.8027141755507283,25.123582079075277,21.719669580459595,-113.55709210038185,-417.47618559747934,0.25
60,22003.51373590529,9733.150017410517,988.4210484102368,5.99024210125208,-3.1153085768222812,-4.784041263163091,-7.2134568303823485,0.5851454548537731,9.803853964805604,3.262239608913661,-5.569043809175492,healthy,144,True,0.6009202871117164,land,-17.38814590498805,-3.1025650445371866,healthy_y0.25,4.6182982067032275e-05,-12.838575467467308,-20.21931642666459,-20.723187271505594,0.06756778542467419,1,-3.6693564616143703,0.0022608694794428483,-21.430216832086444,-3.7398790642619133,2.1893731085545332e-05,1.8027608613351491,5.3820998733863235,45.22106218338013,154.83968183398247,404.02188654989004,0.25
68,16958.004743754864,7296.555628404021,1198.2591574080288,2.978590093553067,-9.72909208238125,1.5873269028961658,-0.2570648968219764,-0.4775525741279125,-6.135135957598687,2.3915318995714197,11.910821118950846,healthy,308,True,0.6009101896270413,land,23.286500992253423,-18.562558572739363,healthy_y0.25,0.00015171242494577505,23.027891218662262,9.954748721793294,13.530180463567376,0.03810814503653417,2,10.701672872528434,0.008890827788834215,-15.172692481428385,1.0465024933218956,0.00011297065849903591,1.802730568881124,17.241653374396265,98.37608408927917,-874.2735872045159,883.9110676199198,0.25
54,4204.81905259192,4797.610537484288,850.7191375829279,4.126091245561839,-12.605506896972658,-0.024181567132472992,5.2013723105192184,-2.490366127341986,-1.4327234566211704,-4.9621393382549295,0.23548960983753275,healthy,82,True,0.6009109452170882,land,-20.647471072152257,0.8441607933491468,healthy_y0.25,0.00010177596357256163,-34.995635598897934,-0.3377179615199566,20.728640956804156,0.033955196252137346,3,-14.346344117075205,0.005978831765554226,-11.49883943144232,4.664905361831188,7.837356898055602e-05,1.8027328356512646,21.882743866182864,26.968719720840454,-574.27844312042,-638.3940210565925,0.25
70,9279.889734685421,12311.157532930374,1335.8260614797473,1.1375099010765553,-6.949786081910134,3.3441967405378827,12.196765601634983,2.4102219007909307,12.270349618792537,-1.466168325394392,-10.156986898183824,healthy,82,True,0.6009139677302162,land,13.973918743431568,16.54871804639697,healthy_y0.25,1.6680183720834325e-05,4.796457514166832,16.559293726459146,-13.572303391993046,0.003975926217664798,4,21.38028289191425,0.0009633650384969056,-16.35405260603875,-2.7245056852698326,1.1302745266869625e-05,1.8027419031906486,0.7419531503692269,36.405189990997314,421.82103730738163,-211.18331775069237,0.25
54,17641.272818371654,21955.000400319695,846.3124645873904,-3.5066860467195515,9.895026728510857,-3.705516859889031,-4.705873757600784,-5.146929647773505,-13.55720934569836,0.4362938292324543,7.8035127460956595,healthy,148,True,0.6009063291096596,land,-5.445306934416294,-8.822443941608071,healthy_y0.25,0.00010600329197142084,-5.016655921936035,-16.058918880298734,11.03414474055171,0.027011831301755898,5,-9.26425433717668,0.006360147345656862,-5.304377232678235,6.910327546298504,9.461500122911608e-05,1.8027189873289786,14.29491647426039,43.664772510528564,-435.0036319345236,197.83199205994606,0.25
70,14520.575602725148,5378.0021169781685,1307.123094983399,0.27645403146743774,-11.119725215435029,-0.8253758959472179,6.240275117754937,3.6524765118956575,5.7200370222330115,-2.8523608110845093,-0.41438388526439596,healthy,126,True,0.6009196272468442,land,19.4983568508178,3.1394968274980783,healthy_y0.25,6.300095462564494e-06,-38.38335685431957,-12.733014021068811,0.04782923497259617,0.00028706095863011117,6,-16.876669647172093,0.00036676413304342974,3.9830109756439924,-5.989520765841007,4.4292819209659815e-06,1.8027588817405327,18.659298038110137,48.96167230606079,-290.6549245119095,-773.7383767962456,0.25
49,2285.554897338152,15015.834709480405,731.1393471434712,-4.098394419997931,1.0009581327438362,1.2072964310646057,-12.912024459242822,-0.9048121422529221,-4.420763602852823,2.006873432546855,3.232366588711738,healthy,168,True,0.7004389759240381,land,-12.44984338991344,-20.607367157936096,healthy_y0.25,0.07799115001579211,31.727617532014847,14.014665596187115,-24.460890935733914,1.3623976254264802,7,3.9930856321007013,4.202633855544229,-7.936095725744963,10.063878424465656,0.06866947606188116,1.835047371336193,-3.1085507441312075,39.34962558746338,333.69882702827454,760.2762892842293,0.25
59,19516.698845028877,7821.979699507356,967.508049774915,3.264479711651803,-5.300500372052193,4.044515512883664,13.182934033870698,-3.5450778454542164,-9.389194643497468,-3.481463715434075,10.343797928094865,healthy,64,True,0.6009104881378647,land,-15.21609527990222,12.692097760736942,healthy_y0.25,2.5197959228254596e-05,8.269709944725037,3.957620682194829,-9.255016315728426,0.00775928928198958,8,22.347297053784132,0.0014449332061891268,-5.585936717689037,1.798314280807972,1.6971754896894517e-05,1.8027314644135943,4.737090131267905,24.89294123649597,471.22273575514555,-300.83838533610106,0.25
36,7399.539191350341,17470.610119700432,392.0475115068257,-1.0867459885776043,7.783436331152917,-4.409665647894145,-5.463472491502763,0.9856147393584251,7.976211816072464,4.326583430171014,-7.750403183698655,healthy,331,False,inf,no_recovery,3.4200028516352177,-11.214226437732577,healthy_y0.25,nan,-1.6045240312814713,-3.6525333765894175,16.089957766234875,nan,9,-9.462198801338673,nan,-20.4615121986717,-6.710773028433323,nan,nan,26.282374707981944,41.814950942993164,-486.23476792126894,287.48688865453005,0.25
44,20088.264473229647,20031.669628173113,593.4374363161623,-5.279653362929822,11.17626344561577,5.966741278767587,3.250460931658747,1.9728581383824348,14.042605224251748,-0.30834710597991943,-5.3068831980228435,healthy,192,False,1.965371860253571,gate_miss,-2.941662259399891,19.179206155240536,healthy_y0.25,0.12251212401321421,11.072327867150307,6.6392626613378525,24.41891273483634,4.013992809080827,10,15.585818188264966,11.792231161521427,-24.442740376107395,-11.765271909534931,0.28185401705926744,1.790786867371596,13.392282076179981,43.114864110946655,-737.3139364644885,-109.8113302141428,0.25
67,12083.014342263341,10402.486947104335,1170.0935543514788,1.6015420518815517,-1.059089487791061,-5.581152733415366,-10.052288398146631,-5.469807296991349,-11.841188183426858,0.7782850563526154,5.425271290540696,healthy,89,True,0.6009151305941721,land,16.288050450384617,-5.3985032718628645,healthy_y0.25,2.4634080304622098e-05,-18.821513801813126,-7.6279195956885815,-0.004228018224239349,0.018397713956320363,11,-2.702246094122529,0.0015879151793446408,-1.6032403381541371,3.9160591140389442,2.620972705314493e-05,1.8027453917825162,2.1584943532943726,37.087050914764404,780.4465698078275,96.35688029229641,0.25
41,15082.904444560409,12533.8377764076,529.6144155785441,-2.2910770252346997,5.239238181710245,-2.653113383799792,10.653639256954193,-2.0796789228916173,-3.318467080593109,-5.25277091190219,13.438058701157573,healthy,88,True,0.6009253268470977,land,6.484492821618915,9.932210156694055,healthy_y0.25,0.0004531627858700776,-21.18575006723404,-22.763089137151837,-16.08455046080053,0.1946007831618283,12,-21.056553721427917,0.022535550753456982,-12.70491807255894,7.65928403288126,0.0001726555996188493,1.8027759805412928,9.782611541450024,22.276113510131836,17.96543262898922,-529.9220385029912,0.25
64,6958.481907248497,2876.557444781065,1104.6725807711482,4.613372068852187,-7.720361396670342,2.285771884024144,-3.043162089586259,5.38985724002123,1.0040015280246735,4.782468158751727,-11.745082649588586,healthy,117,True,0.6009055960713409,land,-24.482710333541036,-14.705765619874,healthy_y0.25,2.7150445724859777e-06,28.94498459994793,22.360368678346276,9.247989533469081,0.003941108724274523,13,8.171443361788988,0.00017220043031039047,8.750364207662642,-0.47187573462724686,2.852739301341281e-06,1.8027167882140225,21.236949309706688,40.00717520713806,-32.90225900709629,516.5766773745418,0.25
50,18106.11516289413,8277.18818306923,750.3649826161563,3.8999166190624246,13.89514016211033,-1.5887618958950043,-13.892820185422899,-1.4745317995548248,4.923044818639756,-4.231898970901967,-9.871623972058298,healthy,176,False,1.1310517091351788,gate_miss,11.586870765313506,-0.7801487110555172,healthy_y0.25,0.14230858803412644,33.083522245287895,24.12891718558967,18.782622553408146,1.9275506135724654,14,-19.210247695446014,6.786310254811073,-18.34437631070614,0.020373724400997162,0.0784705172169333,1.8497654662333494,2.3166156066581607,43.993611574172974,-85.60845404863358,-468.3957528322935,0.25
70,8837.138950526714,18557.09475018084,1292.4943829886615,-0.08088886365294456,-1.9903258770704273,1.9566821940243244,7.061109638214113,3.085504241287709,-7.010752129554749,3.576835535466672,8.175132510066035,healthy,127,True,0.6009100800742088,land,-20.161069789901376,23.913535056635737,healthy_y0.25,6.458531193848964e-06,-37.044542133808136,-24.5074478443712,-5.6954012252390385,0.0010151022697826,15,6.300374586135149,0.0003796682043534785,-3.1782699655741453,-7.9269459173083305,4.744853898198424e-06,1.8027302402226262,11.74571533780545,46.89604187011719,70.72771936655045,455.0502944737673,0.25
58,3722.45076097548,15945.423320233822,952.0754747092724,-3.0923576764762406,-10.404054397344591,-5.176347501575948,14.015743812918664,-3.356192976236344,10.798561933636666,2.7573086880147466,-1.908051931858063,healthy,125,True,0.6009159938832682,land,14.261951297521591,8.306300174444914,healthy_y0.25,1.9295724756621512e-05,6.933351531624794,7.818869594484568,9.85498265363276,0.0021743461996389687,16,-0.8313084486871958,0.0010740446312061211,1.5753481350839138,11.273486696183681,1.0822308622774281e-05,1.8027479816498047,11.229760381393135,37.27483940124512,-677.5749357417226,31.314956210553646,0.25
66,16491.62846416235,13384.36780795455,1154.6588566154242,-1.8029494509100914,-13.730523875355722,3.712870929390193,-9.099068087339402,-5.650247856974603,11.450528115034103,-4.502473790198565,-13.864530444145204,healthy,229,True,0.6009153990979453,land,-17.096293810755014,-22.24054210819304,healthy_y0.25,0.00042939379605012764,-15.121857300400734,-5.32616819255054,5.67792053334415,0.1317536599597682,17,24.218330066651106,0.019191209453991998,6.616405374370515,6.250409714877605,0.00010327234420506026,1.8027461972938361,-4.755151043646038,72.07113075256348,-545.9728030487895,-246.3455893099308,0.25
45,5522.727333828807,3093.3455272763968,612.9319604486227,5.484007682651282,1.827522334456443,-3.348618641495705,2.404466915130616,1.790036402642727,-12.640269184112551,5.531987797468902,11.267619752883913,healthy,107,True,0.600904655146235,land,2.321495395153761,1.6223049722611904,healthy_y0.25,7.343509231547429e-05,14.754894375801086,5.802329024299979,-18.763709580525756,0.006172616955763984,18,-11.3084452226758,0.004225734679784461,-15.095227821730077,-2.068982385098934,5.915037495470745e-05,1.8027139654387052,18.817385730333626,26.689262628555298,531.0162188485265,232.99423679709435,0.25
64,21497.518742457032,21039.08783785999,1090.0458767078817,-4.791347779333592,-6.274748289585114,-0.4172833487391472,-2.10543255507946,5.941839180886746,-0.49468906223773956,-1.057866744697094,3.980822691321375,healthy,105,True,0.6009265218431623,land,23.7706093583256,-6.4879137091338634,healthy_y0.25,2.0551996324408494e-05,25.242909938097,15.276440512388945,-9.8252447322011,0.003936731001998163,19,-18.747643055394292,0.0011879250377384598,0.5307234497740865,-10.349927388131618,1.4001892471605347e-05,1.802779565529487,27.729556863196194,37.83493733406067,280.9372913092375,-729.7925865277648,0.25
42,10646.710216850042,10778.647105842829,548.8421901129186,2.471988033503295,10.570043706893923,0.034464966505765915,9.791495499014857,-1.5183577984571457,2.0207207232713706,0.02798793464899063,-6.802321234345437,healthy,79,False,3.66785429555617,gate_miss,-7.396114384755492,17.314655287191272,healthy_y0.25,0.7180807407963643,-24.865851923823357,-14.214340411126614,15.489163529127836,5.019832686174782,20,5.839296290650964,22.00712577333702,-22.05243453849107,5.51817112416029,0.34733159136271335,4.021394398518952,3.8639602782204747,16.962191104888916,-237.94797845184803,716.3303816691041,0.25
62,6177.008340954781,16554.370265230536,1042.0048664323986,-5.793223444372416,-11.794749274849893,4.414042465388776,-8.285219353437425,0.012130346149206161,-10.313166484236719,-2.4872749820351605,13.78329770565033,healthy,120,True,0.6009114271774993,land,18.343815207481384,-19.84742465429008,healthy_y0.25,1.1350357794970333e-05,-11.65540099143982,-17.93122491799295,23.252798849716783,0.008749341574231023,21,19.70515246503055,0.0006232478241549786,-13.175181718543172,-7.175866641104221,6.387432922495551e-06,1.802734281532498,8.263338612392545,36.16044902801514,-375.2097599208355,-167.23687034100294,0.25
38,15842.30575285852,6287.899955958128,448.7060288898647,1.9273260310292244,0.32592742145061493,-4.051823113113643,1.362048482894897,-4.448021080344916,8.803064140677453,1.6417832896113396,-11.426308250427248,healthy,112,True,0.6009236177515886,land,-0.2939101308584213,5.480260215699673,healthy_y0.25,0.0014738075711272982,18.155499920248985,18.212101934477687,-1.9639768172055483,0.06777190897979772,22,-7.613111799582839,0.08590761737811804,9.085378218442202,2.2678024247288704,0.0010026210952025036,1.802770853254766,23.843554133549333,22.121391534805298,362.0834983885288,153.88545412570238,0.25
70,11262.077687457204,19178.424126654863,1252.1139211952686,-2.805014748126269,-4.1754696607589725,-1.2175333611667156,-1.3443181961774826,-0.28299036249518394,6.525795972347261,-3.1675472594797616,-3.92156974375248,healthy,139,True,0.6009109454964856,land,-22.625314304605126,-10.442076995968819,healthy_y0.25,1.5492420296687705e-05,21.84717185795307,2.8785199858248234,-17.24997879937291,0.0037374426145971467,23,-12.671249452978373,0.0008540923725838733,-23.4277231618762,9.026042349636555,8.409667808496199e-06,1.8027328364894568,14.966629328206182,52.21010160446167,668.3573937043548,-583.9006215333939,0.25
46,20887.109567672014,8883.857448622584,659.357175976038,4.938791267573834,8.908460390567782,0.8268233835697174,8.808842691779137,4.157156791538001,-5.3517663180828094,4.012674149125815,6.953092440962791,healthy,66,True,0.8123902337911826,land,9.324513142928481,15.020654210820794,healthy_y0.25,0.10019840131868565,-28.356718868017197,-1.6210824251174927,7.289283536374569,2.562638273426939,24,0.5807468667626381,4.8743414027470955,-2.4830070044845343,-4.967797972261906,0.1256806999424247,1.8420706937639273,-0.39102100394666195,17.71777081489563,-627.03961674124,570.4385608434677,0.25
56,18756.38127744198,21657.91748225689,904.5718442648649,-4.328975021839143,-0.38411343991756475,2.6545948460698137,4.44722399711609,-2.6764840297400956,0.023356112837792153,1.1858127526938915,-8.221229651570322,healthy,112,True,0.6009083845441328,land,21.358046540990472,21.519875014200807,healthy_y0.25,0.0002569625017029448,-31.139118149876595,-12.098441226407886,-23.284014873206615,0.030666306207300896,25,12.376862904056907,0.014454755858664922,-18.62473097164184,8.500842489302158,0.0001632487849981621,1.8027251536323983,24.764045793563128,33.750911235809326,808.309336937964,818.8698275014758,0.25
52,3107.409017831087,3709.8974922299385,797.3275779746473,3.683191169053317,4.114262133836746,5.585564240813256,-3.6490524262189865,-4.59165207669139,13.054928076267245,-5.711658261716367,-1.6142494082450867,healthy,268,True,0.600905874981824,land,6.063948106020689,-13.933713687583804,healthy_y0.25,8.868236773246514e-05,-8.853617534041405,-21.57264780253172,-7.306718220934272,0.06886651784016348,26,17.434905841946602,0.005257867964867608,5.136885060928762,3.2678714767098427,7.481374731694595e-05,1.802717624945472,16.108712535351515,70.6055006980896,214.57818634808064,-355.9505570679903,0.25
70,13720.793740227818,13995.814334228635,1389.4120841287076,-1.3169618099927902,-8.84533036351204,-5.974082853645087,11.454592546820642,2.968246679753066,-10.979634565114976,5.241348333656789,1.946245944499971,healthy,170,True,0.6009231241965962,land,-13.164149317890406,12.260671891272068,healthy_y0.25,0.00031983773159999896,0.9375230967998505,20.412887912243605,17.269033519551158,0.08883248810623968,27,-5.344391521066427,0.01970098849403575,-9.22815767582506,-11.09804130345583,0.00026296996482415286,1.8027693725897886,-1.5330077074468136,62.3811514377594,-173.34999851882458,342.49613396823406,0.25
59,2671.837640181184,18876.00056000054,973.1973187066615,0.47692645713686943,12.220154303312302,0.25544169545173645,9.956009459495547,5.689844772219659,-13.303698509931566,3.1001516617834577,-0.8097667604684826,healthy,150,True,0.6009699261208472,land,2.885085204616189,-16.85018353164196,healthy_y0.25,0.003417168753211792,-35.16736388206482,0.7152560167014599,-1.079121744260192,0.2330440437067603,28,-6.3109904527664185,0.196754669053922,-22.320041181519628,7.456474095582962,0.0020152613329597873,1.8029097783625416,-0.2812654413282871,52.68370842933655,-221.43944464623928,-851.6629977151752,0.25
70,7667.845822274685,16263.978219032288,1320.8039803430438,3.4887086413800725,3.7501761585474007,-3.123201940208674,2.943065509200096,-5.960745222866536,2.691511854529381,2.472318872809411,10.735723543167115,healthy,230,True,0.6009096180701093,land,-6.440261844545603,-1.3039301615208387,healthy_y0.25,5.767548915156661e-06,5.053958967328072,-16.96453015320003,8.369737397879362,0.0034804966397727036,29,0.8395515847951174,0.0003286709806259457,-14.280708692967892,-9.306472107768059,3.7438207736346597e-06,1.8027288542103281,22.92215509340167,86.44386029243469,823.8788226619363,-435.16490310430527,0.25
49,19902.97653608024,6620.287395492196,728.1649900600314,-1.167203150689602,-8.483002254366877,3.514535777270795,-10.753876706957818,1.5731524676084518,-0.28097048699855875,-1.6273822635412216,-7.252800250053407,healthy,104,True,0.6010108037064559,land,24.33147905394435,24.850782565772533,healthy_y0.25,0.002497245454628462,-4.834990352392197,15.658260276541114,-17.158270068466663,0.12294039170282128,30,-13.736859941855073,0.15252305301051214,5.807360270991921,5.249503701925278,0.0021972340017078445,1.8030324111193676,7.599622253328562,32.059263944625854,-809.0183487161994,448.5162153840065,0.25
41,12328.61633643508,4039.5003389567137,517.0461701229215,-5.972278933972121,-12.269579207897188,-5.045464541763068,13.037693381309513,1.4353925585746765,-6.33327392935753,5.644176810979844,-4.914961874485016,healthy,88,True,0.6067335744157902,land,-19.164160266518593,-7.107778592035174,healthy_y0.25,0.016916478887113513,12.87695199251175,-19.4144144654274,-23.582859430462122,1.635500346799046,31,11.312683206051588,3.074550311895002,1.858876501210034,1.2265525460243225,0.11870328006517375,1.8202007232473707,-1.1655322145670652,22.536471366882324,-667.6656553521752,-173.7202288582921,0.25
64,20453.08298267424,13703.275879770517,1110.8983116224408,2.151105388998986,0.8025150060653683,4.6860604137182245,-6.116278070211411,-3.010476373136044,5.157540428638459,-5.174055755138398,5.922892248630525,healthy,112,True,0.6009194852457553,land,12.19823881983757,18.35113186389208,healthy_y0.25,1.237886197964466e-05,-16.992389634251595,19.841753039509058,1.1210182681679726,0.003814449453996138,32,-24.20846540480852,0.0006974459930177811,-10.333694037981331,-8.40791268646717,8.069680050549907e-06,1.802758455737266,16.218497479334474,41.03528380393982,624.6551832184196,187.17453461140394,0.25
44,7323.295364901423,11725.070190280676,591.0008524544537,-2.960675653070212,-3.695807245373727,2.083216018974782,5.592300090193749,-1.1639256700873375,10.113722142577174,0.7010002322494984,13.04267325103283,healthy,113,True,0.600913535915904,land,14.869837975129485,-22.763466089963913,healthy_y0.25,0.00020815693445722552,-22.990580424666405,10.56281286291778,17.165024438872933,0.015055155682778326,33,-5.84132862277329,0.012328753817251691,-4.008644060231745,-3.1731102615594864,0.00015670292131928046,1.8027406077477122,24.100425692275167,26.84232473373413,370.1887182891369,-650.1487199217081,0.25
67,15328.511490523815,21357.640474662185,1183.2366828806698,5.1390844881534585,8.427040323615074,-1.6955501921474934,-13.055064412951472,3.302222192287446,-8.601698049902918,-1.1714860908687115,-12.260209634900095,healthy,154,True,0.6009152567489093,land,-3.1803651247173548,2.5619360152632,healthy_y0.25,2.9333881276622927e-05,27.11550161242485,-9.549534833058715,-8.375059487298131,0.0075233814014666325,34,18.7386489007622,0.0017104945459830022,-17.517072982154787,11.004933714866638,2.0834880663710465e-05,1.802745770246728,6.421322027221322,53.391621351242065,-355.23930564522743,663.4941514581442,0.25
47,22328.18064287305,5974.281185418367,681.5406174398959,-1.6187670081853867,-14.376739025115969,-5.753404028713704,11.998793148994448,-4.796805549412967,0.6960002213716514,2.1289556957781324,4.729144656658175,healthy,121,True,0.6009126681108691,land,20.40802938863635,-9.403406688943505,healthy_y0.25,0.00033315040200977605,18.782985135912895,-7.016806863248348,-3.6386726424098015,0.01944809679810066,35,7.61060263030231,0.020481973354910327,-8.964815214276314,-0.3004319965839386,0.0002815303017142723,1.8027380043326073,10.821943660266697,29.65370273590088,-267.5803665071726,-312.59431801736355,0.25
69,10448.555554822087,15603.003060147166,1223.8208175636828,5.250706840306521,2.4719795107841485,5.386153366416694,-5.298918002843857,2.6694799549877652,-2.220219996571542,-2.783828850835562,-5.975224292278291,healthy,161,True,0.6009060491529928,land,-10.174246225506067,14.395353477448225,healthy_y0.25,2.873210664615423e-06,-11.035020649433136,7.248849701136351,21.803731378167868,0.00445817995272037,36,-19.712906843051314,0.00016466416924766696,4.870471702888608,8.208291605114937,1.8958070232498236e-06,1.8027181474589786,20.21365210134536,54.58538746833801,226.25607512891293,326.04876793920994,0.25
61,5403.085619807243,18227.33062312007,1020.9001062437892,2.2621733285486707,9.922508856654169,-2.493943423032761,-12.297469970583919,-2.9401854760944848,12.832846158742907,-3.6561961323022847,12.29233386218548,healthy,110,True,0.600911464038182,land,5.1113075111061335,4.953426448628306,healthy_y0.25,0.0002915511356871444,21.224123015999794,-21.959716035053134,-12.694247951731086,0.05190705177991232,37,12.681209482252598,0.01842109716397144,-6.471205148845911,-11.556108087301254,0.00025117216736700293,1.8027343921145458,3.1978269638493657,36.550843715667725,-523.8115472719073,749.6201729401946,0.25
70,12913.448968604207,20706.54801517725,1360.8512761071324,4.115590743720532,14.205173403024677,0.9574084393680096,7.338603901863099,-0.07800287380814552,8.116343691945076,1.0841007828712463,0.7363070100545883,healthy,149,True,0.6009193404121288,land,-0.9082040283828974,-12.894184421747923,healthy_y0.25,4.828664292077186e-05,-31.766144409775734,13.112109247595072,-21.796930627897382,0.07799245537211018,38,-12.368333665654063,0.002457204533174366,-2.7622711891308427,-6.155288457870483,3.5460649984260536e-05,1.8027580212363865,3.7139815045520663,53.297433376312256,-727.8689162805676,-547.6094149053097,0.25
53,4552.1855445206165,11069.18113000691,819.2416103556752,-0.24753614142537117,-2.302116876840591,-1.3224677368998528,-0.5086506307125092,4.456032279878856,-10.542814376950265,-0.054410845041275024,-2.8819815784692775,healthy,68,True,0.6009243417950357,land,17.343730991706252,11.637756181880832,healthy_y0.25,3.8100162682036764e-05,38.420665860176086,-13.63709643483162,3.6334919277578592,0.003244778181119919,39,24.470649799332023,0.0022709258028744688,-23.14298482146114,1.9755033105611801,2.934547654645748e-05,1.8027730253851073,27.321643638424575,22.958098888397217,686.6198373958468,561.0714890062809,0.25
55,17988.634710907936,13044.72309269011,883.7359686382115,1.1039853170514107,5.800206854939461,-3.9256780296564107,0.3854255765676502,0.3695538081228733,-4.6726256847381595,4.581388045102359,-10.6684232711792,healthy,131,True,0.6009096167997962,land,8.321040868759155,-3.6959747318178415,healthy_y0.25,1.5060243657680595e-05,1.5673728287220001,-4.3582511600106955,12.650777958333492,0.004113722196453189,40,5.335206165909767,0.0009163083827696796,9.91148826200515,10.256081745028496,1.2421439356873698e-05,1.8027288503993883,19.698567460291088,38.04159355163574,97.28994369506836,-64.21820428222418,0.25
34,9587.107338532805,3395.9358030557632,342.6500369794667,-3.235524538904429,-10.095337638258936,4.307689402252437,-7.967776939272881,-4.18439406529069,6.761926764249804,-5.6114456467330465,7.397336554527286,healthy,264,False,4.755997877815617,gate_miss,-23.230120167136192,20.993900205940008,healthy_y0.25,0.4767287758310898,-8.231330439448357,3.247325448319316,-12.065462488681078,4.65959057918721,41,-17.43903672322631,28.535987266893706,-14.006765787489712,-5.425612986087799,0.2273397717614156,4.762579603302109,-4.131659862585366,38.744391679763794,-84.09505784511566,77.56969425827265,0.25
70,16149.521132409573,7521.703257411718,1238.4309377521276,-5.455043926835061,11.545185068249705,-3.5042988695204262,-4.3462434142827995,2.474756721407176,3.510852652788163,3.560406558215619,14.185972005128864,healthy,74,True,0.6009111804698829,land,9.56645030528307,6.989066489040852,healthy_y0.25,6.907553538989457e-07,-14.715143963694572,4.948598751798272,-22.403876250609756,0.0010286280967600756,42,3.6655712872743607,3.969104907853663e-05,-4.478238048031926,5.707261651754379,4.60802038881395e-07,1.8027335414096486,26.706341959536076,32.903706073760986,-24.30139370262623,-6.207999587059021,0.25
46,6524.3772833794355,17812.882407531142,662.3294349759817,1.820191640406847,-1.4262533515691764,3.121754430234433,11.14982976615429,-4.988782826811076,-1.1983089566230767,-4.4057151451706895,-10.918401235342028,healthy,112,True,0.6009837251778422,land,-21.203854121267796,-17.64662633650005,healthy_y0.25,0.00031891473349602873,15.080889016389847,-6.181424157693982,3.06922416202724,0.052213077490318574,43,-15.794224198907614,0.019113889330562673,-17.18566594645381,-9.78327302634716,0.000478687122529368,1.8029511755335264,4.903366833925247,27.10367226600647,37.55262605845928,19.559338688850403,0.25
61,21234.473910704255,5085.463097020984,1036.3176955841482,-2.4430787265300755,4.87515204548836,0.6126603484153748,-11.357429605722428,-2.3673297800123696,-14.242131105065347,2.8784747086465368,-4.306586953997613,healthy,336,True,0.6009620546312481,land,-6.010510446503758,22.48572283424437,healthy_y0.25,0.000630029946350658,24.906672835350037,-14.871232490986586,18.341999035328627,0.1671198247631663,44,-10.698758391663432,0.041466696847411146,2.8775006905198097,-1.5166106075048447,0.0009904570333345028,1.8028861638937441,-3.7157439962029457,90.48327398300171,739.3274607136846,-479.0521977469325,0.25
52,19081.050634905696,12866.224575042725,799.7620637528598,0.05198802798986435,-11.594555202126504,1.6911386623978615,-1.4899989455938343,3.9005952961742887,9.140560680627825,5.331822495907546,9.292717328667642,healthy,64,True,0.6009118617586254,land,-17.994406772777438,15.998186031356454,healthy_y0.25,0.0006258398886992472,37.08429075777531,-23.749847197905183,-3.0379259027540684,0.11797902528539127,45,-2.2222393192350864,0.03986349622588834,-15.98290994297713,11.85819947719574,0.000594664512401554,1.8027355852758762,21.403004115447402,20.072155952453613,-471.0494013503194,-685.2972317487001,0.25
70,8467.699465453625,2586.166039481759,1376.2668575160205,-3.9170958884060387,1.4775460928678523,-2.0758744664490227,8.156475922465326,-0.6358196027576923,-7.725656211376191,-4.861697126179934,-8.725565251708032,healthy,87,True,0.6009268199638539,land,0.05722087807953358,-7.904317602515221,healthy_y0.25,1.016739613561507e-05,-33.124492317438126,24.884991766884923,22.374007292091846,0.016180216686674524,46,14.35088012367487,0.0005965160882339972,7.644811156205833,-4.010262742638588,7.665284989208995e-06,1.8027804598915615,10.206608666107059,34.53044939041138,484.2108367010951,698.6426901072264,0.25
33,14006.549485772848,20371.15837879479,323.4408460557461,3.0634082928299913,-4.8208383321762085,-4.675788816064597,-8.933634477853776,-4.007409978657962,-5.46426285803318,0.3343522623181343,-1.211598283052444,healthy,70,True,0.6012754721234785,land,22.287965659052134,0.19678305834531784,healthy_y0.25,0.031944609709420695,-6.892537176609039,8.77330880612135,6.41008079983294,0.9723196648231505,47,9.255319787189364,1.8181781237687817,-21.16683675441891,-7.752389386296272,0.020969203599021734,1.8038264163704356,1.2934633996337652,13.846292734146118,285.99435836076736,-265.13244677335024,0.25
40,10162.806783765554,19396.4599262923,497.69298899918795,-2.1214206553995614,12.77017784714699,5.171982463449241,0.6330596655607224,-3.884344976395369,-7.505317836999894,-3.9172958694398408,5.240563005208969,healthy,83,True,0.600904284696248,land,1.0592379607260227,23.135294672101736,healthy_y1.5,0.0020289415622381547,16.955235451459885,19.0353250131011,4.51172012835741,0.03240383455188738,0,15.783858671784401,0.10625607211759695,-0.22914819419384003,10.81572874635458,0.0009609702351965384,1.802712854088744,25.123582079075277,12.857457876205444,-113.55709210038185,-417.47618559747934,1.5
60,22003.51373590529,9733.150017410517,988.4210484102368,5.99024210125208,-3.1153085768222812,-4.784041263163091,-7.2134568303823485,0.5851454548537731,9.803853964805604,3.262239608913661,-5.569043809175492,healthy,99,True,0.6009072307895934,land,-17.38814590498805,-3.1025650445371866,healthy_y1.5,0.00042265385811219387,-12.838575467467308,-20.21931642666459,-20.723187271505594,0.012368290094330315,1,-3.6693564616143703,0.022284658977364626,-21.430216832086444,-3.7398790642619133,0.00019449965611016608,1.8027216923687803,5.3820998733863235,19.58798885345459,154.83968183398247,404.02188654989004,1.5
68,16958.004743754864,7296.555628404021,1198.2591574080288,2.978590093553067,-9.72909208238125,1.5873269028961658,-0.2570648968219764,-0.4775525741279125,-6.135135957598687,2.3915318995714197,11.910821118950846,healthy,260,True,0.6009187870473681,land,23.286500992253423,-18.562558572739363,healthy_y1.5,0.0008555184530419794,23.027891218662262,9.954748721793294,13.530180463567376,0.015612557373682168,2,10.701672872528434,0.04487997348259175,-15.172692481428385,1.0465024933218956,0.0004116966417386953,1.8027563611421045,17.241653374396265,41.68191599845886,-874.2735872045159,883.9110676199198,1.5
54,4204.81905259192,4797.610537484288,850.7191375829279,4.126091245561839,-12.605506896972658,-0.024181567132472992,5.2013723105192184,-2.490366127341986,-1.4327234566211704,-4.9621393382549295,0.23548960983753275,healthy,88,True,0.6009076919171752,land,-20.647471072152257,0.8441607933491468,healthy_y1.5,0.00011919664138850603,-34.995635598897934,-0.3377179615199566,20.728640956804156,0.008707638958005748,3,-14.346344117075205,0.007108788373191162,-11.49883943144232,4.664905361831188,9.653383619666704e-05,1.8027230757515256,21.882743866182864,16.428627967834473,-574.27844312042,-638.3940210565925,1.5
70,9279.889734685421,12311.157532930374,1335.8260614797473,1.1375099010765553,-6.949786081910134,3.3441967405378827,12.196765601634983,2.4102219007909307,12.270349618792537,-1.466168325394392,-10.156986898183824,healthy,140,True,0.6009130177515996,land,13.973918743431568,16.54871804639697,healthy_y1.5,0.00020380275439340267,4.796457514166832,16.559293726459146,-13.572303391993046,0.0035265420349144933,4,21.38028289191425,0.010675950098203449,-16.35405260603875,-2.7245056852698326,9.66566980333515e-05,1.8027390532547987,0.7419531503692269,29.438973665237427,421.82103730738163,-211.18331775069237,1.5
54,17641.272818371654,21955.000400319695,846.3124645873904,-3.5066860467195515,9.895026728510857,-3.705516859889031,-4.705873757600784,-5.146929647773505,-13.55720934569836,0.4362938292324543,7.8035127460956595,healthy,162,True,0.6009040095561303,land,-5.445306934416294,-8.822443941608071,healthy_y1.5,3.543054904405687e-05,-5.016655921936035,-16.058918880298734,11.03414474055171,0.0019086678079692808,5,-9.26425433717668,0.002195640318926075,-5.304377232678235,6.910327546298504,3.2831694543404714e-05,1.8027120286683909,14.29491647426039,24.14207887649536,-435.0036319345236,197.83199205994606,1.5
70,14520.575602725148,5378.0021169781685,1307.123094983399,0.27645403146743774,-11.119725215435029,-0.8253758959472179,6.240275117754937,3.6524765118956575,5.7200370222330115,-2.8523608110845093,-0.41438388526439596,healthy,195,True,0.6009140586430516,land,19.4983568508178,3.1394968274980783,healthy_y1.5,0.0001928620364384807,-38.38335685431957,-12.733014021068811,0.04782923497259617,0.003072484861783893,6,-16.876669647172093,0.010092194265598119,3.9830109756439924,-5.989520765841007,9.107307634356152e-05,1.8027421759291549,18.659298038110137,37.01111602783203,-290.6549245119095,-773.7383767962456,1.5
49,2285.554897338152,15015.834709480405,731.1393471434712,-4.098394419997931,1.0009581327438362,1.2072964310646057,-12.912024459242822,-0.9048121422529221,-4.420763602852823,2.006873432546855,3.232366588711738,healthy,81,True,0.7008737365658039,land,-12.44984338991344,-20.607367157936096,healthy_y1.5,0.1047471039853597,31.727617532014847,14.014665596187115,-24.460890935733914,1.178817570013488,7,3.9930856321007013,4.205242419394823,-7.936095725744963,10.063878424465656,0.0076180576906477076,1.8280002125297634,-3.1085507441312075,14.334933280944824,333.69882702827454,760.2762892842293,1.5
59,19516.698845028877,7821.979699507356,967.508049774915,3.264479711651803,-5.300500372052193,4.044515512883664,13.182934033870698,-3.5450778454542164,-9.389194643497468,-3.481463715434075,10.343797928094865,healthy,67,True,0.6009157403549514,land,-15.21609527990222,12.692097760736942,healthy_y1.5,0.0003820805274567172,8.269709944725037,3.957620682194829,-9.255016315728426,0.00613708289397373,8,22.347297053784132,0.02001950727841643,-5.585936717689037,1.798314280807972,0.00018048469910004133,1.8027472210648543,4.737090131267905,17.301117658615112,471.22273575514555,-300.83838533610106,1.5
36,7399.539191350341,17470.610119700432,392.0475115068257,-1.0867459885776043,7.783436331152917,-4.409665647894145,-5.463472491502763,0.9856147393584251,7.976211816072464,4.326583430171014,-7.750403183698655,healthy,181,False,inf,no_recovery,3.4200028516352177,-11.214226437732577,healthy_y1.5,nan,-1.6045240312814713,-3.6525333765894175,16.089957766234875,nan,9,-9.462198801338673,nan,-20.4615121986717,-6.710773028433323,nan,nan,26.282374707981944,14.986250162124634,-486.23476792126894,287.48688865453005,1.5
44,20088.264473229647,20031.669628173113,593.4374363161623,-5.279653362929822,11.17626344561577,5.966741278767587,3.250460931658747,1.9728581383824348,14.042605224251748,-0.30834710597991943,-5.3068831980228435,healthy,74,False,4.514435783985947,gate_miss,-2.941662259399891,19.179206155240536,healthy_y1.5,0.5341831437725791,11.072327867150307,6.6392626613378525,24.41891273483634,4.890346623219946,10,15.585818188264966,27.086614703915682,-24.442740376107395,-11.765271909534931,0.42023172501935085,1.8587642059699818,13.392282076179981,13.333934783935547,-737.3139364644885,-109.8113302141428,1.5
67,12083.014342263341,10402.486947104335,1170.0935543514788,1.6015420518815517,-1.059089487791061,-5.581152733415366,-10.052288398146631,-5.469807296991349,-11.841188183426858,0.7782850563526154,5.425271290540696,healthy,70,True,0.6009069816592422,land,16.288050450384617,-5.3985032718628645,healthy_y1.5,0.00012343247366999448,-18.821513801813126,-7.6279195956885815,-0.004228018224239349,0.0027255200771971145,11,-2.702246094122529,0.006469414887066964,-1.6032403381541371,3.9160591140389442,5.819379966928026e-05,1.8027209449777264,2.1584943532943726,22.475669384002686,780.4465698078275,96.35688029229641,1.5
41,15082.904444560409,12533.8377764076,529.6144155785441,-2.2910770252346997,5.239238181710245,-2.653113383799792,10.653639256954193,-2.0796789228916173,-3.318467080593109,-5.25277091190219,13.438058701157573,healthy,42,True,0.6009440263635344,land,6.484492821618915,9.932210156694055,healthy_y1.5,0.002562181614273661,-21.18575006723404,-22.763089137151837,-16.08455046080053,0.1391010474634669,12,-21.056553721427917,0.14236085229871998,-12.70491807255894,7.65928403288126,0.0014839603108263886,1.8028320790906032,9.782611541450024,11.58991265296936,17.96543262898922,-529.9220385029912,1.5
64,6958.481907248497,2876.557444781065,1104.6725807711482,4.613372068852187,-7.720361396670342,2.285771884024144,-3.043162089586259,5.38985724002123,1.0040015280246735,4.782468158751727,-11.745082649588586,healthy,144,True,0.6009039483766491,land,-24.482710333541036,-14.705765619874,healthy_y1.5,5.508683893135802e-05,28.94498459994793,22.360368678346276,9.247989533469081,0.0014957276096261882,13,8.171443361788988,0.002885797276545128,8.750364207662642,-0.47187573462724686,2.614524762870937e-05,1.8027118451299473,21.236949309706688,29.189950466156006,-32.90225900709629,516.5766773745418,1.5
50,18106.11516289413,8277.18818306923,750.3649826161563,3.8999166190624246,13.89514016211033,-1.5887618958950043,-13.892820185422899,-1.4745317995548248,4.923044818639756,-4.231898970901967,-9.871623972058298,healthy,93,True,0.8005572380705229,land,11.586870765313506,-0.7801487110555172,healthy_y1.5,0.09413553492226541,33.083522245287895,24.12891718558967,18.782622553408146,1.242928940458614,14,-19.210247695446014,4.803343428423138,-18.34437631070614,0.020373724400997162,0.06283617093765252,1.8333213315595314,2.3166156066581607,17.208175659179688,-85.60845404863358,-468.3957528322935,1.5
70,8837.138950526714,18557.09475018084,1292.4943829886615,-0.08088886365294456,-1.9903258770704273,1.9566821940243244,7.061109638214113,3.085504241287709,-7.010752129554749,3.576835535466672,8.175132510066035,healthy,106,True,0.6009175541811671,land,-20.161069789901376,23.913535056635737,healthy_y1.5,0.0004997499542506884,-37.044542133808136,-24.5074478443712,-5.6954012252390385,0.008058741047255158,15,6.300374586135149,0.026183297070783686,-3.1782699655741453,-7.9269459173083305,0.00023738464660106757,1.8027526625435013,11.74571533780545,27.03352999687195,70.72771936655045,455.0502944737673,1.5
58,3722.45076097548,15945.423320233822,952.0754747092724,-3.0923576764762406,-10.404054397344591,-5.176347501575948,14.015743812918664,-3.356192976236344,10.798561933636666,2.7573086880147466,-1.908051931858063,healthy,56,True,0.6009047855715681,land,14.261951297521591,8.306300174444914,healthy_y1.5,0.00023051097023698726,6.933351531624794,7.818869594484568,9.85498265363276,0.003961052737642395,16,-0.8313084486871958,0.01213741094924277,1.5753481350839138,11.273486696183681,0.000110429052917288,1.8027143567147044,11.229760381393135,18.729700088500977,-677.5749357417226,31.314956210553646,1.5
66,16491.62846416235,13384.36780795455,1154.6588566154242,-1.8029494509100914,-13.730523875355722,3.712870929390193,-9.099068087339402,-5.650247856974603,11.450528115034103,-4.502473790198565,-13.864530444145204,healthy,131,True,0.6009185724053597,land,-17.096293810755014,-22.24054210819304,healthy_y1.5,0.00017248912782637138,-15.121857300400734,-5.32616819255054,5.67792053334415,0.006675692172490155,17,24.218330066651106,0.010280980557503906,6.616405374370515,6.250409714877605,0.00014108847968476637,1.8027557172160793,-4.755151043646038,31.62254762649536,-545.9728030487895,-246.3455893099308,1.5
45,5522.727333828807,3093.3455272763968,612.9319604486227,5.484007682651282,1.827522334456443,-3.348618641495705,2.404466915130616,1.790036402642727,-12.640269184112551,5.531987797468902,11.267619752883913,healthy,56,True,0.6009039120460934,land,2.321495395153761,1.6223049722611904,healthy_y1.5,0.0007435861782529674,14.754894375801086,5.802329024299979,-18.763709580525756,0.014553166790480243,18,-11.3084452226758,0.039527098735155204,-15.095227821730077,-2.068982385098934,0.00037931353160148944,1.8027117361382803,18.817385730333626,13.679394483566284,531.0162188485265,232.99423679709435,1.5
64,21497.518742457032,21039.08783785999,1090.0458767078817,-4.791347779333592,-6.274748289585114,-0.4172833487391472,-2.10543255507946,5.941839180886746,-0.49468906223773956,-1.057866744697094,3.980822691321375,healthy,169,True,0.6009186024608779,land,23.7706093583256,-6.4879137091338634,healthy_y1.5,0.0007512919265135659,25.242909938097,15.276440512388945,-9.8252447322011,0.011857683245597342,19,-18.747643055394292,0.03934448179374609,0.5307234497740865,-10.349927388131618,0.0003560550583763622,1.8027558073826337,27.729556863196194,45.005545139312744,280.9372913092375,-729.7925865277648,1.5
42,10646.710216850042,10778.647105842829,548.8421901129186,2.471988033503295,10.570043706893923,0.034464966505765915,9.791495499014857,-1.5183577984571457,2.0207207232713706,0.02798793464899063,-6.802321234345437,healthy,82,False,4.1399242279674935,gate_miss,-7.396114384755492,17.314655287191272,healthy_y1.5,0.45382362093724293,-24.865851923823357,-14.214340411126614,15.489163529127836,5.976880627730718,20,5.839296290650964,24.839545367804963,-22.05243453849107,5.51817112416029,0.7244423692427343,2.0364350336328045,3.8639602782204747,16.49026107788086,-237.94797845184803,716.3303816691041,1.5
62,6177.008340954781,16554.370265230536,1042.0048664323986,-5.793223444372416,-11.794749274849893,4.414042465388776,-8.285219353437425,0.012130346149206161,-10.313166484236719,-2.4872749820351605,13.78329770565033,healthy,166,True,0.6009039726864879,land,18.343815207481384,-19.84742465429008,healthy_y1.5,0.00022447388716719327,-11.65540099143982,-17.93122491799295,23.252798849716783,0.004114002747754868,21,19.70515246503055,0.011740390746357776,-13.175181718543172,-7.175866641104221,0.00010570116662924511,1.8027119180594635,8.263338612392545,33.7476372718811,-375.2097599208355,-167.23687034100294,1.5
38,15842.30575285852,6287.899955958128,448.7060288898647,1.9273260310292244,0.32592742145061493,-4.051823113113643,1.362048482894897,-4.448021080344916,8.803064140677453,1.6417832896113396,-11.426308250427248,healthy,61,True,0.600925526569247,land,-0.2939101308584213,5.480260215699673,healthy_y1.5,0.002611599543576612,18.155499920248985,18.212101934477687,-1.9639768172055483,0.04590771985427538,22,-7.613111799582839,0.13789984059820992,9.085378218442202,2.2678024247288704,0.0012612214584133323,1.802776579707741,23.843554133549333,12.685142517089844,362.0834983885288,153.88545412570238,1.5
70,11262.077687457204,19178.424126654863,1252.1139211952686,-2.805014748126269,-4.1754696607589725,-1.2175333611667156,-1.3443181961774826,-0.28299036249518394,6.525795972347261,-3.1675472594797616,-3.92156974375248,healthy,266,True,0.6009179066664693,land,-22.625314304605126,-10.442076995968819,healthy_y1.5,0.000572478320697114,21.84717185795307,2.8785199858248234,-17.24997879937291,0.009058610097869357,23,-12.671249452978373,0.02997862859950723,-23.4277231618762,9.026042349636555,0.00027118602114326035,1.8027537199994077,14.966629328206182,52.22650909423828,668.3573937043548,-583.9006215333939,1.5
46,20887.109567672014,8883.857448622584,659.357175976038,4.938791267573834,8.908460390567782,0.8268233835697174,8.808842691779137,4.157156791538001,-5.3517663180828094,4.012674149125815,6.953092440962791,healthy,75,True,0.6132908150805887,land,9.324513142928481,15.020654210820794,healthy_y1.5,0.05019276835996259,-28.356718868017197,-1.6210824251174927,7.289283536374569,1.5778498809999852,24,0.5807468667626381,2.2205541684754846,-2.4830070044845343,-4.967797972261906,0.09799256551724736,1.839872445241766,-0.39102100394666195,16.08488941192627,-627.03961674124,570.4385608434677,1.5
56,18756.38127744198,21657.91748225689,904.5718442648649,-4.328975021839143,-0.38411343991756475,2.6545948460698137,4.44722399711609,-2.6764840297400956,0.023356112837792153,1.1858127526938915,-8.221229651570322,healthy,150,True,0.6009155357589337,land,21.358046540990472,21.519875014200807,healthy_y1.5,0.001839529636093796,-31.139118149876595,-12.098441226407886,-23.284014873206615,0.029796840899832307,25,12.376862904056907,0.09633727357818084,-18.62473097164184,8.500842489302158,0.0008726039856387316,1.8027466072768012,24.764045793563128,31.388999462127686,808.309336937964,818.8698275014758,1.5
52,3107.409017831087,3709.8974922299385,797.3275779746473,3.683191169053317,4.114262133836746,5.585564240813256,-3.6490524262189865,-4.59165207669139,13.054928076267245,-5.711658261716367,-1.6142494082450867,healthy,253,True,0.6009090257474332,land,6.063948106020689,-13.933713687583804,healthy_y1.5,4.8282464806718365e-05,-8.853617534041405,-21.57264780253172,-7.306718220934272,0.007712336023238486,26,17.434905841946602,0.003019209558397333,5.136885060928762,3.2678714767098427,4.929784389808388e-05,1.8027270772422996,16.108712535351515,34.8719208240509,214.57818634808064,-355.9505570679903,1.5
70,13720.793740227818,13995.814334228635,1389.4120841287076,-1.3169618099927902,-8.84533036351204,-5.974082853645087,11.454592546820642,2.968246679753066,-10.979634565114976,5.241348333656789,1.946245944499971,healthy,165,True,0.6009106229107416,land,-13.164149317890406,12.260671891272068,healthy_y1.5,0.00032919760243371884,0.9375230967998505,20.412887912243605,17.269033519551158,0.013451115168443243,27,-5.344391521066427,0.017866516088145927,-9.22815767582506,-11.09804130345583,0.00016508279314223794,1.8027318687322247,-1.5330077074468136,34.06664204597473,-173.34999851882458,342.49613396823406,1.5
59,2671.837640181184,18876.00056000054,973.1973187066615,0.47692645713686943,12.220154303312302,0.25544169545173645,9.956009459495547,5.689844772219659,-13.303698509931566,3.1001516617834577,-0.8097667604684826,healthy,160,True,0.600928553988155,land,2.885085204616189,-16.85018353164196,healthy_y1.5,0.0012925391738367216,-35.16736388206482,0.7152560167014599,-1.079121744260192,0.022098636776328482,28,-6.3109904527664185,0.07429453184526752,-22.320041181519628,7.456474095582962,0.0008232557753361182,1.802785661964465,-0.2812654413282871,30.23635697364807,-221.43944464623928,-851.6629977151752,1.5
70,7667.845822274685,16263.978219032288,1320.8039803430438,3.4887086413800725,3.7501761585474007,-3.123201940208674,2.943065509200096,-5.960745222866536,2.691511854529381,2.472318872809411,10.735723543167115,healthy,124,True,0.6009106825997846,land,-6.440261844545603,-1.3039301615208387,healthy_y1.5,0.00033439381847160787,5.053958967328072,-16.96453015320003,8.369737397879362,0.005303442867626808,29,0.8395515847951174,0.017533212970913703,-14.280708692967892,-9.306472107768059,0.0001592624551538723,1.802732047799354,22.92215509340167,32.46439838409424,823.8788226619363,-435.16490310430527,1.5
49,19902.97653608024,6620.287395492196,728.1649900600314,-1.167203150689602,-8.483002254366877,3.514535777270795,-10.753876706957818,1.5731524676084518,-0.28097048699855875,-1.6273822635412216,-7.252800250053407,healthy,100,True,0.6009414214766521,land,24.33147905394435,24.850782565772533,healthy_y1.5,0.003335816582349763,-4.834990352392197,15.658260276541114,-17.158270068466663,0.11196662543450571,30,-13.736859941855073,0.18551604151818982,5.807360270991921,5.249503701925278,0.0021717735304922965,1.8028242644299564,7.599622253328562,17.172484874725342,-809.0183487161994,448.5162153840065,1.5
41,12328.61633643508,4039.5003389567137,517.0461701229215,-5.972278933972121,-12.269579207897188,-5.045464541763068,13.037693381309513,1.4353925585746765,-6.33327392935753,5.644176810979844,-4.914961874485016,healthy,51,True,0.6040378076763725,land,-19.164160266518593,-7.107778592035174,healthy_y1.5,0.03163864919161363,12.87695199251175,-19.4144144654274,-23.582859430462122,0.6613486136888634,31,11.312683206051588,1.8035672143601995,1.858876501210034,1.2265525460243225,0.032665537419378804,1.8121134230291174,-1.1655322145670652,11.027402877807617,-667.6656553521752,-173.7202288582921,1.5
64,20453.08298267424,13703.275879770517,1110.8983116224408,2.151105388998986,0.8025150060653683,4.6860604137182245,-6.116278070211411,-3.010476373136044,5.157540428638459,-5.174055755138398,5.922892248630525,healthy,137,True,0.6009145717083842,land,12.19823881983757,18.35113186389208,healthy_y1.5,0.00039720282301913915,-16.992389634251595,19.841753039509058,1.1210182681679726,0.006733050618443146,32,-24.20846540480852,0.02079713563130977,-10.333694037981331,-8.40791268646717,0.00018814644815542554,1.8027437151251529,16.218497479334474,29.69152045249939,624.6551832184196,187.17453461140394,1.5
44,7323.295364901423,11725.070190280676,591.0008524544537,-2.960675653070212,-3.695807245373727,2.083216018974782,5.592300090193749,-1.1639256700873375,10.113722142577174,0.7010002322494984,13.04267325103283,healthy,78,True,0.6009088438497906,land,14.869837975129485,-22.763466089963913,healthy_y1.5,0.002068432612403143,-22.990580424666405,10.56281286291778,17.165024438872933,0.039760682668851674,33,-5.84132862277329,0.10940157994214289,-4.008644060231745,-3.1731102615594864,0.0010149663514860449,1.8027265315493717,24.100425692275167,15.912684440612793,370.1887182891369,-650.1487199217081,1.5
67,15328.511490523815,21357.640474662185,1183.2366828806698,5.1390844881534585,8.427040323615074,-1.6955501921474934,-13.055064412951472,3.302222192287446,-8.601698049902918,-1.1714860908687115,-12.260209634900095,healthy,230,True,0.600909395132726,land,-3.1803651247173548,2.5619360152632,healthy_y1.5,0.0004966845826019272,27.11550161242485,-9.549534833058715,-8.375059487298131,0.008753429686797671,34,18.7386489007622,0.02602329665690991,-17.517072982154787,11.004933714866638,0.000235652604758349,1.802728185398178,6.421322027221322,43.17311954498291,-355.23930564522743,663.4941514581442,1.5
47,22328.18064287305,5974.281185418367,681.5406174398959,-1.6187670081853867,-14.376739025115969,-5.753404028713704,11.998793148994448,-4.796805549412967,0.6960002213716514,2.1289556957781324,4.729144656658175,healthy,116,True,0.600904612484492,land,20.40802938863635,-9.403406688943505,healthy_y1.5,0.0004920455195583642,18.782985135912895,-7.016806863248348,-3.6386726424098015,0.01623093393826432,35,7.61060263030231,0.02644417827853835,-8.964815214276314,-0.3004319965839386,0.00026706872879023793,1.802713837453476,10.821943660266697,19.279107570648193,-267.5803665071726,-312.59431801736355,1.5
69,10448.555554822087,15603.003060147166,1223.8208175636828,5.250706840306521,2.4719795107841485,5.386153366416694,-5.298918002843857,2.6694799549877652,-2.220219996571542,-2.783828850835562,-5.975224292278291,healthy,74,True,0.6009111074833003,land,-10.174246225506067,14.395353477448225,healthy_y1.5,0.0001285224453007672,-11.035020649433136,7.248849701136351,21.803731378167868,0.002056836525561243,36,-19.712906843051314,0.006722922024020528,4.870471702888608,8.208291605114937,6.062813709661184e-05,1.8027333224499011,20.21365210134536,24.299469232559204,226.25607512891293,326.04876793920994,1.5
61,5403.085619807243,18227.33062312007,1020.9001062437892,2.2621733285486707,9.922508856654169,-2.493943423032761,-12.297469970583919,-2.9401854760944848,12.832846158742907,-3.6561961323022847,12.29233386218548,healthy,112,True,0.6009052896504506,land,5.1113075111061335,4.953426448628306,healthy_y1.5,0.000783634895150748,21.224123015999794,-21.959716035053134,-12.694247951731086,0.012867494833855485,37,12.681209482252598,0.041115668538265836,-6.471205148845911,-11.556108087301254,0.0003706101488961314,1.8027158689513518,3.1978269638493657,25.130816221237183,-523.8115472719073,749.6201729401946,1.5
70,12913.448968604207,20706.54801517725,1360.8512761071324,4.115590743720532,14.205173403024677,0.9574084393680096,7.338603901863099,-0.07800287380814552,8.116343691945076,1.0841007828712463,0.7363070100545883,healthy,179,True,0.6009088942643099,land,-0.9082040283828974,-12.894184421747923,healthy_y1.5,0.0006709924819163285,-31.766144409775734,13.112109247595072,-21.796930627897382,0.010878475923477819,38,-12.368333665654063,0.03516455794834383,-2.7622711891308427,-6.155288457870483,0.000319532638361531,1.8027266827929298,3.7139815045520663,37.93373775482178,-727.8689162805676,-547.6094149053097,1.5
53,4552.1855445206165,11069.18113000691,819.2416103556752,-0.24753614142537117,-2.302116876840591,-1.3224677368998528,-0.5086506307125092,4.456032279878856,-10.542814376950265,-0.054410845041275024,-2.8819815784692775,healthy,91,True,0.6009065108877341,land,17.343730991706252,11.637756181880832,healthy_y1.5,0.0010973051613796293,38.420665860176086,-13.63709643483162,3.6334919277578592,0.017474643922814115,39,24.470649799332023,0.05744092207543563,-23.14298482146114,1.9755033105611801,0.0005190989667651642,1.8027195326632022,27.321643638424575,22.661790132522583,686.6198373958468,561.0714890062809,1.5
55,17988.634710907936,13044.72309269011,883.7359686382115,1.1039853170514107,5.800206854939461,-3.9256780296564107,0.3854255765676502,0.3695538081228733,-4.6726256847381595,4.581388045102359,-10.6684232711792,healthy,93,True,0.6009144310391328,land,8.321040868759155,-3.6959747318178415,healthy_y1.5,0.0002109360334343671,1.5673728287220001,-4.3582511600106955,12.650777958333492,0.003413592667752187,40,5.335206165909767,0.011055511175985591,9.91148826200515,10.256081745028496,0.00010007128487053093,1.8027432931173983,19.698567460291088,20.84774684906006,97.28994369506836,-64.21820428222418,1.5
34,9587.107338532805,3395.9358030557632,342.6500369794667,-3.235524538904429,-10.095337638258936,4.307689402252437,-7.967776939272881,-4.18439406529069,6.761926764249804,-5.6114456467330465,7.397336554527286,healthy,92,False,4.570687925661956,gate_miss,-23.230120167136192,20.993900205940008,healthy_y1.5,0.5697351712681338,-8.231330439448357,3.247325448319316,-12.065462488681078,4.836819865065473,41,-17.43903672322631,27.424127553971736,-14.006765787489712,-5.425612986087799,0.15507000264077064,4.12482492954963,-4.131659862585366,12.721465587615967,-84.09505784511566,77.56969425827265,1.5
70,16149.521132409573,7521.703257411718,1238.4309377521276,-5.455043926835061,11.545185068249705,-3.5042988695204262,-4.3462434142827995,2.474756721407176,3.510852652788163,3.560406558215619,14.185972005128864,healthy,53,True,0.600910559233207,land,9.56645030528307,6.989066489040852,healthy_y1.5,3.956542762485968e-05,-14.715143963694572,4.948598751798272,-22.403876250609756,0.0007177956142643663,42,3.6655712872743607,0.002072855570393752,-4.478238048031926,5.707261651754379,1.8783859066831295e-05,1.802731677699621,26.706341959536076,21.320659160614014,-24.30139370262623,-6.207999587059021,1.5
46,6524.3772833794355,17812.882407531142,662.3294349759817,1.820191640406847,-1.4262533515691764,3.121754430234433,11.14982976615429,-4.988782826811076,-1.1983089566230767,-4.4057151451706895,-10.918401235342028,healthy,115,True,0.6009222160145126,land,-21.203854121267796,-17.64662633650005,healthy_y1.5,0.0010778014245992362,15.080889016389847,-6.181424157693982,3.06922416202724,0.0397029492964121,43,-15.794224198907614,0.06552498697191392,-17.18566594645381,-9.78327302634716,0.0008902138745704984,1.8027666480435378,4.903366833925247,17.025047063827515,37.55262605845928,19.559338688850403,1.5
61,21234.473910704255,5085.463097020984,1036.3176955841482,-2.4430787265300755,4.87515204548836,0.6126603484153748,-11.357429605722428,-2.3673297800123696,-14.242131105065347,2.8784747086465368,-4.306586953997613,healthy,182,True,0.6010108604491221,land,-6.010510446503758,22.48572283424437,healthy_y1.5,0.0010838321186737658,24.906672835350037,-14.871232490986586,18.341999035328627,0.06767117089163226,44,-10.698758391663432,0.06627537225019439,2.8775006905198097,-1.5166106075048447,0.001349454638466763,1.8030325813473664,-3.7157439962029457,34.711374282836914,739.3274607136846,-479.0521977469325,1.5
52,19081.050634905696,12866.224575042725,799.7620637528598,0.05198802798986435,-11.594555202126504,1.6911386623978615,-1.4899989455938343,3.9005952961742887,9.140560680627825,5.331822495907546,9.292717328667642,healthy,146,True,0.6009090968345836,land,-17.994406772777438,15.998186031356454,healthy_y1.5,0.00033992161043807197,37.08429075777531,-23.749847197905183,-3.0379259027540684,0.021006380572209382,45,-2.2222393192350864,0.020552289320848603,-15.98290994297713,11.85819947719574,0.00028132124912885493,1.8027272905037508,21.403004115447402,25.359933376312256,-471.0494013503194,-685.2972317487001,1.5
70,8467.699465453625,2586.166039481759,1376.2668575160205,-3.9170958884060387,1.4775460928678523,-2.0758744664490227,8.156475922465326,-0.6358196027576923,-7.725656211376191,-4.861697126179934,-8.725565251708032,healthy,120,True,0.6009138176060387,land,0.05722087807953358,-7.904317602515221,healthy_y1.5,4.148643416165258e-05,-33.124492317438126,24.884991766884923,22.374007292091846,0.0008519822279706594,46,14.35088012367487,0.0021699724773464827,7.644811156205833,-4.010262742638588,1.9755699467908537e-05,1.802741452818116,10.206608666107059,29.021345376968384,484.2108367010951,698.6426901072264,1.5
33,14006.549485772848,20371.15837879479,323.4408460557461,3.0634082928299913,-4.8208383321762085,-4.675788816064597,-8.933634477853776,-4.007409978657962,-5.46426285803318,0.3343522623181343,-1.211598283052444,healthy,65,True,0.6012074217102589,land,22.287965659052134,0.19678305834531784,healthy_y1.5,0.0275184688378882,-6.892537176609039,8.77330880612135,6.41008079983294,0.875724345402894,47,9.255319787189364,1.5088929268810087,-21.16683675441891,-7.752389386296272,0.017622846552994353,1.8036222651307765,1.2934633996337652,10.53971552848816,285.99435836076736,-265.13244677335024,1.5
